filename,source,split,relative_path
coco2017_03581f2bf42909ad01cc.jpg,coco2017,test,images/coco2017_03581f2bf42909ad01cc.jpg
coco2017_03a81f1fccd99af64a6c.jpg,coco2017,test,images/coco2017_03a81f1fccd99af64a6c.jpg
coco2017_0c9894ea21d9b0341397.jpg,coco2017,test,images/coco2017_0c9894ea21d9b0341397.jpg
coco2017_0cb36a7526db24f7d1d2.jpg,coco2017,test,images/coco2017_0cb36a7526db24f7d1d2.jpg
coco2017_0db10ca31157e1303e3a.jpg,coco2017,test,images/coco2017_0db10ca31157e1303e3a.jpg
coco2017_107f3dbd163c20cc1371.jpg,coco2017,test,images/coco2017_107f3dbd163c20cc1371.jpg
coco2017_15b22fa3187468cb939c.jpg,coco2017,test,images/coco2017_15b22fa3187468cb939c.jpg
coco2017_1898680b8b7e31d8c401.jpg,coco2017,test,images/coco2017_1898680b8b7e31d8c401.jpg
coco2017_1abf0e0bd86b4588c33a.jpg,coco2017,test,images/coco2017_1abf0e0bd86b4588c33a.jpg
coco2017_1ad9a3fd9905c1abf5cc.jpg,coco2017,test,images/coco2017_1ad9a3fd9905c1abf5cc.jpg
coco2017_1dd3af31c9b12ed04357.jpg,coco2017,test,images/coco2017_1dd3af31c9b12ed04357.jpg
coco2017_1fe3db61ce41ccc54aa2.jpg,coco2017,test,images/coco2017_1fe3db61ce41ccc54aa2.jpg
coco2017_228b79e578dda59ae661.jpg,coco2017,test,images/coco2017_228b79e578dda59ae661.jpg
coco2017_23954e05c0ca9411a02d.jpg,coco2017,test,images/coco2017_23954e05c0ca9411a02d.jpg
coco2017_2e21ee854b0c78cb3b30.jpg,coco2017,test,images/coco2017_2e21ee854b0c78cb3b30.jpg
coco2017_2f6d8393fe873bf6f5d6.jpg,coco2017,test,images/coco2017_2f6d8393fe873bf6f5d6.jpg
coco2017_31b620f0e0cfb5a9abee.jpg,coco2017,test,images/coco2017_31b620f0e0cfb5a9abee.jpg
coco2017_32913a46a1f1db3bcc26.jpg,coco2017,test,images/coco2017_32913a46a1f1db3bcc26.jpg
coco2017_32e8c02909ce204d24df.jpg,coco2017,test,images/coco2017_32e8c02909ce204d24df.jpg
coco2017_33a55f27776b2b49340e.jpg,coco2017,test,images/coco2017_33a55f27776b2b49340e.jpg
coco2017_33bbf2ebe1b5a55e7aab.jpg,coco2017,test,images/coco2017_33bbf2ebe1b5a55e7aab.jpg
coco2017_3568c5c0dcc6876f43a9.jpg,coco2017,test,images/coco2017_3568c5c0dcc6876f43a9.jpg
coco2017_35f1cc48630029851e63.jpg,coco2017,test,images/coco2017_35f1cc48630029851e63.jpg
coco2017_3616ead746e113761b98.jpg,coco2017,test,images/coco2017_3616ead746e113761b98.jpg
coco2017_3a4d23d09e41b86f3911.jpg,coco2017,test,images/coco2017_3a4d23d09e41b86f3911.jpg
coco2017_3f29a5476862ca3d3aa7.jpg,coco2017,test,images/coco2017_3f29a5476862ca3d3aa7.jpg
coco2017_41d2dbc1f6b8d6e278e1.jpg,coco2017,test,images/coco2017_41d2dbc1f6b8d6e278e1.jpg
coco2017_43afd94247a140198ecc.jpg,coco2017,test,images/coco2017_43afd94247a140198ecc.jpg
coco2017_47d20bf4df28f07c65ef.jpg,coco2017,test,images/coco2017_47d20bf4df28f07c65ef.jpg
coco2017_49ba5179b49e22bf4ed9.jpg,coco2017,test,images/coco2017_49ba5179b49e22bf4ed9.jpg
coco2017_4c95169474c9c63751fc.jpg,coco2017,test,images/coco2017_4c95169474c9c63751fc.jpg
coco2017_50a7a4c39e94e4ff57d8.jpg,coco2017,test,images/coco2017_50a7a4c39e94e4ff57d8.jpg
coco2017_527c48c879b818df3451.jpg,coco2017,test,images/coco2017_527c48c879b818df3451.jpg
coco2017_571420a11f1c0663a309.jpg,coco2017,test,images/coco2017_571420a11f1c0663a309.jpg
coco2017_5c2d7bd549d2119117b7.jpg,coco2017,test,images/coco2017_5c2d7bd549d2119117b7.jpg
coco2017_5f27b90df12554bdf302.jpg,coco2017,test,images/coco2017_5f27b90df12554bdf302.jpg
coco2017_5fb5880c3a040dc809ee.jpg,coco2017,test,images/coco2017_5fb5880c3a040dc809ee.jpg
coco2017_6e90ccba07130a2aa54b.jpg,coco2017,test,images/coco2017_6e90ccba07130a2aa54b.jpg
coco2017_726191d325618af1fae3.jpg,coco2017,test,images/coco2017_726191d325618af1fae3.jpg
coco2017_76ed21c068197583801e.jpg,coco2017,test,images/coco2017_76ed21c068197583801e.jpg
coco2017_7cab6185d2894cc75554.jpg,coco2017,test,images/coco2017_7cab6185d2894cc75554.jpg
coco2017_7daf6430450b206d24bd.jpg,coco2017,test,images/coco2017_7daf6430450b206d24bd.jpg
coco2017_7fa34041b142d9c20fe8.jpg,coco2017,test,images/coco2017_7fa34041b142d9c20fe8.jpg
coco2017_839bab5f1ad820ee3066.jpg,coco2017,test,images/coco2017_839bab5f1ad820ee3066.jpg
coco2017_83e6b8273cc656a197f3.jpg,coco2017,test,images/coco2017_83e6b8273cc656a197f3.jpg
coco2017_8525b772541c5319a24c.jpg,coco2017,test,images/coco2017_8525b772541c5319a24c.jpg
coco2017_85416f845172101e8869.jpg,coco2017,test,images/coco2017_85416f845172101e8869.jpg
coco2017_860d4541ca504ace2b2f.jpg,coco2017,test,images/coco2017_860d4541ca504ace2b2f.jpg
coco2017_87835fd9d35314c9a664.jpg,coco2017,test,images/coco2017_87835fd9d35314c9a664.jpg
coco2017_88a6ea4f5f3a2eeac0c2.jpg,coco2017,test,images/coco2017_88a6ea4f5f3a2eeac0c2.jpg
coco2017_88b3cbc247dff874389d.jpg,coco2017,test,images/coco2017_88b3cbc247dff874389d.jpg
coco2017_8b2a509b727f94f03227.jpg,coco2017,test,images/coco2017_8b2a509b727f94f03227.jpg
coco2017_8c5b0800b8d9bebb9621.jpg,coco2017,test,images/coco2017_8c5b0800b8d9bebb9621.jpg
coco2017_916ad140c775f297c109.jpg,coco2017,test,images/coco2017_916ad140c775f297c109.jpg
coco2017_91d1b33e854ee16ce252.jpg,coco2017,test,images/coco2017_91d1b33e854ee16ce252.jpg
coco2017_9437529172a6812b6ad2.jpg,coco2017,test,images/coco2017_9437529172a6812b6ad2.jpg
coco2017_95b3818e15a8ff12f304.jpg,coco2017,test,images/coco2017_95b3818e15a8ff12f304.jpg
coco2017_9fcbad7ee37d61098b5c.jpg,coco2017,test,images/coco2017_9fcbad7ee37d61098b5c.jpg
coco2017_a1cbb0d4ec2d0c488e9f.jpg,coco2017,test,images/coco2017_a1cbb0d4ec2d0c488e9f.jpg
coco2017_a2aa407d30deb774beb6.jpg,coco2017,test,images/coco2017_a2aa407d30deb774beb6.jpg
coco2017_a2fd9bba443a8fdda395.jpg,coco2017,test,images/coco2017_a2fd9bba443a8fdda395.jpg
coco2017_a6283e6a76c5b9258180.jpg,coco2017,test,images/coco2017_a6283e6a76c5b9258180.jpg
coco2017_aa297692ed80c2539d23.jpg,coco2017,test,images/coco2017_aa297692ed80c2539d23.jpg
coco2017_abade429d12b97abe8d8.jpg,coco2017,test,images/coco2017_abade429d12b97abe8d8.jpg
coco2017_aee12f9e6743f6f980a2.jpg,coco2017,test,images/coco2017_aee12f9e6743f6f980a2.jpg
coco2017_afedf309e028baffeeb4.jpg,coco2017,test,images/coco2017_afedf309e028baffeeb4.jpg
coco2017_b5804439a38fd105888b.jpg,coco2017,test,images/coco2017_b5804439a38fd105888b.jpg
coco2017_b61df19effc3d84e002f.jpg,coco2017,test,images/coco2017_b61df19effc3d84e002f.jpg
coco2017_b7b20db878cd48f6fb3f.jpg,coco2017,test,images/coco2017_b7b20db878cd48f6fb3f.jpg
coco2017_b8b73ebc176e38e0b7e3.jpg,coco2017,test,images/coco2017_b8b73ebc176e38e0b7e3.jpg
coco2017_bc698bd1a01c3f69124f.jpg,coco2017,test,images/coco2017_bc698bd1a01c3f69124f.jpg
coco2017_bf9d8f14fbe8b74e9fbf.jpg,coco2017,test,images/coco2017_bf9d8f14fbe8b74e9fbf.jpg
coco2017_c624b26c76ddd6f0f665.jpg,coco2017,test,images/coco2017_c624b26c76ddd6f0f665.jpg
coco2017_c99ab920266eb9f35842.jpg,coco2017,test,images/coco2017_c99ab920266eb9f35842.jpg
coco2017_caa6200037b501512d40.jpg,coco2017,test,images/coco2017_caa6200037b501512d40.jpg
coco2017_cebc97aaa6f03868ecad.jpg,coco2017,test,images/coco2017_cebc97aaa6f03868ecad.jpg
coco2017_cebce358be07ef8c5ee7.jpg,coco2017,test,images/coco2017_cebce358be07ef8c5ee7.jpg
coco2017_d4310a1040696d940405.jpg,coco2017,test,images/coco2017_d4310a1040696d940405.jpg
coco2017_d74fbe2943e2de2e67b2.jpg,coco2017,test,images/coco2017_d74fbe2943e2de2e67b2.jpg
coco2017_dababbdc2ad847790618.jpg,coco2017,test,images/coco2017_dababbdc2ad847790618.jpg
coco2017_db446757fa34918a098c.jpg,coco2017,test,images/coco2017_db446757fa34918a098c.jpg
coco2017_dd9b6b221f2cbbbb69d8.jpg,coco2017,test,images/coco2017_dd9b6b221f2cbbbb69d8.jpg
coco2017_ded28fde55dcb6d7b66d.jpg,coco2017,test,images/coco2017_ded28fde55dcb6d7b66d.jpg
coco2017_e00caeaac7ddcd0780bc.jpg,coco2017,test,images/coco2017_e00caeaac7ddcd0780bc.jpg
coco2017_e0167bd5a2b76b95493e.jpg,coco2017,test,images/coco2017_e0167bd5a2b76b95493e.jpg
coco2017_e09535fb5fa48fc293ad.jpg,coco2017,test,images/coco2017_e09535fb5fa48fc293ad.jpg
coco2017_e171addd7a285ea923fd.jpg,coco2017,test,images/coco2017_e171addd7a285ea923fd.jpg
coco2017_e576cb6a0bdab55c2935.jpg,coco2017,test,images/coco2017_e576cb6a0bdab55c2935.jpg
coco2017_ea5c82e01966d21d5700.jpg,coco2017,test,images/coco2017_ea5c82e01966d21d5700.jpg
coco2017_ef1b61b35ac3aa2af9d9.jpg,coco2017,test,images/coco2017_ef1b61b35ac3aa2af9d9.jpg
coco2017_f0ca4fd88c0426b6eeb5.jpg,coco2017,test,images/coco2017_f0ca4fd88c0426b6eeb5.jpg
coco2017_f1873ff6ab2ca09dfbfe.jpg,coco2017,test,images/coco2017_f1873ff6ab2ca09dfbfe.jpg
coco2017_f1fc2a42fb4542d43e7f.jpg,coco2017,test,images/coco2017_f1fc2a42fb4542d43e7f.jpg
coco2017_f6415c062d85af9036cb.jpg,coco2017,test,images/coco2017_f6415c062d85af9036cb.jpg
coco2017_f712b0e164e4368a96a2.jpg,coco2017,test,images/coco2017_f712b0e164e4368a96a2.jpg
coco2017_f8b437059845ac4892ab.jpg,coco2017,test,images/coco2017_f8b437059845ac4892ab.jpg
coco2017_f9a2d35419198a4f5c4e.jpg,coco2017,test,images/coco2017_f9a2d35419198a4f5c4e.jpg
coco2017_fac9095331e75a60c3e5.jpg,coco2017,test,images/coco2017_fac9095331e75a60c3e5.jpg
coco2017_fe1004ae3d738efc4952.jpg,coco2017,test,images/coco2017_fe1004ae3d738efc4952.jpg
coco2017_ffff8b8fbf8cc4e55a2f.jpg,coco2017,test,images/coco2017_ffff8b8fbf8cc4e55a2f.jpg
lvis_015d96da8750a0aae185.jpg,lvis,test,images/lvis_015d96da8750a0aae185.jpg
lvis_01976086d49f3062b62b.jpg,lvis,test,images/lvis_01976086d49f3062b62b.jpg
lvis_05bdbc7a3b4146c1dbe9.jpg,lvis,test,images/lvis_05bdbc7a3b4146c1dbe9.jpg
lvis_0968c1244bdaad7715a9.jpg,lvis,test,images/lvis_0968c1244bdaad7715a9.jpg
lvis_0a393ac63bf86a152bb0.jpg,lvis,test,images/lvis_0a393ac63bf86a152bb0.jpg
lvis_0b7a5896122f0d17d6b2.jpg,lvis,test,images/lvis_0b7a5896122f0d17d6b2.jpg
lvis_0dd59fffba4074b919ef.jpg,lvis,test,images/lvis_0dd59fffba4074b919ef.jpg
lvis_151b65e26b393f272093.jpg,lvis,test,images/lvis_151b65e26b393f272093.jpg
lvis_17a1e3efaee6127ab30c.jpg,lvis,test,images/lvis_17a1e3efaee6127ab30c.jpg
lvis_18a9ee83f542bc02096b.jpg,lvis,test,images/lvis_18a9ee83f542bc02096b.jpg
lvis_196baea3c7227cb7147f.jpg,lvis,test,images/lvis_196baea3c7227cb7147f.jpg
lvis_19ad1165f9be261f1560.jpg,lvis,test,images/lvis_19ad1165f9be261f1560.jpg
lvis_1ba9d22bcc86372f6a54.jpg,lvis,test,images/lvis_1ba9d22bcc86372f6a54.jpg
lvis_1fc81c13495856c80679.jpg,lvis,test,images/lvis_1fc81c13495856c80679.jpg
lvis_204d8edff12f4447d596.jpg,lvis,test,images/lvis_204d8edff12f4447d596.jpg
lvis_22514940c47c09ef1829.jpg,lvis,test,images/lvis_22514940c47c09ef1829.jpg
lvis_23de48811d1af7b1618d.jpg,lvis,test,images/lvis_23de48811d1af7b1618d.jpg
lvis_27c947dacdf555df453a.jpg,lvis,test,images/lvis_27c947dacdf555df453a.jpg
lvis_36d148e8d3433dbc09ca.jpg,lvis,test,images/lvis_36d148e8d3433dbc09ca.jpg
lvis_3704c96ab4e29e76d91d.jpg,lvis,test,images/lvis_3704c96ab4e29e76d91d.jpg
lvis_372aca4c64b2c9af9ae7.jpg,lvis,test,images/lvis_372aca4c64b2c9af9ae7.jpg
lvis_376c5d1312140c25d2a7.jpg,lvis,test,images/lvis_376c5d1312140c25d2a7.jpg
lvis_3e6752a58200c4913f1e.jpg,lvis,test,images/lvis_3e6752a58200c4913f1e.jpg
lvis_4138300fa172b716570e.jpg,lvis,test,images/lvis_4138300fa172b716570e.jpg
lvis_418c09c44c7fa0cc423a.jpg,lvis,test,images/lvis_418c09c44c7fa0cc423a.jpg
lvis_42ff085632f796480380.jpg,lvis,test,images/lvis_42ff085632f796480380.jpg
lvis_4de0708453193a94531a.jpg,lvis,test,images/lvis_4de0708453193a94531a.jpg
lvis_511d7c72bc6179b849fa.jpg,lvis,test,images/lvis_511d7c72bc6179b849fa.jpg
lvis_513102bea34d1a1e70d0.jpg,lvis,test,images/lvis_513102bea34d1a1e70d0.jpg
lvis_55f32543475ebfe9f5d6.jpg,lvis,test,images/lvis_55f32543475ebfe9f5d6.jpg
lvis_58e721cc47f3165153db.jpg,lvis,test,images/lvis_58e721cc47f3165153db.jpg
lvis_5c20113407c76e745868.jpg,lvis,test,images/lvis_5c20113407c76e745868.jpg
lvis_5ec2cb132f2b3dcbe21b.jpg,lvis,test,images/lvis_5ec2cb132f2b3dcbe21b.jpg
lvis_5efe0db7f134f44dc104.jpg,lvis,test,images/lvis_5efe0db7f134f44dc104.jpg
lvis_62b42a52cbb3db755763.jpg,lvis,test,images/lvis_62b42a52cbb3db755763.jpg
lvis_643f8d5650cc004926a8.jpg,lvis,test,images/lvis_643f8d5650cc004926a8.jpg
lvis_65f325bb71c59a25eb04.jpg,lvis,test,images/lvis_65f325bb71c59a25eb04.jpg
lvis_66080463354dfda56187.jpg,lvis,test,images/lvis_66080463354dfda56187.jpg
lvis_692248852e466a5012ad.jpg,lvis,test,images/lvis_692248852e466a5012ad.jpg
lvis_69b3cc092cd58a3a6241.jpg,lvis,test,images/lvis_69b3cc092cd58a3a6241.jpg
lvis_6b3ab78e67148e60e5c2.jpg,lvis,test,images/lvis_6b3ab78e67148e60e5c2.jpg
lvis_6c3bd942bfd50b45c332.jpg,lvis,test,images/lvis_6c3bd942bfd50b45c332.jpg
lvis_7145373622827f8b0f2b.jpg,lvis,test,images/lvis_7145373622827f8b0f2b.jpg
lvis_745767ca4d88369e4aa5.jpg,lvis,test,images/lvis_745767ca4d88369e4aa5.jpg
lvis_76a55edca58e3277a693.jpg,lvis,test,images/lvis_76a55edca58e3277a693.jpg
lvis_775eb0982f47fd28747f.jpg,lvis,test,images/lvis_775eb0982f47fd28747f.jpg
lvis_7a68c2dbd23e4aa2a8f2.jpg,lvis,test,images/lvis_7a68c2dbd23e4aa2a8f2.jpg
lvis_7cec8b75352ca71687f0.jpg,lvis,test,images/lvis_7cec8b75352ca71687f0.jpg
lvis_80b5e452887b325f2d51.jpg,lvis,test,images/lvis_80b5e452887b325f2d51.jpg
lvis_8126953a3b3939ad3538.jpg,lvis,test,images/lvis_8126953a3b3939ad3538.jpg
lvis_81a408fd43e334558c59.jpg,lvis,test,images/lvis_81a408fd43e334558c59.jpg
lvis_8261a8b1dc05a2948c25.jpg,lvis,test,images/lvis_8261a8b1dc05a2948c25.jpg
lvis_82c15d939c68c52c82f4.jpg,lvis,test,images/lvis_82c15d939c68c52c82f4.jpg
lvis_843d77bad7c3b41a2ead.jpg,lvis,test,images/lvis_843d77bad7c3b41a2ead.jpg
lvis_86404acf16d1c3e57b8c.jpg,lvis,test,images/lvis_86404acf16d1c3e57b8c.jpg
lvis_8768c80a349bc4ad9b3f.jpg,lvis,test,images/lvis_8768c80a349bc4ad9b3f.jpg
lvis_877d7dbb12c7bb6c4b88.jpg,lvis,test,images/lvis_877d7dbb12c7bb6c4b88.jpg
lvis_8b10a7496826e6618ef7.jpg,lvis,test,images/lvis_8b10a7496826e6618ef7.jpg
lvis_8e0e96a5772559682d61.jpg,lvis,test,images/lvis_8e0e96a5772559682d61.jpg
lvis_9091a51efca311c09e93.jpg,lvis,test,images/lvis_9091a51efca311c09e93.jpg
lvis_9364a2fb7bb0076a094a.jpg,lvis,test,images/lvis_9364a2fb7bb0076a094a.jpg
lvis_94e19eb9a5f767f91aad.jpg,lvis,test,images/lvis_94e19eb9a5f767f91aad.jpg
lvis_9ecc3ea5693d1ebdfc12.jpg,lvis,test,images/lvis_9ecc3ea5693d1ebdfc12.jpg
lvis_a18de48fc6253fc568e4.jpg,lvis,test,images/lvis_a18de48fc6253fc568e4.jpg
lvis_a4b02f8f2d21ee7ac572.jpg,lvis,test,images/lvis_a4b02f8f2d21ee7ac572.jpg
lvis_a6621cde6c3ae1d39f2c.jpg,lvis,test,images/lvis_a6621cde6c3ae1d39f2c.jpg
lvis_a6c4f6befaea70c2c715.jpg,lvis,test,images/lvis_a6c4f6befaea70c2c715.jpg
lvis_a97d08f9f4d5244934e4.jpg,lvis,test,images/lvis_a97d08f9f4d5244934e4.jpg
lvis_aeef447ab63a1fecfe09.jpg,lvis,test,images/lvis_aeef447ab63a1fecfe09.jpg
lvis_b2909f00273d6ca2e4da.jpg,lvis,test,images/lvis_b2909f00273d6ca2e4da.jpg
lvis_b3b75e4a3ad7dd8b2116.jpg,lvis,test,images/lvis_b3b75e4a3ad7dd8b2116.jpg
lvis_b461c1e1cdc4b1944dd1.jpg,lvis,test,images/lvis_b461c1e1cdc4b1944dd1.jpg
lvis_b8f9a027fa3d5b4910f1.jpg,lvis,test,images/lvis_b8f9a027fa3d5b4910f1.jpg
lvis_bc025a048d6886458140.jpg,lvis,test,images/lvis_bc025a048d6886458140.jpg
lvis_be8a9f23e8989ed330ac.jpg,lvis,test,images/lvis_be8a9f23e8989ed330ac.jpg
lvis_c077592a17c877b5cae4.jpg,lvis,test,images/lvis_c077592a17c877b5cae4.jpg
lvis_c0e579a13e04e1d1bcad.jpg,lvis,test,images/lvis_c0e579a13e04e1d1bcad.jpg
lvis_c2f06d76299c55495279.jpg,lvis,test,images/lvis_c2f06d76299c55495279.jpg
lvis_c426c6ca108f650d64e0.jpg,lvis,test,images/lvis_c426c6ca108f650d64e0.jpg
lvis_c9b48b4b5dd2681a112f.jpg,lvis,test,images/lvis_c9b48b4b5dd2681a112f.jpg
lvis_cd6e48e01a51831664b8.jpg,lvis,test,images/lvis_cd6e48e01a51831664b8.jpg
lvis_cef8b275ab17f31aa47c.jpg,lvis,test,images/lvis_cef8b275ab17f31aa47c.jpg
lvis_d09da213d5fc243935c8.jpg,lvis,test,images/lvis_d09da213d5fc243935c8.jpg
lvis_d421d7d86003fdcd617c.jpg,lvis,test,images/lvis_d421d7d86003fdcd617c.jpg
lvis_d5198777fd29d9c40d96.jpg,lvis,test,images/lvis_d5198777fd29d9c40d96.jpg
lvis_d539a7ef8a86c9494160.jpg,lvis,test,images/lvis_d539a7ef8a86c9494160.jpg
lvis_d89a498fbdd97d6a6c75.jpg,lvis,test,images/lvis_d89a498fbdd97d6a6c75.jpg
lvis_dc6709cee142f8277a13.jpg,lvis,test,images/lvis_dc6709cee142f8277a13.jpg
lvis_e0cd73f863062fde4d97.jpg,lvis,test,images/lvis_e0cd73f863062fde4d97.jpg
lvis_e2630f0dc3da413aa3be.jpg,lvis,test,images/lvis_e2630f0dc3da413aa3be.jpg
lvis_e41ad8e2b0d263439073.jpg,lvis,test,images/lvis_e41ad8e2b0d263439073.jpg
lvis_e643cdd72e97fba8bb91.jpg,lvis,test,images/lvis_e643cdd72e97fba8bb91.jpg
lvis_e6a136cad0e9cf733480.jpg,lvis,test,images/lvis_e6a136cad0e9cf733480.jpg
lvis_ebc0990d81304daae29c.jpg,lvis,test,images/lvis_ebc0990d81304daae29c.jpg
lvis_ec94f6b3d9c74c01e849.jpg,lvis,test,images/lvis_ec94f6b3d9c74c01e849.jpg
lvis_f2d66526a62901bb792c.jpg,lvis,test,images/lvis_f2d66526a62901bb792c.jpg
lvis_f5b99345d5f59de61008.jpg,lvis,test,images/lvis_f5b99345d5f59de61008.jpg
lvis_f84f11b7d6f5a7dc97e5.jpg,lvis,test,images/lvis_f84f11b7d6f5a7dc97e5.jpg
lvis_f9409853741a168b32bd.jpg,lvis,test,images/lvis_f9409853741a168b32bd.jpg
lvis_fc1a7c6ed41f7e8b59e7.jpg,lvis,test,images/lvis_fc1a7c6ed41f7e8b59e7.jpg
openimages_000f5d0229ea639e9095.jpg,openimages,test,images/openimages_000f5d0229ea639e9095.jpg
openimages_06bbefbaaa699ee7000d.jpg,openimages,test,images/openimages_06bbefbaaa699ee7000d.jpg
openimages_0d8664ba5e0a69740086.jpg,openimages,test,images/openimages_0d8664ba5e0a69740086.jpg
openimages_0e7da5bb93130b29b3fd.jpg,openimages,test,images/openimages_0e7da5bb93130b29b3fd.jpg
openimages_0fea1de296620fd7e6df.jpg,openimages,test,images/openimages_0fea1de296620fd7e6df.jpg
openimages_109b9860653bac82d473.jpg,openimages,test,images/openimages_109b9860653bac82d473.jpg
openimages_166654c332aa45623128.jpg,openimages,test,images/openimages_166654c332aa45623128.jpg
openimages_16785d5c6210f350c249.jpg,openimages,test,images/openimages_16785d5c6210f350c249.jpg
openimages_19fd0dd721ff60ccfb4d.jpg,openimages,test,images/openimages_19fd0dd721ff60ccfb4d.jpg
openimages_1a74966043ac95fa6e89.jpg,openimages,test,images/openimages_1a74966043ac95fa6e89.jpg
openimages_1c2d0b456c8347ed0b35.jpg,openimages,test,images/openimages_1c2d0b456c8347ed0b35.jpg
openimages_1d1e8915d24ab1d5be5a.jpg,openimages,test,images/openimages_1d1e8915d24ab1d5be5a.jpg
openimages_1f9b50a37b9062914011.jpg,openimages,test,images/openimages_1f9b50a37b9062914011.jpg
openimages_2061407335e75b190864.jpg,openimages,test,images/openimages_2061407335e75b190864.jpg
openimages_23bc88e5ab6db4d1a930.jpg,openimages,test,images/openimages_23bc88e5ab6db4d1a930.jpg
openimages_24a0acc8f09fa17adf42.jpg,openimages,test,images/openimages_24a0acc8f09fa17adf42.jpg
openimages_26005e16dc0fb82d81e6.jpg,openimages,test,images/openimages_26005e16dc0fb82d81e6.jpg
openimages_29d967e82b6e8ecd1199.jpg,openimages,test,images/openimages_29d967e82b6e8ecd1199.jpg
openimages_2fbcda3128c03b82bdf3.jpg,openimages,test,images/openimages_2fbcda3128c03b82bdf3.jpg
openimages_2fc6f9104b6dec874f8f.jpg,openimages,test,images/openimages_2fc6f9104b6dec874f8f.jpg
openimages_3546f3dfd0fca7bf59a3.jpg,openimages,test,images/openimages_3546f3dfd0fca7bf59a3.jpg
openimages_3d1bc7693b3bd08aa1eb.jpg,openimages,test,images/openimages_3d1bc7693b3bd08aa1eb.jpg
openimages_3f957c703991bdc36d73.jpg,openimages,test,images/openimages_3f957c703991bdc36d73.jpg
openimages_408e1d72c84516017edb.jpg,openimages,test,images/openimages_408e1d72c84516017edb.jpg
openimages_44d709674c0346c60d6d.jpg,openimages,test,images/openimages_44d709674c0346c60d6d.jpg
openimages_44f253e977d13abd94a6.jpg,openimages,test,images/openimages_44f253e977d13abd94a6.jpg
openimages_46d6374b33152d15ca34.jpg,openimages,test,images/openimages_46d6374b33152d15ca34.jpg
openimages_49db74528d4d58be7653.jpg,openimages,test,images/openimages_49db74528d4d58be7653.jpg
openimages_4a197cab25b4c4d475cb.jpg,openimages,test,images/openimages_4a197cab25b4c4d475cb.jpg
openimages_4bae53562ebba6ad05fd.jpg,openimages,test,images/openimages_4bae53562ebba6ad05fd.jpg
openimages_4fb3b04313bb07d2b0d3.jpg,openimages,test,images/openimages_4fb3b04313bb07d2b0d3.jpg
openimages_53be3bcfbfe275c462b5.jpg,openimages,test,images/openimages_53be3bcfbfe275c462b5.jpg
openimages_54f2cc7dac8aee7ba510.jpg,openimages,test,images/openimages_54f2cc7dac8aee7ba510.jpg
openimages_5507b7d6b579ba56d94e.jpg,openimages,test,images/openimages_5507b7d6b579ba56d94e.jpg
openimages_558c8c25376e81a34872.jpg,openimages,test,images/openimages_558c8c25376e81a34872.jpg
openimages_582c6099a9aa90b13be6.jpg,openimages,test,images/openimages_582c6099a9aa90b13be6.jpg
openimages_5e54aa4a0b8e833d0b53.jpg,openimages,test,images/openimages_5e54aa4a0b8e833d0b53.jpg
openimages_5ededab4e18a32ec6204.jpg,openimages,test,images/openimages_5ededab4e18a32ec6204.jpg
openimages_5feac6f539b1e5cb89b8.jpg,openimages,test,images/openimages_5feac6f539b1e5cb89b8.jpg
openimages_625e677c006bf764237c.jpg,openimages,test,images/openimages_625e677c006bf764237c.jpg
openimages_627fb0babcbd6f6d10f7.jpg,openimages,test,images/openimages_627fb0babcbd6f6d10f7.jpg
openimages_68501efe0498a2670afe.jpg,openimages,test,images/openimages_68501efe0498a2670afe.jpg
openimages_6c8a4ad43081dffb7991.jpg,openimages,test,images/openimages_6c8a4ad43081dffb7991.jpg
openimages_6d0c3b24164d161194e6.jpg,openimages,test,images/openimages_6d0c3b24164d161194e6.jpg
openimages_713758e97d94d298a20f.jpg,openimages,test,images/openimages_713758e97d94d298a20f.jpg
openimages_71b2f16b2003df6a8b25.jpg,openimages,test,images/openimages_71b2f16b2003df6a8b25.jpg
openimages_7337f1f1939eab948977.jpg,openimages,test,images/openimages_7337f1f1939eab948977.jpg
openimages_73f2b3693dbb035a8bf6.jpg,openimages,test,images/openimages_73f2b3693dbb035a8bf6.jpg
openimages_74716f6d3b5fe20c150f.jpg,openimages,test,images/openimages_74716f6d3b5fe20c150f.jpg
openimages_74b5173c573e371550eb.jpg,openimages,test,images/openimages_74b5173c573e371550eb.jpg
openimages_773c7f1ff2bd18b12145.jpg,openimages,test,images/openimages_773c7f1ff2bd18b12145.jpg
openimages_78b84af9e2b896028286.jpg,openimages,test,images/openimages_78b84af9e2b896028286.jpg
openimages_795a8f1f57812c7f797f.jpg,openimages,test,images/openimages_795a8f1f57812c7f797f.jpg
openimages_7e0aa08071a44bb9b6ee.jpg,openimages,test,images/openimages_7e0aa08071a44bb9b6ee.jpg
openimages_81d1a32f3e685c608e05.jpg,openimages,test,images/openimages_81d1a32f3e685c608e05.jpg
openimages_947bd31460b9cc4eb106.jpg,openimages,test,images/openimages_947bd31460b9cc4eb106.jpg
openimages_9652d2c1895c0d27d82c.jpg,openimages,test,images/openimages_9652d2c1895c0d27d82c.jpg
openimages_9b395068d2439fe0cb45.jpg,openimages,test,images/openimages_9b395068d2439fe0cb45.jpg
openimages_9f7132d2118027fd94e2.jpg,openimages,test,images/openimages_9f7132d2118027fd94e2.jpg
openimages_a1786a2700f57083512c.jpg,openimages,test,images/openimages_a1786a2700f57083512c.jpg
openimages_a1ffc30aaa9e99c3496f.jpg,openimages,test,images/openimages_a1ffc30aaa9e99c3496f.jpg
openimages_a3c87c76023621d82272.jpg,openimages,test,images/openimages_a3c87c76023621d82272.jpg
openimages_a40b2b8bd15ad50964cc.jpg,openimages,test,images/openimages_a40b2b8bd15ad50964cc.jpg
openimages_a6e35e77778c702ba05d.jpg,openimages,test,images/openimages_a6e35e77778c702ba05d.jpg
openimages_aa879a407a4bde9433a4.jpg,openimages,test,images/openimages_aa879a407a4bde9433a4.jpg
openimages_acebab7895ce11807bb9.jpg,openimages,test,images/openimages_acebab7895ce11807bb9.jpg
openimages_ae410fb05bfa2de05ff8.jpg,openimages,test,images/openimages_ae410fb05bfa2de05ff8.jpg
openimages_b06dbe7f6e93cc166bda.jpg,openimages,test,images/openimages_b06dbe7f6e93cc166bda.jpg
openimages_b29541ada8d777cd3ba1.jpg,openimages,test,images/openimages_b29541ada8d777cd3ba1.jpg
openimages_b6963fa3fe7c8225ea4f.jpg,openimages,test,images/openimages_b6963fa3fe7c8225ea4f.jpg
openimages_be337179f66f6364a028.jpg,openimages,test,images/openimages_be337179f66f6364a028.jpg
openimages_bf05b99868b4b113ff5c.jpg,openimages,test,images/openimages_bf05b99868b4b113ff5c.jpg
openimages_c0b91cd97f670d1c5319.jpg,openimages,test,images/openimages_c0b91cd97f670d1c5319.jpg
openimages_c339dee16f054fb32fc7.jpg,openimages,test,images/openimages_c339dee16f054fb32fc7.jpg
openimages_c37fc0d74a5335762b07.jpg,openimages,test,images/openimages_c37fc0d74a5335762b07.jpg
openimages_c461840e30cf69442a62.jpg,openimages,test,images/openimages_c461840e30cf69442a62.jpg
openimages_c4873f00155a236f4932.jpg,openimages,test,images/openimages_c4873f00155a236f4932.jpg
openimages_c6997d5b8237b53a7660.jpg,openimages,test,images/openimages_c6997d5b8237b53a7660.jpg
openimages_cabd1139ec46acc8fa13.jpg,openimages,test,images/openimages_cabd1139ec46acc8fa13.jpg
openimages_d4cd9066680aae2867b3.jpg,openimages,test,images/openimages_d4cd9066680aae2867b3.jpg
openimages_d50744aae75f282c7335.jpg,openimages,test,images/openimages_d50744aae75f282c7335.jpg
openimages_d5186bc96004e9a9b272.jpg,openimages,test,images/openimages_d5186bc96004e9a9b272.jpg
openimages_d938a7a75e0dd5388834.jpg,openimages,test,images/openimages_d938a7a75e0dd5388834.jpg
openimages_dbf31a1ed51c4195a0a9.jpg,openimages,test,images/openimages_dbf31a1ed51c4195a0a9.jpg
openimages_e25c6dcdba31802397c0.jpg,openimages,test,images/openimages_e25c6dcdba31802397c0.jpg
openimages_e35c022de540010e97af.jpg,openimages,test,images/openimages_e35c022de540010e97af.jpg
openimages_e393aa4dad5b3e8a76a9.jpg,openimages,test,images/openimages_e393aa4dad5b3e8a76a9.jpg
openimages_e394f877d85502928b5c.jpg,openimages,test,images/openimages_e394f877d85502928b5c.jpg
openimages_e59c17ee136ff3ebc24f.jpg,openimages,test,images/openimages_e59c17ee136ff3ebc24f.jpg
openimages_e67ca48f023db3f4268c.jpg,openimages,test,images/openimages_e67ca48f023db3f4268c.jpg
openimages_ec2be91b8c73d1dfd6a4.jpg,openimages,test,images/openimages_ec2be91b8c73d1dfd6a4.jpg
openimages_edd1f10d79612070ac87.jpg,openimages,test,images/openimages_edd1f10d79612070ac87.jpg
openimages_ee9edd7104bed7255260.jpg,openimages,test,images/openimages_ee9edd7104bed7255260.jpg
openimages_f278bffb2dc91a37361e.jpg,openimages,test,images/openimages_f278bffb2dc91a37361e.jpg
openimages_f2b93110b4031091d865.jpg,openimages,test,images/openimages_f2b93110b4031091d865.jpg
openimages_f32517d2ebe7a4fce35d.jpg,openimages,test,images/openimages_f32517d2ebe7a4fce35d.jpg
openimages_f711218686527821c054.jpg,openimages,test,images/openimages_f711218686527821c054.jpg
openimages_fa4178f4c6e46c6c35d9.jpg,openimages,test,images/openimages_fa4178f4c6e46c6c35d9.jpg
openimages_fcfec0e0d7f6d2d45097.jpg,openimages,test,images/openimages_fcfec0e0d7f6d2d45097.jpg
openimages_fd050340aac2da29efd7.jpg,openimages,test,images/openimages_fd050340aac2da29efd7.jpg
voc_0144418040ed27af4ec1.jpg,voc,test,images/voc_0144418040ed27af4ec1.jpg
voc_025e308c56b679d7c938.jpg,voc,test,images/voc_025e308c56b679d7c938.jpg
voc_086423beb553ece8d282.jpg,voc,test,images/voc_086423beb553ece8d282.jpg
voc_0c5230e009668030f762.jpg,voc,test,images/voc_0c5230e009668030f762.jpg
voc_128802e441fced06f5f0.jpg,voc,test,images/voc_128802e441fced06f5f0.jpg
voc_13e1288520e3c922b26d.jpg,voc,test,images/voc_13e1288520e3c922b26d.jpg
voc_186749d20b2bb947c061.jpg,voc,test,images/voc_186749d20b2bb947c061.jpg
voc_1ab800ea2f95496e910f.jpg,voc,test,images/voc_1ab800ea2f95496e910f.jpg
voc_1bec7d7dbc0c3f47920e.jpg,voc,test,images/voc_1bec7d7dbc0c3f47920e.jpg
voc_1de0994aeb41b04536de.jpg,voc,test,images/voc_1de0994aeb41b04536de.jpg
voc_1e85ed46e126ec075d47.jpg,voc,test,images/voc_1e85ed46e126ec075d47.jpg
voc_1fe8c6ec6c65d62e5698.jpg,voc,test,images/voc_1fe8c6ec6c65d62e5698.jpg
voc_20de28072a800cf432e8.jpg,voc,test,images/voc_20de28072a800cf432e8.jpg
voc_26b4733646229bf2ff81.jpg,voc,test,images/voc_26b4733646229bf2ff81.jpg
voc_273bbc6b714e7013513b.jpg,voc,test,images/voc_273bbc6b714e7013513b.jpg
voc_28f2dbba4aa5fbdf003c.jpg,voc,test,images/voc_28f2dbba4aa5fbdf003c.jpg
voc_29e73e14821fac31c5a0.jpg,voc,test,images/voc_29e73e14821fac31c5a0.jpg
voc_2c7d193cd0db73015213.jpg,voc,test,images/voc_2c7d193cd0db73015213.jpg
voc_2c870e79271668bd2ea7.jpg,voc,test,images/voc_2c870e79271668bd2ea7.jpg
voc_2e258c08911040750dc8.jpg,voc,test,images/voc_2e258c08911040750dc8.jpg
voc_3046dbe5d401c3d93808.jpg,voc,test,images/voc_3046dbe5d401c3d93808.jpg
voc_32c900a16b7265b015f2.jpg,voc,test,images/voc_32c900a16b7265b015f2.jpg
voc_334db92c714056fd23cd.jpg,voc,test,images/voc_334db92c714056fd23cd.jpg
voc_3a64862aeebe76e4c726.jpg,voc,test,images/voc_3a64862aeebe76e4c726.jpg
voc_3f9aede3fbbcfea0d46c.jpg,voc,test,images/voc_3f9aede3fbbcfea0d46c.jpg
voc_40724a6c6523f13de7c9.jpg,voc,test,images/voc_40724a6c6523f13de7c9.jpg
voc_41c1828bb228f184e555.jpg,voc,test,images/voc_41c1828bb228f184e555.jpg
voc_4521a01b291bef7eada4.jpg,voc,test,images/voc_4521a01b291bef7eada4.jpg
voc_4675696282ace3a1c6a9.jpg,voc,test,images/voc_4675696282ace3a1c6a9.jpg
voc_4845eaf62aca3916b4f7.jpg,voc,test,images/voc_4845eaf62aca3916b4f7.jpg
voc_4858cd762c87482b2d6e.jpg,voc,test,images/voc_4858cd762c87482b2d6e.jpg
voc_4a35e044df99597fc65b.jpg,voc,test,images/voc_4a35e044df99597fc65b.jpg
voc_4d60299fc65f70088fa3.jpg,voc,test,images/voc_4d60299fc65f70088fa3.jpg
voc_50ebf624e1d75b8cc140.jpg,voc,test,images/voc_50ebf624e1d75b8cc140.jpg
voc_51bdfa2b543977ac1c72.jpg,voc,test,images/voc_51bdfa2b543977ac1c72.jpg
voc_53aea66cfd4bfec109ca.jpg,voc,test,images/voc_53aea66cfd4bfec109ca.jpg
voc_55297e30503282aad81b.jpg,voc,test,images/voc_55297e30503282aad81b.jpg
voc_56f3651169512bd206e8.jpg,voc,test,images/voc_56f3651169512bd206e8.jpg
voc_57e8fa2fac1bcc54e1da.jpg,voc,test,images/voc_57e8fa2fac1bcc54e1da.jpg
voc_58c04e1b8a723267eacf.jpg,voc,test,images/voc_58c04e1b8a723267eacf.jpg
voc_58f2c78d3e6695323bb6.jpg,voc,test,images/voc_58f2c78d3e6695323bb6.jpg
voc_59ab2ffb9a505c6bb3a3.jpg,voc,test,images/voc_59ab2ffb9a505c6bb3a3.jpg
voc_59be6918dae0766ddd1d.jpg,voc,test,images/voc_59be6918dae0766ddd1d.jpg
voc_5bf074e56b03c3ade34d.jpg,voc,test,images/voc_5bf074e56b03c3ade34d.jpg
voc_5c29870f523e66bb6975.jpg,voc,test,images/voc_5c29870f523e66bb6975.jpg
voc_5dfe055eee4a9286de91.jpg,voc,test,images/voc_5dfe055eee4a9286de91.jpg
voc_5f14df8ad55087ebae0b.jpg,voc,test,images/voc_5f14df8ad55087ebae0b.jpg
voc_65a3ec3ae651003fade8.jpg,voc,test,images/voc_65a3ec3ae651003fade8.jpg
voc_6618b908da908c7b1668.jpg,voc,test,images/voc_6618b908da908c7b1668.jpg
voc_6879dc7a1fcb2f822d00.jpg,voc,test,images/voc_6879dc7a1fcb2f822d00.jpg
voc_69e0dfa9b451dd40d65a.jpg,voc,test,images/voc_69e0dfa9b451dd40d65a.jpg
voc_6e2206490516178a4a6d.jpg,voc,test,images/voc_6e2206490516178a4a6d.jpg
voc_75088db9c5b784c99dd2.jpg,voc,test,images/voc_75088db9c5b784c99dd2.jpg
voc_770729018e3bd4e82714.jpg,voc,test,images/voc_770729018e3bd4e82714.jpg
voc_7c6471121ae87bf3e49c.jpg,voc,test,images/voc_7c6471121ae87bf3e49c.jpg
voc_7e2ce8dfa607b65564fd.jpg,voc,test,images/voc_7e2ce8dfa607b65564fd.jpg
voc_804a2c5f620505d216a4.jpg,voc,test,images/voc_804a2c5f620505d216a4.jpg
voc_81929b165a3f0437f5b6.jpg,voc,test,images/voc_81929b165a3f0437f5b6.jpg
voc_82b5cc4cfe7b6599d74c.jpg,voc,test,images/voc_82b5cc4cfe7b6599d74c.jpg
voc_87dbca0e95ddfd51e939.jpg,voc,test,images/voc_87dbca0e95ddfd51e939.jpg
voc_8a421b233cd3a199a240.jpg,voc,test,images/voc_8a421b233cd3a199a240.jpg
voc_8db6d3f2406a82252eec.jpg,voc,test,images/voc_8db6d3f2406a82252eec.jpg
voc_8dffbac6a69c8af46373.jpg,voc,test,images/voc_8dffbac6a69c8af46373.jpg
voc_95c903f6edbec0751512.jpg,voc,test,images/voc_95c903f6edbec0751512.jpg
voc_9852c3c93be706cae65e.jpg,voc,test,images/voc_9852c3c93be706cae65e.jpg
voc_9a4922a7111ff32c80df.jpg,voc,test,images/voc_9a4922a7111ff32c80df.jpg
voc_9c809143950b07be6a0c.jpg,voc,test,images/voc_9c809143950b07be6a0c.jpg
voc_9d8aee7ea67712aa06dc.jpg,voc,test,images/voc_9d8aee7ea67712aa06dc.jpg
voc_9da2c2370c58fc0450fe.jpg,voc,test,images/voc_9da2c2370c58fc0450fe.jpg
voc_a1551897ac4d3edbff41.jpg,voc,test,images/voc_a1551897ac4d3edbff41.jpg
voc_a19d1cffa6659abf227d.jpg,voc,test,images/voc_a19d1cffa6659abf227d.jpg
voc_a7b880da0d8cc70e3c2e.jpg,voc,test,images/voc_a7b880da0d8cc70e3c2e.jpg
voc_b1dd73d4405132b60ac8.jpg,voc,test,images/voc_b1dd73d4405132b60ac8.jpg
voc_b37de008d04a8b038d67.jpg,voc,test,images/voc_b37de008d04a8b038d67.jpg
voc_b7d2bd5c847562d95a77.jpg,voc,test,images/voc_b7d2bd5c847562d95a77.jpg
voc_b8b1955be283b4eb61fa.jpg,voc,test,images/voc_b8b1955be283b4eb61fa.jpg
voc_bf5af20c276ae296a50d.jpg,voc,test,images/voc_bf5af20c276ae296a50d.jpg
voc_c1be5d746ef881be0636.jpg,voc,test,images/voc_c1be5d746ef881be0636.jpg
voc_c3c9abd85d792742fb9d.jpg,voc,test,images/voc_c3c9abd85d792742fb9d.jpg
voc_c778e5cd462117728b4c.jpg,voc,test,images/voc_c778e5cd462117728b4c.jpg
voc_d08c0769c97a83df078e.jpg,voc,test,images/voc_d08c0769c97a83df078e.jpg
voc_d2c672422dfd17d3e095.jpg,voc,test,images/voc_d2c672422dfd17d3e095.jpg
voc_d2d672afb12e64ca1903.jpg,voc,test,images/voc_d2d672afb12e64ca1903.jpg
voc_db2085f8d2c52d09c2ab.jpg,voc,test,images/voc_db2085f8d2c52d09c2ab.jpg
voc_dc23378474b431f1fe61.jpg,voc,test,images/voc_dc23378474b431f1fe61.jpg
voc_de0021e347c677ca100f.jpg,voc,test,images/voc_de0021e347c677ca100f.jpg
voc_e0c2266fc8fa0afeea43.jpg,voc,test,images/voc_e0c2266fc8fa0afeea43.jpg
voc_e13529e57977f7686207.jpg,voc,test,images/voc_e13529e57977f7686207.jpg
voc_e227f1310aa857826210.jpg,voc,test,images/voc_e227f1310aa857826210.jpg
voc_e3d770aaf0f95bc65eda.jpg,voc,test,images/voc_e3d770aaf0f95bc65eda.jpg
voc_e5342486ff8e4e9cf442.jpg,voc,test,images/voc_e5342486ff8e4e9cf442.jpg
voc_e63199b02922b121107d.jpg,voc,test,images/voc_e63199b02922b121107d.jpg
voc_e8c19de7f04d446b64e5.jpg,voc,test,images/voc_e8c19de7f04d446b64e5.jpg
voc_e91f29cb82f409c597d9.jpg,voc,test,images/voc_e91f29cb82f409c597d9.jpg
voc_ebd32fcb482325f783c0.jpg,voc,test,images/voc_ebd32fcb482325f783c0.jpg
voc_f155250efb485c87c186.jpg,voc,test,images/voc_f155250efb485c87c186.jpg
voc_f39f441c726ea4f652cb.jpg,voc,test,images/voc_f39f441c726ea4f652cb.jpg
voc_f5c5445e436bb3259f34.jpg,voc,test,images/voc_f5c5445e436bb3259f34.jpg
voc_fb9798629c0d5ff586cd.jpg,voc,test,images/voc_fb9798629c0d5ff586cd.jpg
voc_ff350698f55498f5b3c5.jpg,voc,test,images/voc_ff350698f55498f5b3c5.jpg
coco2017_0019c5150798d3e237df.jpg,coco2017,train,images/coco2017_0019c5150798d3e237df.jpg
coco2017_002632d085a7781edad8.jpg,coco2017,train,images/coco2017_002632d085a7781edad8.jpg
coco2017_0078da65cd1c305984a2.jpg,coco2017,train,images/coco2017_0078da65cd1c305984a2.jpg
coco2017_00a5c580905567c65f89.jpg,coco2017,train,images/coco2017_00a5c580905567c65f89.jpg
coco2017_00bb9641189b88f145ba.jpg,coco2017,train,images/coco2017_00bb9641189b88f145ba.jpg
coco2017_01729a02c9c7e68299f5.jpg,coco2017,train,images/coco2017_01729a02c9c7e68299f5.jpg
coco2017_024e0217c37db2eae8ba.jpg,coco2017,train,images/coco2017_024e0217c37db2eae8ba.jpg
coco2017_0267b81e6be5aa7dda34.jpg,coco2017,train,images/coco2017_0267b81e6be5aa7dda34.jpg
coco2017_03c01abd085af9560028.jpg,coco2017,train,images/coco2017_03c01abd085af9560028.jpg
coco2017_04cfb2d76f069e4279f5.jpg,coco2017,train,images/coco2017_04cfb2d76f069e4279f5.jpg
coco2017_04e37e13f18b9b542d0e.jpg,coco2017,train,images/coco2017_04e37e13f18b9b542d0e.jpg
coco2017_06400f6c8ed4abbc3341.jpg,coco2017,train,images/coco2017_06400f6c8ed4abbc3341.jpg
coco2017_0678dc514f712acc4d77.jpg,coco2017,train,images/coco2017_0678dc514f712acc4d77.jpg
coco2017_06cac0aa4cdbac5771b4.jpg,coco2017,train,images/coco2017_06cac0aa4cdbac5771b4.jpg
coco2017_077bf0620e192871a8a8.jpg,coco2017,train,images/coco2017_077bf0620e192871a8a8.jpg
coco2017_07b78e8bb5b627a79fdb.jpg,coco2017,train,images/coco2017_07b78e8bb5b627a79fdb.jpg
coco2017_07bc372e721e147638c0.jpg,coco2017,train,images/coco2017_07bc372e721e147638c0.jpg
coco2017_07d750c04afddbbe0536.jpg,coco2017,train,images/coco2017_07d750c04afddbbe0536.jpg
coco2017_07dd879beb0d6b188d71.jpg,coco2017,train,images/coco2017_07dd879beb0d6b188d71.jpg
coco2017_082b9584f403c665ec2f.jpg,coco2017,train,images/coco2017_082b9584f403c665ec2f.jpg
coco2017_085bf69bb5662a3d16b0.jpg,coco2017,train,images/coco2017_085bf69bb5662a3d16b0.jpg
coco2017_08f05c5bf32a7cc3cc77.jpg,coco2017,train,images/coco2017_08f05c5bf32a7cc3cc77.jpg
coco2017_0a7b7968972e4d12fa47.jpg,coco2017,train,images/coco2017_0a7b7968972e4d12fa47.jpg
coco2017_0a9b8746493ad282c79d.jpg,coco2017,train,images/coco2017_0a9b8746493ad282c79d.jpg
coco2017_0aab365b3f9a3580897e.jpg,coco2017,train,images/coco2017_0aab365b3f9a3580897e.jpg
coco2017_0ae32816cef98f0c9c3a.jpg,coco2017,train,images/coco2017_0ae32816cef98f0c9c3a.jpg
coco2017_0b0b219eb921f675b9a9.jpg,coco2017,train,images/coco2017_0b0b219eb921f675b9a9.jpg
coco2017_0b26d112c48807e07fb0.jpg,coco2017,train,images/coco2017_0b26d112c48807e07fb0.jpg
coco2017_0b7f35a9bfd6b2cc01f6.jpg,coco2017,train,images/coco2017_0b7f35a9bfd6b2cc01f6.jpg
coco2017_0c2810c8823f17cb895b.jpg,coco2017,train,images/coco2017_0c2810c8823f17cb895b.jpg
coco2017_0c7006acc2782b5d3108.jpg,coco2017,train,images/coco2017_0c7006acc2782b5d3108.jpg
coco2017_0cab145fea43c7c2f159.jpg,coco2017,train,images/coco2017_0cab145fea43c7c2f159.jpg
coco2017_0cfedd00e0e2003c4086.jpg,coco2017,train,images/coco2017_0cfedd00e0e2003c4086.jpg
coco2017_0d1362b10840487db2ab.jpg,coco2017,train,images/coco2017_0d1362b10840487db2ab.jpg
coco2017_0d5dd03de8600ce9e527.jpg,coco2017,train,images/coco2017_0d5dd03de8600ce9e527.jpg
coco2017_0d70610d6481b550a23f.jpg,coco2017,train,images/coco2017_0d70610d6481b550a23f.jpg
coco2017_0d9bcfcaa13ba747c06a.jpg,coco2017,train,images/coco2017_0d9bcfcaa13ba747c06a.jpg
coco2017_0e3406bb2660a11ab711.jpg,coco2017,train,images/coco2017_0e3406bb2660a11ab711.jpg
coco2017_0e387dbae32dedeccc34.jpg,coco2017,train,images/coco2017_0e387dbae32dedeccc34.jpg
coco2017_0e68aa5e766f88c69da4.jpg,coco2017,train,images/coco2017_0e68aa5e766f88c69da4.jpg
coco2017_0f1d06ada0ccb818a103.jpg,coco2017,train,images/coco2017_0f1d06ada0ccb818a103.jpg
coco2017_101acd07e02d47d230f9.jpg,coco2017,train,images/coco2017_101acd07e02d47d230f9.jpg
coco2017_10287dfffc9a341651be.jpg,coco2017,train,images/coco2017_10287dfffc9a341651be.jpg
coco2017_10592b07cce5e0954272.jpg,coco2017,train,images/coco2017_10592b07cce5e0954272.jpg
coco2017_106dbfea41b79667f5ea.jpg,coco2017,train,images/coco2017_106dbfea41b79667f5ea.jpg
coco2017_10dc6cd39da78d787f01.jpg,coco2017,train,images/coco2017_10dc6cd39da78d787f01.jpg
coco2017_10e72d988d6a938f1590.jpg,coco2017,train,images/coco2017_10e72d988d6a938f1590.jpg
coco2017_11148d7a4d7ef2c79a23.jpg,coco2017,train,images/coco2017_11148d7a4d7ef2c79a23.jpg
coco2017_121408166dfba3fcbd8e.jpg,coco2017,train,images/coco2017_121408166dfba3fcbd8e.jpg
coco2017_1217598f11d6a0387748.jpg,coco2017,train,images/coco2017_1217598f11d6a0387748.jpg
coco2017_126722c72014757dcee8.jpg,coco2017,train,images/coco2017_126722c72014757dcee8.jpg
coco2017_128b304a17b5a82b6ede.jpg,coco2017,train,images/coco2017_128b304a17b5a82b6ede.jpg
coco2017_128ea4945c6a77e956f3.jpg,coco2017,train,images/coco2017_128ea4945c6a77e956f3.jpg
coco2017_12c24794ce851da7c012.jpg,coco2017,train,images/coco2017_12c24794ce851da7c012.jpg
coco2017_131fd296f62b4a829de6.jpg,coco2017,train,images/coco2017_131fd296f62b4a829de6.jpg
coco2017_137781695f1684c964e2.jpg,coco2017,train,images/coco2017_137781695f1684c964e2.jpg
coco2017_138c9b1ab556067bbd8a.jpg,coco2017,train,images/coco2017_138c9b1ab556067bbd8a.jpg
coco2017_144c18262f1113eaef47.jpg,coco2017,train,images/coco2017_144c18262f1113eaef47.jpg
coco2017_15417fa02c6c4a51aefe.jpg,coco2017,train,images/coco2017_15417fa02c6c4a51aefe.jpg
coco2017_155122b6b23c7184974d.jpg,coco2017,train,images/coco2017_155122b6b23c7184974d.jpg
coco2017_16499b24b2b810feaeac.jpg,coco2017,train,images/coco2017_16499b24b2b810feaeac.jpg
coco2017_16584400320f52f82207.jpg,coco2017,train,images/coco2017_16584400320f52f82207.jpg
coco2017_16791b6f64729305ac50.jpg,coco2017,train,images/coco2017_16791b6f64729305ac50.jpg
coco2017_16954679c663974a43bf.jpg,coco2017,train,images/coco2017_16954679c663974a43bf.jpg
coco2017_16c0587347bae6651d17.jpg,coco2017,train,images/coco2017_16c0587347bae6651d17.jpg
coco2017_1725087f7d7ec86616b2.jpg,coco2017,train,images/coco2017_1725087f7d7ec86616b2.jpg
coco2017_182520197c6f482bf62d.jpg,coco2017,train,images/coco2017_182520197c6f482bf62d.jpg
coco2017_18c11c6933a775cc323c.jpg,coco2017,train,images/coco2017_18c11c6933a775cc323c.jpg
coco2017_190382d75f8ebfa0f79f.jpg,coco2017,train,images/coco2017_190382d75f8ebfa0f79f.jpg
coco2017_193166f28f72f081fc43.jpg,coco2017,train,images/coco2017_193166f28f72f081fc43.jpg
coco2017_199453fb1cc348a34a29.jpg,coco2017,train,images/coco2017_199453fb1cc348a34a29.jpg
coco2017_19a11d59420cebf85bdc.jpg,coco2017,train,images/coco2017_19a11d59420cebf85bdc.jpg
coco2017_19f30937d22f4d08a9b4.jpg,coco2017,train,images/coco2017_19f30937d22f4d08a9b4.jpg
coco2017_1aea384f313809dd2c59.jpg,coco2017,train,images/coco2017_1aea384f313809dd2c59.jpg
coco2017_1bec6c12eba98f966c88.jpg,coco2017,train,images/coco2017_1bec6c12eba98f966c88.jpg
coco2017_1bf562d51cc88e781c4b.jpg,coco2017,train,images/coco2017_1bf562d51cc88e781c4b.jpg
coco2017_1c629f30df52be5ed27c.jpg,coco2017,train,images/coco2017_1c629f30df52be5ed27c.jpg
coco2017_1c903170e6d2ff9717b6.jpg,coco2017,train,images/coco2017_1c903170e6d2ff9717b6.jpg
coco2017_1d11df76bcc1f95002fe.jpg,coco2017,train,images/coco2017_1d11df76bcc1f95002fe.jpg
coco2017_1d6525dd6798384d1891.jpg,coco2017,train,images/coco2017_1d6525dd6798384d1891.jpg
coco2017_1d70c4de6b43862de8e5.jpg,coco2017,train,images/coco2017_1d70c4de6b43862de8e5.jpg
coco2017_1dffa19509d9bc979281.jpg,coco2017,train,images/coco2017_1dffa19509d9bc979281.jpg
coco2017_1e104b334ffd51ba2a62.jpg,coco2017,train,images/coco2017_1e104b334ffd51ba2a62.jpg
coco2017_1e254a73e41091ab900c.jpg,coco2017,train,images/coco2017_1e254a73e41091ab900c.jpg
coco2017_1e3d6a821474334f0e30.jpg,coco2017,train,images/coco2017_1e3d6a821474334f0e30.jpg
coco2017_1ebff14da5e70f7a7e2a.jpg,coco2017,train,images/coco2017_1ebff14da5e70f7a7e2a.jpg
coco2017_1f059de2307afb931c41.jpg,coco2017,train,images/coco2017_1f059de2307afb931c41.jpg
coco2017_1f1aa32f210784627430.jpg,coco2017,train,images/coco2017_1f1aa32f210784627430.jpg
coco2017_1f58beb8b26da366492e.jpg,coco2017,train,images/coco2017_1f58beb8b26da366492e.jpg
coco2017_1f77c4bfcacf4fcd1bdd.jpg,coco2017,train,images/coco2017_1f77c4bfcacf4fcd1bdd.jpg
coco2017_202dc7d94ac8aa768de9.jpg,coco2017,train,images/coco2017_202dc7d94ac8aa768de9.jpg
coco2017_206bab19c4560597d92a.jpg,coco2017,train,images/coco2017_206bab19c4560597d92a.jpg
coco2017_208682d5942e319c154c.jpg,coco2017,train,images/coco2017_208682d5942e319c154c.jpg
coco2017_20aff749ab26ae6e66f5.jpg,coco2017,train,images/coco2017_20aff749ab26ae6e66f5.jpg
coco2017_211264a192f736dfee0b.jpg,coco2017,train,images/coco2017_211264a192f736dfee0b.jpg
coco2017_212be10f05ea75bbc3bd.jpg,coco2017,train,images/coco2017_212be10f05ea75bbc3bd.jpg
coco2017_2146c16a403a31cec9d5.jpg,coco2017,train,images/coco2017_2146c16a403a31cec9d5.jpg
coco2017_2171644168e32c3328f6.jpg,coco2017,train,images/coco2017_2171644168e32c3328f6.jpg
coco2017_218c8325b08fdcd7b50a.jpg,coco2017,train,images/coco2017_218c8325b08fdcd7b50a.jpg
coco2017_219e409bdd4a99bd6d59.jpg,coco2017,train,images/coco2017_219e409bdd4a99bd6d59.jpg
coco2017_21edb552f868e5e79f7f.jpg,coco2017,train,images/coco2017_21edb552f868e5e79f7f.jpg
coco2017_227d86002d6e472f582e.jpg,coco2017,train,images/coco2017_227d86002d6e472f582e.jpg
coco2017_22a53c897556da4ad2c9.jpg,coco2017,train,images/coco2017_22a53c897556da4ad2c9.jpg
coco2017_22b35b789db1ef211898.jpg,coco2017,train,images/coco2017_22b35b789db1ef211898.jpg
coco2017_2370683fabed6c49643b.jpg,coco2017,train,images/coco2017_2370683fabed6c49643b.jpg
coco2017_2460eb53d3a3d218d9b9.jpg,coco2017,train,images/coco2017_2460eb53d3a3d218d9b9.jpg
coco2017_24687845669606487c23.jpg,coco2017,train,images/coco2017_24687845669606487c23.jpg
coco2017_246bd0f31746589918d2.jpg,coco2017,train,images/coco2017_246bd0f31746589918d2.jpg
coco2017_24acdc1263d2eff72184.jpg,coco2017,train,images/coco2017_24acdc1263d2eff72184.jpg
coco2017_24c880bb3d26be5b0dfb.jpg,coco2017,train,images/coco2017_24c880bb3d26be5b0dfb.jpg
coco2017_24cf27f0c400f7854e7e.jpg,coco2017,train,images/coco2017_24cf27f0c400f7854e7e.jpg
coco2017_24cf2beba647eeea38df.jpg,coco2017,train,images/coco2017_24cf2beba647eeea38df.jpg
coco2017_250881ebcad2cc2c7f0d.jpg,coco2017,train,images/coco2017_250881ebcad2cc2c7f0d.jpg
coco2017_269fd9c0806e2be5a7e5.jpg,coco2017,train,images/coco2017_269fd9c0806e2be5a7e5.jpg
coco2017_26a951767e8fa2fadb27.jpg,coco2017,train,images/coco2017_26a951767e8fa2fadb27.jpg
coco2017_271434af18c08f38ca8b.jpg,coco2017,train,images/coco2017_271434af18c08f38ca8b.jpg
coco2017_274a804f561a3eb0a4fb.jpg,coco2017,train,images/coco2017_274a804f561a3eb0a4fb.jpg
coco2017_27e54f10c7ca5aceb3d9.jpg,coco2017,train,images/coco2017_27e54f10c7ca5aceb3d9.jpg
coco2017_28108b51dc1d83bb6f80.jpg,coco2017,train,images/coco2017_28108b51dc1d83bb6f80.jpg
coco2017_2815049a83e2cacf096b.jpg,coco2017,train,images/coco2017_2815049a83e2cacf096b.jpg
coco2017_2976053bfe25f1284128.jpg,coco2017,train,images/coco2017_2976053bfe25f1284128.jpg
coco2017_29f15ca59a0f16597df6.jpg,coco2017,train,images/coco2017_29f15ca59a0f16597df6.jpg
coco2017_2a07f3101c90ef96c79e.jpg,coco2017,train,images/coco2017_2a07f3101c90ef96c79e.jpg
coco2017_2a26f9b31c002a43b486.jpg,coco2017,train,images/coco2017_2a26f9b31c002a43b486.jpg
coco2017_2aa70497bdbdd68ca0b3.jpg,coco2017,train,images/coco2017_2aa70497bdbdd68ca0b3.jpg
coco2017_2b0180cc10a8e0a4759f.jpg,coco2017,train,images/coco2017_2b0180cc10a8e0a4759f.jpg
coco2017_2c765d81b8e904b83ab6.jpg,coco2017,train,images/coco2017_2c765d81b8e904b83ab6.jpg
coco2017_2de40b3ce050434cacf1.jpg,coco2017,train,images/coco2017_2de40b3ce050434cacf1.jpg
coco2017_2de54b5413da8af7e851.jpg,coco2017,train,images/coco2017_2de54b5413da8af7e851.jpg
coco2017_2de794dcecf291999fa3.jpg,coco2017,train,images/coco2017_2de794dcecf291999fa3.jpg
coco2017_2e5029511cc8bd11180b.jpg,coco2017,train,images/coco2017_2e5029511cc8bd11180b.jpg
coco2017_2e633fa917bcd3f98f5c.jpg,coco2017,train,images/coco2017_2e633fa917bcd3f98f5c.jpg
coco2017_2ed82f90bd3de8a4777a.jpg,coco2017,train,images/coco2017_2ed82f90bd3de8a4777a.jpg
coco2017_2f16cdbef724746d1b73.jpg,coco2017,train,images/coco2017_2f16cdbef724746d1b73.jpg
coco2017_2f79cf5110603a1c752f.jpg,coco2017,train,images/coco2017_2f79cf5110603a1c752f.jpg
coco2017_2f8397ecb55c7b18be02.jpg,coco2017,train,images/coco2017_2f8397ecb55c7b18be02.jpg
coco2017_2f95fe2d3c13d5bd5a5f.jpg,coco2017,train,images/coco2017_2f95fe2d3c13d5bd5a5f.jpg
coco2017_2fbd287f36cd7e4f9a6f.jpg,coco2017,train,images/coco2017_2fbd287f36cd7e4f9a6f.jpg
coco2017_2fd827136297d341c7b9.jpg,coco2017,train,images/coco2017_2fd827136297d341c7b9.jpg
coco2017_3023982979ce6ec89ff0.jpg,coco2017,train,images/coco2017_3023982979ce6ec89ff0.jpg
coco2017_30e609a14b8bf60c4789.jpg,coco2017,train,images/coco2017_30e609a14b8bf60c4789.jpg
coco2017_30ff0902c079d2cf2bca.jpg,coco2017,train,images/coco2017_30ff0902c079d2cf2bca.jpg
coco2017_3136ef91a3129f8fc28c.jpg,coco2017,train,images/coco2017_3136ef91a3129f8fc28c.jpg
coco2017_314a09d88523eaf894a1.jpg,coco2017,train,images/coco2017_314a09d88523eaf894a1.jpg
coco2017_3157a9379f39dfff0d27.jpg,coco2017,train,images/coco2017_3157a9379f39dfff0d27.jpg
coco2017_318adf61c7ca6820fec6.jpg,coco2017,train,images/coco2017_318adf61c7ca6820fec6.jpg
coco2017_3221e01923976e6cfbc6.jpg,coco2017,train,images/coco2017_3221e01923976e6cfbc6.jpg
coco2017_3222c84c7c475756c041.jpg,coco2017,train,images/coco2017_3222c84c7c475756c041.jpg
coco2017_3223ff350ae46b974127.jpg,coco2017,train,images/coco2017_3223ff350ae46b974127.jpg
coco2017_3253fcb1380a0ced66d7.jpg,coco2017,train,images/coco2017_3253fcb1380a0ced66d7.jpg
coco2017_33861ca370b149c56ad5.jpg,coco2017,train,images/coco2017_33861ca370b149c56ad5.jpg
coco2017_33d5a6b4f849730f2793.jpg,coco2017,train,images/coco2017_33d5a6b4f849730f2793.jpg
coco2017_33f1cdc697b0150fdc41.jpg,coco2017,train,images/coco2017_33f1cdc697b0150fdc41.jpg
coco2017_342a20e06243f69cf979.jpg,coco2017,train,images/coco2017_342a20e06243f69cf979.jpg
coco2017_34b8d1ce8890b3e2f681.jpg,coco2017,train,images/coco2017_34b8d1ce8890b3e2f681.jpg
coco2017_35efeec57fcda0b99937.jpg,coco2017,train,images/coco2017_35efeec57fcda0b99937.jpg
coco2017_371b930d78a8ebba75e4.jpg,coco2017,train,images/coco2017_371b930d78a8ebba75e4.jpg
coco2017_37281ca3cd7d26d6cbc0.jpg,coco2017,train,images/coco2017_37281ca3cd7d26d6cbc0.jpg
coco2017_373686ff2f21009d46fb.jpg,coco2017,train,images/coco2017_373686ff2f21009d46fb.jpg
coco2017_3764f11fe83bcb95e677.jpg,coco2017,train,images/coco2017_3764f11fe83bcb95e677.jpg
coco2017_379e21ca40fc57a4a820.jpg,coco2017,train,images/coco2017_379e21ca40fc57a4a820.jpg
coco2017_37ab15c795faf5f1a288.jpg,coco2017,train,images/coco2017_37ab15c795faf5f1a288.jpg
coco2017_37b9c76d28e1ca727c84.jpg,coco2017,train,images/coco2017_37b9c76d28e1ca727c84.jpg
coco2017_38a272c1f89eaa09a932.jpg,coco2017,train,images/coco2017_38a272c1f89eaa09a932.jpg
coco2017_38d88bd555af8e6018a0.jpg,coco2017,train,images/coco2017_38d88bd555af8e6018a0.jpg
coco2017_397f79db7e179d90bbb5.jpg,coco2017,train,images/coco2017_397f79db7e179d90bbb5.jpg
coco2017_39892fad0301814ac007.jpg,coco2017,train,images/coco2017_39892fad0301814ac007.jpg
coco2017_39974fc869b4ddf652b5.jpg,coco2017,train,images/coco2017_39974fc869b4ddf652b5.jpg
coco2017_39c0ad7e46bf3281c775.jpg,coco2017,train,images/coco2017_39c0ad7e46bf3281c775.jpg
coco2017_39c9dc6c5fab388120cf.jpg,coco2017,train,images/coco2017_39c9dc6c5fab388120cf.jpg
coco2017_39fcb23d1acf40c631a8.jpg,coco2017,train,images/coco2017_39fcb23d1acf40c631a8.jpg
coco2017_3a22c58c43e94e4cd068.jpg,coco2017,train,images/coco2017_3a22c58c43e94e4cd068.jpg
coco2017_3a30a42fa4f87a8c1225.jpg,coco2017,train,images/coco2017_3a30a42fa4f87a8c1225.jpg
coco2017_3a40eb469e824be820a3.jpg,coco2017,train,images/coco2017_3a40eb469e824be820a3.jpg
coco2017_3a60ea24a8926188ca64.jpg,coco2017,train,images/coco2017_3a60ea24a8926188ca64.jpg
coco2017_3a83bec6717eb7bb0cfe.jpg,coco2017,train,images/coco2017_3a83bec6717eb7bb0cfe.jpg
coco2017_3aaed3d8164deb6f7e5e.jpg,coco2017,train,images/coco2017_3aaed3d8164deb6f7e5e.jpg
coco2017_3b071b40aac3d13f1e07.jpg,coco2017,train,images/coco2017_3b071b40aac3d13f1e07.jpg
coco2017_3b7a2259bf9d0e4d99c0.jpg,coco2017,train,images/coco2017_3b7a2259bf9d0e4d99c0.jpg
coco2017_3c23b09d6e3d736c68e1.jpg,coco2017,train,images/coco2017_3c23b09d6e3d736c68e1.jpg
coco2017_3c57cc3b3befa5c93f37.jpg,coco2017,train,images/coco2017_3c57cc3b3befa5c93f37.jpg
coco2017_3c954c5ac792e1e023f7.jpg,coco2017,train,images/coco2017_3c954c5ac792e1e023f7.jpg
coco2017_3cb8f2254fe205b0e7ae.jpg,coco2017,train,images/coco2017_3cb8f2254fe205b0e7ae.jpg
coco2017_3ce20c4018dcaeadfde6.jpg,coco2017,train,images/coco2017_3ce20c4018dcaeadfde6.jpg
coco2017_3d7979f241c563f7ce41.jpg,coco2017,train,images/coco2017_3d7979f241c563f7ce41.jpg
coco2017_3de6d55d8d7936df9f29.jpg,coco2017,train,images/coco2017_3de6d55d8d7936df9f29.jpg
coco2017_3e099d68f78188e41a92.jpg,coco2017,train,images/coco2017_3e099d68f78188e41a92.jpg
coco2017_3e179674fec6fc9f3ee3.jpg,coco2017,train,images/coco2017_3e179674fec6fc9f3ee3.jpg
coco2017_3e9c71dcd188616ab123.jpg,coco2017,train,images/coco2017_3e9c71dcd188616ab123.jpg
coco2017_3ecaf57b2c8d83eb5bd0.jpg,coco2017,train,images/coco2017_3ecaf57b2c8d83eb5bd0.jpg
coco2017_3ef5a497b6bc46150054.jpg,coco2017,train,images/coco2017_3ef5a497b6bc46150054.jpg
coco2017_3f0758d60146a2f9bdc9.jpg,coco2017,train,images/coco2017_3f0758d60146a2f9bdc9.jpg
coco2017_3f350c5b9c419582d4d3.jpg,coco2017,train,images/coco2017_3f350c5b9c419582d4d3.jpg
coco2017_3f4e1f4ae4e303a92584.jpg,coco2017,train,images/coco2017_3f4e1f4ae4e303a92584.jpg
coco2017_3f78cac9a54b986973d3.jpg,coco2017,train,images/coco2017_3f78cac9a54b986973d3.jpg
coco2017_3f7d0409b298fb3916b0.jpg,coco2017,train,images/coco2017_3f7d0409b298fb3916b0.jpg
coco2017_3fe1c0619f92b6078b39.jpg,coco2017,train,images/coco2017_3fe1c0619f92b6078b39.jpg
coco2017_409884fcfffc2a0a86db.jpg,coco2017,train,images/coco2017_409884fcfffc2a0a86db.jpg
coco2017_40a4793c4498aeee9e2d.jpg,coco2017,train,images/coco2017_40a4793c4498aeee9e2d.jpg
coco2017_41174f89674f564a8eef.jpg,coco2017,train,images/coco2017_41174f89674f564a8eef.jpg
coco2017_411fd9ea748dea1f62fe.jpg,coco2017,train,images/coco2017_411fd9ea748dea1f62fe.jpg
coco2017_413594a7c4b84b95e9d4.jpg,coco2017,train,images/coco2017_413594a7c4b84b95e9d4.jpg
coco2017_4179bb87d0b485b89d7f.jpg,coco2017,train,images/coco2017_4179bb87d0b485b89d7f.jpg
coco2017_420badacb6f73042956d.jpg,coco2017,train,images/coco2017_420badacb6f73042956d.jpg
coco2017_420f0ef56a2edada2467.jpg,coco2017,train,images/coco2017_420f0ef56a2edada2467.jpg
coco2017_42198f94532b7ab60ee2.jpg,coco2017,train,images/coco2017_42198f94532b7ab60ee2.jpg
coco2017_427009626bc64273cd6a.jpg,coco2017,train,images/coco2017_427009626bc64273cd6a.jpg
coco2017_42e6c6b0c85177cdd51a.jpg,coco2017,train,images/coco2017_42e6c6b0c85177cdd51a.jpg
coco2017_43fd32628fdbbb546712.jpg,coco2017,train,images/coco2017_43fd32628fdbbb546712.jpg
coco2017_4410f091bf60af7420ec.jpg,coco2017,train,images/coco2017_4410f091bf60af7420ec.jpg
coco2017_454576c43772c19f13f3.jpg,coco2017,train,images/coco2017_454576c43772c19f13f3.jpg
coco2017_4570ae8b32f51d17d0ec.jpg,coco2017,train,images/coco2017_4570ae8b32f51d17d0ec.jpg
coco2017_45b86dd04506ea6e6c2d.jpg,coco2017,train,images/coco2017_45b86dd04506ea6e6c2d.jpg
coco2017_46121112b5c515ac7046.jpg,coco2017,train,images/coco2017_46121112b5c515ac7046.jpg
coco2017_470744f4e6a7f1129fc2.jpg,coco2017,train,images/coco2017_470744f4e6a7f1129fc2.jpg
coco2017_473697f2d896d9d95185.jpg,coco2017,train,images/coco2017_473697f2d896d9d95185.jpg
coco2017_47f2d5fd35b71607f8e6.jpg,coco2017,train,images/coco2017_47f2d5fd35b71607f8e6.jpg
coco2017_47f3e617304d3a75be93.jpg,coco2017,train,images/coco2017_47f3e617304d3a75be93.jpg
coco2017_48959b1d2522ef138c2b.jpg,coco2017,train,images/coco2017_48959b1d2522ef138c2b.jpg
coco2017_4950c8f925d5b215774d.jpg,coco2017,train,images/coco2017_4950c8f925d5b215774d.jpg
coco2017_49a2481806c8b602f58c.jpg,coco2017,train,images/coco2017_49a2481806c8b602f58c.jpg
coco2017_49d199f88a2220dae1ce.jpg,coco2017,train,images/coco2017_49d199f88a2220dae1ce.jpg
coco2017_49de7c9b8acfce951de2.jpg,coco2017,train,images/coco2017_49de7c9b8acfce951de2.jpg
coco2017_49e05862a8b2f39e0629.jpg,coco2017,train,images/coco2017_49e05862a8b2f39e0629.jpg
coco2017_49ec1c3bce4821eb110b.jpg,coco2017,train,images/coco2017_49ec1c3bce4821eb110b.jpg
coco2017_4a9f73b59cf14cb362a6.jpg,coco2017,train,images/coco2017_4a9f73b59cf14cb362a6.jpg
coco2017_4aecdbf63445983856d9.jpg,coco2017,train,images/coco2017_4aecdbf63445983856d9.jpg
coco2017_4b210517f23e6593c8be.jpg,coco2017,train,images/coco2017_4b210517f23e6593c8be.jpg
coco2017_4b4b4ec7a28773daba15.jpg,coco2017,train,images/coco2017_4b4b4ec7a28773daba15.jpg
coco2017_4b8135af9a54d9e929f1.jpg,coco2017,train,images/coco2017_4b8135af9a54d9e929f1.jpg
coco2017_4b8de8f24e8fa42a8f23.jpg,coco2017,train,images/coco2017_4b8de8f24e8fa42a8f23.jpg
coco2017_4b942ed1ba02d83baabe.jpg,coco2017,train,images/coco2017_4b942ed1ba02d83baabe.jpg
coco2017_4b9a8050ca40d5994025.jpg,coco2017,train,images/coco2017_4b9a8050ca40d5994025.jpg
coco2017_4be7a2b2f415653d9799.jpg,coco2017,train,images/coco2017_4be7a2b2f415653d9799.jpg
coco2017_4c1aabdf12bcbb2a06cb.jpg,coco2017,train,images/coco2017_4c1aabdf12bcbb2a06cb.jpg
coco2017_4c22ef529eec1c0a1b27.jpg,coco2017,train,images/coco2017_4c22ef529eec1c0a1b27.jpg
coco2017_4c2df14774faf569e5b5.jpg,coco2017,train,images/coco2017_4c2df14774faf569e5b5.jpg
coco2017_4c5aa2a26af6ea3cd4f3.jpg,coco2017,train,images/coco2017_4c5aa2a26af6ea3cd4f3.jpg
coco2017_4d70359f694b63607d3c.jpg,coco2017,train,images/coco2017_4d70359f694b63607d3c.jpg
coco2017_4de386fb005599fdf24b.jpg,coco2017,train,images/coco2017_4de386fb005599fdf24b.jpg
coco2017_4e101eb287f2a6b8fbe3.jpg,coco2017,train,images/coco2017_4e101eb287f2a6b8fbe3.jpg
coco2017_4e7f2fb4999204e8d9a5.jpg,coco2017,train,images/coco2017_4e7f2fb4999204e8d9a5.jpg
coco2017_4e9d8b9d52d97271da24.jpg,coco2017,train,images/coco2017_4e9d8b9d52d97271da24.jpg
coco2017_4ea449218c7870eece6f.jpg,coco2017,train,images/coco2017_4ea449218c7870eece6f.jpg
coco2017_4eb24b21764e34127df8.jpg,coco2017,train,images/coco2017_4eb24b21764e34127df8.jpg
coco2017_4ee84a7c0f961a9d3ce2.jpg,coco2017,train,images/coco2017_4ee84a7c0f961a9d3ce2.jpg
coco2017_4f05f9507255d2bd1ed7.jpg,coco2017,train,images/coco2017_4f05f9507255d2bd1ed7.jpg
coco2017_4f5adfb4616149ca59f7.jpg,coco2017,train,images/coco2017_4f5adfb4616149ca59f7.jpg
coco2017_4f7607a2336d7bab2490.jpg,coco2017,train,images/coco2017_4f7607a2336d7bab2490.jpg
coco2017_4fd165cfa40fa0711b6d.jpg,coco2017,train,images/coco2017_4fd165cfa40fa0711b6d.jpg
coco2017_50b975c847ecfbbd17f0.jpg,coco2017,train,images/coco2017_50b975c847ecfbbd17f0.jpg
coco2017_510f6e88a3d9a0b8ca3f.jpg,coco2017,train,images/coco2017_510f6e88a3d9a0b8ca3f.jpg
coco2017_515faa7ebffb0bf18809.jpg,coco2017,train,images/coco2017_515faa7ebffb0bf18809.jpg
coco2017_51d0940c01b87029725e.jpg,coco2017,train,images/coco2017_51d0940c01b87029725e.jpg
coco2017_51d2977800cea1a55888.jpg,coco2017,train,images/coco2017_51d2977800cea1a55888.jpg
coco2017_51f0e71ed0259567310b.jpg,coco2017,train,images/coco2017_51f0e71ed0259567310b.jpg
coco2017_52f1f4290ac68a62be96.jpg,coco2017,train,images/coco2017_52f1f4290ac68a62be96.jpg
coco2017_54c35784ed7e31465b78.jpg,coco2017,train,images/coco2017_54c35784ed7e31465b78.jpg
coco2017_54df34d0623c1cfa6649.jpg,coco2017,train,images/coco2017_54df34d0623c1cfa6649.jpg
coco2017_557f79ecbfb615bc1701.jpg,coco2017,train,images/coco2017_557f79ecbfb615bc1701.jpg
coco2017_56abbf59b021602d9145.jpg,coco2017,train,images/coco2017_56abbf59b021602d9145.jpg
coco2017_56d8b061bd934a866000.jpg,coco2017,train,images/coco2017_56d8b061bd934a866000.jpg
coco2017_56dd90d16bf6d477fc98.jpg,coco2017,train,images/coco2017_56dd90d16bf6d477fc98.jpg
coco2017_56e97a44ba6276d6e896.jpg,coco2017,train,images/coco2017_56e97a44ba6276d6e896.jpg
coco2017_570da882de90cf135da7.jpg,coco2017,train,images/coco2017_570da882de90cf135da7.jpg
coco2017_57740f11d008af86186d.jpg,coco2017,train,images/coco2017_57740f11d008af86186d.jpg
coco2017_57b826411d289d034075.jpg,coco2017,train,images/coco2017_57b826411d289d034075.jpg
coco2017_57ed08eaf5519c34b222.jpg,coco2017,train,images/coco2017_57ed08eaf5519c34b222.jpg
coco2017_59177935a3a54bc465ea.jpg,coco2017,train,images/coco2017_59177935a3a54bc465ea.jpg
coco2017_59b2b13703c5cccd65ae.jpg,coco2017,train,images/coco2017_59b2b13703c5cccd65ae.jpg
coco2017_5ac3f60286afbd39809c.jpg,coco2017,train,images/coco2017_5ac3f60286afbd39809c.jpg
coco2017_5ad25c1acbd684c388ae.jpg,coco2017,train,images/coco2017_5ad25c1acbd684c388ae.jpg
coco2017_5ae3563afae0c27884df.jpg,coco2017,train,images/coco2017_5ae3563afae0c27884df.jpg
coco2017_5bbc7269a475ffb9369c.jpg,coco2017,train,images/coco2017_5bbc7269a475ffb9369c.jpg
coco2017_5ca8d083573bbd522305.jpg,coco2017,train,images/coco2017_5ca8d083573bbd522305.jpg
coco2017_5cfd95fa67787658a3b6.jpg,coco2017,train,images/coco2017_5cfd95fa67787658a3b6.jpg
coco2017_5db21a8ec9dc6aabcbb2.jpg,coco2017,train,images/coco2017_5db21a8ec9dc6aabcbb2.jpg
coco2017_5e0fa57904b3cb3144e5.jpg,coco2017,train,images/coco2017_5e0fa57904b3cb3144e5.jpg
coco2017_5eb3044027903732ce25.jpg,coco2017,train,images/coco2017_5eb3044027903732ce25.jpg
coco2017_5ed51a6571386b8e0429.jpg,coco2017,train,images/coco2017_5ed51a6571386b8e0429.jpg
coco2017_5f3c4a9d5001073da3a1.jpg,coco2017,train,images/coco2017_5f3c4a9d5001073da3a1.jpg
coco2017_5f3ccc97b10de9e6076c.jpg,coco2017,train,images/coco2017_5f3ccc97b10de9e6076c.jpg
coco2017_5f82188ed53990f5ac5c.jpg,coco2017,train,images/coco2017_5f82188ed53990f5ac5c.jpg
coco2017_6005b9c508d101b43082.jpg,coco2017,train,images/coco2017_6005b9c508d101b43082.jpg
coco2017_601009449a3051cea6ce.jpg,coco2017,train,images/coco2017_601009449a3051cea6ce.jpg
coco2017_6060da9178aaa4082872.jpg,coco2017,train,images/coco2017_6060da9178aaa4082872.jpg
coco2017_60a0c77c1cf81821bab7.jpg,coco2017,train,images/coco2017_60a0c77c1cf81821bab7.jpg
coco2017_60f4ef9c7d3d483a6284.jpg,coco2017,train,images/coco2017_60f4ef9c7d3d483a6284.jpg
coco2017_60f920133c54df2e3004.jpg,coco2017,train,images/coco2017_60f920133c54df2e3004.jpg
coco2017_62677952da898ba0d29b.jpg,coco2017,train,images/coco2017_62677952da898ba0d29b.jpg
coco2017_62986088459c036d20d0.jpg,coco2017,train,images/coco2017_62986088459c036d20d0.jpg
coco2017_62af096ab45b0804ce4f.jpg,coco2017,train,images/coco2017_62af096ab45b0804ce4f.jpg
coco2017_630fcd1bb9b2b22f8ba1.jpg,coco2017,train,images/coco2017_630fcd1bb9b2b22f8ba1.jpg
coco2017_634346bf67da52258716.jpg,coco2017,train,images/coco2017_634346bf67da52258716.jpg
coco2017_6353095136d239992efd.jpg,coco2017,train,images/coco2017_6353095136d239992efd.jpg
coco2017_6354b5ccd78cfba0e8fa.jpg,coco2017,train,images/coco2017_6354b5ccd78cfba0e8fa.jpg
coco2017_63fe42622bb33f7b0510.jpg,coco2017,train,images/coco2017_63fe42622bb33f7b0510.jpg
coco2017_65357eb4108858d128d8.jpg,coco2017,train,images/coco2017_65357eb4108858d128d8.jpg
coco2017_65976c4278e6bbc115a4.jpg,coco2017,train,images/coco2017_65976c4278e6bbc115a4.jpg
coco2017_65f2b1d3af3e6671f091.jpg,coco2017,train,images/coco2017_65f2b1d3af3e6671f091.jpg
coco2017_6696917b3e8ba513c18c.jpg,coco2017,train,images/coco2017_6696917b3e8ba513c18c.jpg
coco2017_669defc100987ad7177e.jpg,coco2017,train,images/coco2017_669defc100987ad7177e.jpg
coco2017_66da284f90948ba7356e.jpg,coco2017,train,images/coco2017_66da284f90948ba7356e.jpg
coco2017_67faf79deed90f361cae.jpg,coco2017,train,images/coco2017_67faf79deed90f361cae.jpg
coco2017_684a7431a37c24c37faf.jpg,coco2017,train,images/coco2017_684a7431a37c24c37faf.jpg
coco2017_68a01b6b68bdd4d69359.jpg,coco2017,train,images/coco2017_68a01b6b68bdd4d69359.jpg
coco2017_68b6ec693cdb43ee1c72.jpg,coco2017,train,images/coco2017_68b6ec693cdb43ee1c72.jpg
coco2017_69485bfde7adc0d28dea.jpg,coco2017,train,images/coco2017_69485bfde7adc0d28dea.jpg
coco2017_696f327086d510cbbb08.jpg,coco2017,train,images/coco2017_696f327086d510cbbb08.jpg
coco2017_6a25b6bc4bbe086a2d0d.jpg,coco2017,train,images/coco2017_6a25b6bc4bbe086a2d0d.jpg
coco2017_6a6be8ca492a4589ea76.jpg,coco2017,train,images/coco2017_6a6be8ca492a4589ea76.jpg
coco2017_6a8c3390962941a6547a.jpg,coco2017,train,images/coco2017_6a8c3390962941a6547a.jpg
coco2017_6aaaa0221f01ee19490f.jpg,coco2017,train,images/coco2017_6aaaa0221f01ee19490f.jpg
coco2017_6af52357ad541d28818e.jpg,coco2017,train,images/coco2017_6af52357ad541d28818e.jpg
coco2017_6b236bb3af69a60a583f.jpg,coco2017,train,images/coco2017_6b236bb3af69a60a583f.jpg
coco2017_6b5b1c194ad9bb613d6f.jpg,coco2017,train,images/coco2017_6b5b1c194ad9bb613d6f.jpg
coco2017_6b702f459ca57f36fc8e.jpg,coco2017,train,images/coco2017_6b702f459ca57f36fc8e.jpg
coco2017_6c272764316c8f0d38fb.jpg,coco2017,train,images/coco2017_6c272764316c8f0d38fb.jpg
coco2017_6c5830321704f893ff98.jpg,coco2017,train,images/coco2017_6c5830321704f893ff98.jpg
coco2017_6c9067d2eb06ddf356d9.jpg,coco2017,train,images/coco2017_6c9067d2eb06ddf356d9.jpg
coco2017_6cd72f9a8bab96f38ce0.jpg,coco2017,train,images/coco2017_6cd72f9a8bab96f38ce0.jpg
coco2017_6ce47f815a33bd94793e.jpg,coco2017,train,images/coco2017_6ce47f815a33bd94793e.jpg
coco2017_6d04ca408df02e9a83fa.jpg,coco2017,train,images/coco2017_6d04ca408df02e9a83fa.jpg
coco2017_6d61c1e93e3488b2b3ba.jpg,coco2017,train,images/coco2017_6d61c1e93e3488b2b3ba.jpg
coco2017_6d7d622bc22dc70c0100.jpg,coco2017,train,images/coco2017_6d7d622bc22dc70c0100.jpg
coco2017_6da095bb38a3c9a68b4a.jpg,coco2017,train,images/coco2017_6da095bb38a3c9a68b4a.jpg
coco2017_6ded7d1279ad0e668aca.jpg,coco2017,train,images/coco2017_6ded7d1279ad0e668aca.jpg
coco2017_6dfe30efe8ad27a7aa1a.jpg,coco2017,train,images/coco2017_6dfe30efe8ad27a7aa1a.jpg
coco2017_6e0b878fab0a54b5e62e.jpg,coco2017,train,images/coco2017_6e0b878fab0a54b5e62e.jpg
coco2017_6e912ee7dbde5320f411.jpg,coco2017,train,images/coco2017_6e912ee7dbde5320f411.jpg
coco2017_6e9dc8ad1025482e2df7.jpg,coco2017,train,images/coco2017_6e9dc8ad1025482e2df7.jpg
coco2017_6f3ed99f4e24308172f0.jpg,coco2017,train,images/coco2017_6f3ed99f4e24308172f0.jpg
coco2017_6f856e32ba9c4ffbd7c3.jpg,coco2017,train,images/coco2017_6f856e32ba9c4ffbd7c3.jpg
coco2017_6fdea5e32dbde5d45866.jpg,coco2017,train,images/coco2017_6fdea5e32dbde5d45866.jpg
coco2017_7021272ed3b99074393e.jpg,coco2017,train,images/coco2017_7021272ed3b99074393e.jpg
coco2017_702bb26047cc29587a12.jpg,coco2017,train,images/coco2017_702bb26047cc29587a12.jpg
coco2017_707445b832421e82ca33.jpg,coco2017,train,images/coco2017_707445b832421e82ca33.jpg
coco2017_715e0c112d1ab4f8bd8b.jpg,coco2017,train,images/coco2017_715e0c112d1ab4f8bd8b.jpg
coco2017_716ad2aa21bc0e53bd3f.jpg,coco2017,train,images/coco2017_716ad2aa21bc0e53bd3f.jpg
coco2017_71e942a09015c65dd4e8.jpg,coco2017,train,images/coco2017_71e942a09015c65dd4e8.jpg
coco2017_7263822155604dc51b68.jpg,coco2017,train,images/coco2017_7263822155604dc51b68.jpg
coco2017_72c649d6a00b1df24c9f.jpg,coco2017,train,images/coco2017_72c649d6a00b1df24c9f.jpg
coco2017_72fd364678a8084ca4c3.jpg,coco2017,train,images/coco2017_72fd364678a8084ca4c3.jpg
coco2017_73a72a5ea1f6e384d993.jpg,coco2017,train,images/coco2017_73a72a5ea1f6e384d993.jpg
coco2017_73d5cf68648a4a068c6b.jpg,coco2017,train,images/coco2017_73d5cf68648a4a068c6b.jpg
coco2017_744499bc98a9ab18b11c.jpg,coco2017,train,images/coco2017_744499bc98a9ab18b11c.jpg
coco2017_7469ed264bf60a01445b.jpg,coco2017,train,images/coco2017_7469ed264bf60a01445b.jpg
coco2017_74751c669e9373fa8f58.jpg,coco2017,train,images/coco2017_74751c669e9373fa8f58.jpg
coco2017_7482e789876cbdd18e1e.jpg,coco2017,train,images/coco2017_7482e789876cbdd18e1e.jpg
coco2017_74a0b8fbec63bcea6ac8.jpg,coco2017,train,images/coco2017_74a0b8fbec63bcea6ac8.jpg
coco2017_74a699e1f1266f83e11b.jpg,coco2017,train,images/coco2017_74a699e1f1266f83e11b.jpg
coco2017_7517a98296576cad66f9.jpg,coco2017,train,images/coco2017_7517a98296576cad66f9.jpg
coco2017_7539882ab8d532f47c13.jpg,coco2017,train,images/coco2017_7539882ab8d532f47c13.jpg
coco2017_75408bb4fe61c053e682.jpg,coco2017,train,images/coco2017_75408bb4fe61c053e682.jpg
coco2017_7556c0bed8452ea33d6e.jpg,coco2017,train,images/coco2017_7556c0bed8452ea33d6e.jpg
coco2017_75c4d8013e7f655ed62c.jpg,coco2017,train,images/coco2017_75c4d8013e7f655ed62c.jpg
coco2017_75db66f798c557655ad7.jpg,coco2017,train,images/coco2017_75db66f798c557655ad7.jpg
coco2017_760206635f3bf6b085d0.jpg,coco2017,train,images/coco2017_760206635f3bf6b085d0.jpg
coco2017_765a481659aa263c0ac3.jpg,coco2017,train,images/coco2017_765a481659aa263c0ac3.jpg
coco2017_76c4406d542afe45ad28.jpg,coco2017,train,images/coco2017_76c4406d542afe45ad28.jpg
coco2017_76d5a73a00f96a678f72.jpg,coco2017,train,images/coco2017_76d5a73a00f96a678f72.jpg
coco2017_77582d4650875a2eb356.jpg,coco2017,train,images/coco2017_77582d4650875a2eb356.jpg
coco2017_7762bf707a726cc64da9.jpg,coco2017,train,images/coco2017_7762bf707a726cc64da9.jpg
coco2017_777a4b64d474ba0dc0b2.jpg,coco2017,train,images/coco2017_777a4b64d474ba0dc0b2.jpg
coco2017_779380b9227dba05a992.jpg,coco2017,train,images/coco2017_779380b9227dba05a992.jpg
coco2017_77f09567741ec9bc3e09.jpg,coco2017,train,images/coco2017_77f09567741ec9bc3e09.jpg
coco2017_7823dc1a2e46b2f69ce8.jpg,coco2017,train,images/coco2017_7823dc1a2e46b2f69ce8.jpg
coco2017_78b000ed4db456d2bd9d.jpg,coco2017,train,images/coco2017_78b000ed4db456d2bd9d.jpg
coco2017_7965c46a54532a6f601d.jpg,coco2017,train,images/coco2017_7965c46a54532a6f601d.jpg
coco2017_7966693964e3d3ec55bc.jpg,coco2017,train,images/coco2017_7966693964e3d3ec55bc.jpg
coco2017_79e9208952b34b60df30.jpg,coco2017,train,images/coco2017_79e9208952b34b60df30.jpg
coco2017_7a085dcc20d7b2672240.jpg,coco2017,train,images/coco2017_7a085dcc20d7b2672240.jpg
coco2017_7a237e0c28617433aae3.jpg,coco2017,train,images/coco2017_7a237e0c28617433aae3.jpg
coco2017_7a2af4339fc4df3551aa.jpg,coco2017,train,images/coco2017_7a2af4339fc4df3551aa.jpg
coco2017_7a43c161c5ed760ee6c7.jpg,coco2017,train,images/coco2017_7a43c161c5ed760ee6c7.jpg
coco2017_7a5cda98ee5b78c0d7a7.jpg,coco2017,train,images/coco2017_7a5cda98ee5b78c0d7a7.jpg
coco2017_7a6c8ee7e521514c3a7c.jpg,coco2017,train,images/coco2017_7a6c8ee7e521514c3a7c.jpg
coco2017_7ab450ca46ff5ac151ed.jpg,coco2017,train,images/coco2017_7ab450ca46ff5ac151ed.jpg
coco2017_7ab4eead2b47d997b0d6.jpg,coco2017,train,images/coco2017_7ab4eead2b47d997b0d6.jpg
coco2017_7aefed64c0a998529dc9.jpg,coco2017,train,images/coco2017_7aefed64c0a998529dc9.jpg
coco2017_7b55639311e115f1b956.jpg,coco2017,train,images/coco2017_7b55639311e115f1b956.jpg
coco2017_7b8be5d97a925c5bc97a.jpg,coco2017,train,images/coco2017_7b8be5d97a925c5bc97a.jpg
coco2017_7bf76306fd9b24d6abce.jpg,coco2017,train,images/coco2017_7bf76306fd9b24d6abce.jpg
coco2017_7c8d16135609698cd326.jpg,coco2017,train,images/coco2017_7c8d16135609698cd326.jpg
coco2017_7ca135e478e1d70d3365.jpg,coco2017,train,images/coco2017_7ca135e478e1d70d3365.jpg
coco2017_7cbce703e8f52a01b8a0.jpg,coco2017,train,images/coco2017_7cbce703e8f52a01b8a0.jpg
coco2017_7d41c97dc524e33c5005.jpg,coco2017,train,images/coco2017_7d41c97dc524e33c5005.jpg
coco2017_7d5bdcf3793690f9217f.jpg,coco2017,train,images/coco2017_7d5bdcf3793690f9217f.jpg
coco2017_7d8e226dffa87871e1f5.jpg,coco2017,train,images/coco2017_7d8e226dffa87871e1f5.jpg
coco2017_7dd67cdcf36b22175268.jpg,coco2017,train,images/coco2017_7dd67cdcf36b22175268.jpg
coco2017_7e17a306f9e0c9422166.jpg,coco2017,train,images/coco2017_7e17a306f9e0c9422166.jpg
coco2017_7e50db6cba08614c4f7b.jpg,coco2017,train,images/coco2017_7e50db6cba08614c4f7b.jpg
coco2017_7ebafd5afdc025013662.jpg,coco2017,train,images/coco2017_7ebafd5afdc025013662.jpg
coco2017_7ec07169b2fdaf5bde12.jpg,coco2017,train,images/coco2017_7ec07169b2fdaf5bde12.jpg
coco2017_7ec42c044d095dbd294e.jpg,coco2017,train,images/coco2017_7ec42c044d095dbd294e.jpg
coco2017_7f47556d641084610ff6.jpg,coco2017,train,images/coco2017_7f47556d641084610ff6.jpg
coco2017_7f8890e1ab1ca185fb61.jpg,coco2017,train,images/coco2017_7f8890e1ab1ca185fb61.jpg
coco2017_80a4c2bedf72043aa5b5.jpg,coco2017,train,images/coco2017_80a4c2bedf72043aa5b5.jpg
coco2017_81d0151284abfa4ee768.jpg,coco2017,train,images/coco2017_81d0151284abfa4ee768.jpg
coco2017_82ec4b2067202de87419.jpg,coco2017,train,images/coco2017_82ec4b2067202de87419.jpg
coco2017_8338562b8922d5c1412e.jpg,coco2017,train,images/coco2017_8338562b8922d5c1412e.jpg
coco2017_840173bdefaa5257c642.jpg,coco2017,train,images/coco2017_840173bdefaa5257c642.jpg
coco2017_8436dff91c183712fa87.jpg,coco2017,train,images/coco2017_8436dff91c183712fa87.jpg
coco2017_84997fac742c1e459455.jpg,coco2017,train,images/coco2017_84997fac742c1e459455.jpg
coco2017_84f803a352b8b581e4ad.jpg,coco2017,train,images/coco2017_84f803a352b8b581e4ad.jpg
coco2017_850aaef8c3cc5b7969f2.jpg,coco2017,train,images/coco2017_850aaef8c3cc5b7969f2.jpg
coco2017_8574173341f8ae2d87ff.jpg,coco2017,train,images/coco2017_8574173341f8ae2d87ff.jpg
coco2017_8587330c28541539cac8.jpg,coco2017,train,images/coco2017_8587330c28541539cac8.jpg
coco2017_8588767e5a6aa86f7209.jpg,coco2017,train,images/coco2017_8588767e5a6aa86f7209.jpg
coco2017_85cebb6da53e046527d7.jpg,coco2017,train,images/coco2017_85cebb6da53e046527d7.jpg
coco2017_8640c0b1ab05fa274c4d.jpg,coco2017,train,images/coco2017_8640c0b1ab05fa274c4d.jpg
coco2017_8649ed82d7acca6aeeca.jpg,coco2017,train,images/coco2017_8649ed82d7acca6aeeca.jpg
coco2017_86c2885cd66a13483733.jpg,coco2017,train,images/coco2017_86c2885cd66a13483733.jpg
coco2017_87140191a2570928b873.jpg,coco2017,train,images/coco2017_87140191a2570928b873.jpg
coco2017_87c4284af1790cc5397f.jpg,coco2017,train,images/coco2017_87c4284af1790cc5397f.jpg
coco2017_87cfe902780e460e352a.jpg,coco2017,train,images/coco2017_87cfe902780e460e352a.jpg
coco2017_883861958b158924cc45.jpg,coco2017,train,images/coco2017_883861958b158924cc45.jpg
coco2017_886a145fecd2aadda0e0.jpg,coco2017,train,images/coco2017_886a145fecd2aadda0e0.jpg
coco2017_88a3f9b5a482c05cd5c8.jpg,coco2017,train,images/coco2017_88a3f9b5a482c05cd5c8.jpg
coco2017_88ded4aa3bbf094da3b1.jpg,coco2017,train,images/coco2017_88ded4aa3bbf094da3b1.jpg
coco2017_891030c5e185f6d140cb.jpg,coco2017,train,images/coco2017_891030c5e185f6d140cb.jpg
coco2017_8984d8513de5f81cefe3.jpg,coco2017,train,images/coco2017_8984d8513de5f81cefe3.jpg
coco2017_89962b3ef0b3b6636951.jpg,coco2017,train,images/coco2017_89962b3ef0b3b6636951.jpg
coco2017_8998c3b84b6bfbfbaa41.jpg,coco2017,train,images/coco2017_8998c3b84b6bfbfbaa41.jpg
coco2017_89c1d146ca3b65e291d4.jpg,coco2017,train,images/coco2017_89c1d146ca3b65e291d4.jpg
coco2017_89ca58b958dd82bf8e1a.jpg,coco2017,train,images/coco2017_89ca58b958dd82bf8e1a.jpg
coco2017_8a2eaf7d701a7e094fda.jpg,coco2017,train,images/coco2017_8a2eaf7d701a7e094fda.jpg
coco2017_8a72c3ef2164d928064b.jpg,coco2017,train,images/coco2017_8a72c3ef2164d928064b.jpg
coco2017_8a850fc9bdff3510fd8f.jpg,coco2017,train,images/coco2017_8a850fc9bdff3510fd8f.jpg
coco2017_8a8b22cb1fa23f525bd2.jpg,coco2017,train,images/coco2017_8a8b22cb1fa23f525bd2.jpg
coco2017_8acd3e9b3da022a465be.jpg,coco2017,train,images/coco2017_8acd3e9b3da022a465be.jpg
coco2017_8b204414ef34a1b3756d.jpg,coco2017,train,images/coco2017_8b204414ef34a1b3756d.jpg
coco2017_8b3190c26d512a7f3ddd.jpg,coco2017,train,images/coco2017_8b3190c26d512a7f3ddd.jpg
coco2017_8b405a22c454fdc23150.jpg,coco2017,train,images/coco2017_8b405a22c454fdc23150.jpg
coco2017_8b78b1da2f401a4c30af.jpg,coco2017,train,images/coco2017_8b78b1da2f401a4c30af.jpg
coco2017_8b9eca53bf7bde8257a7.jpg,coco2017,train,images/coco2017_8b9eca53bf7bde8257a7.jpg
coco2017_8ba81a6a3836a5dcfca7.jpg,coco2017,train,images/coco2017_8ba81a6a3836a5dcfca7.jpg
coco2017_8c110d9a21cd58de5430.jpg,coco2017,train,images/coco2017_8c110d9a21cd58de5430.jpg
coco2017_8c61e7457d53eea29bb4.jpg,coco2017,train,images/coco2017_8c61e7457d53eea29bb4.jpg
coco2017_8d508a8d3d28796b0184.jpg,coco2017,train,images/coco2017_8d508a8d3d28796b0184.jpg
coco2017_8d98a07c4e357c3e93c5.jpg,coco2017,train,images/coco2017_8d98a07c4e357c3e93c5.jpg
coco2017_8da545ff88ea16c28d4a.jpg,coco2017,train,images/coco2017_8da545ff88ea16c28d4a.jpg
coco2017_8da793ef8757ced1af44.jpg,coco2017,train,images/coco2017_8da793ef8757ced1af44.jpg
coco2017_8dffa2fa97bf3af4a9d9.jpg,coco2017,train,images/coco2017_8dffa2fa97bf3af4a9d9.jpg
coco2017_8e89e375ae0a27b2c727.jpg,coco2017,train,images/coco2017_8e89e375ae0a27b2c727.jpg
coco2017_8eb88523b0a77eb33303.jpg,coco2017,train,images/coco2017_8eb88523b0a77eb33303.jpg
coco2017_8ec62d89f5979b5e873d.jpg,coco2017,train,images/coco2017_8ec62d89f5979b5e873d.jpg
coco2017_8ee9f450ef8bb3ab19e9.jpg,coco2017,train,images/coco2017_8ee9f450ef8bb3ab19e9.jpg
coco2017_8f2a39f8d065a8107a91.jpg,coco2017,train,images/coco2017_8f2a39f8d065a8107a91.jpg
coco2017_8f72518c9dd42dfa9e84.jpg,coco2017,train,images/coco2017_8f72518c9dd42dfa9e84.jpg
coco2017_8fbf144837ad82039a8e.jpg,coco2017,train,images/coco2017_8fbf144837ad82039a8e.jpg
coco2017_8ffb3d75f2df42ffd1ad.jpg,coco2017,train,images/coco2017_8ffb3d75f2df42ffd1ad.jpg
coco2017_9025f5a44a223c3b26bc.jpg,coco2017,train,images/coco2017_9025f5a44a223c3b26bc.jpg
coco2017_90307f0845827b231a68.jpg,coco2017,train,images/coco2017_90307f0845827b231a68.jpg
coco2017_903e229045868af12474.jpg,coco2017,train,images/coco2017_903e229045868af12474.jpg
coco2017_904afdd2aebd0fc97d72.jpg,coco2017,train,images/coco2017_904afdd2aebd0fc97d72.jpg
coco2017_907fcc53f7b0c2d9665f.jpg,coco2017,train,images/coco2017_907fcc53f7b0c2d9665f.jpg
coco2017_91a5b1e8be2f3334805f.jpg,coco2017,train,images/coco2017_91a5b1e8be2f3334805f.jpg
coco2017_92496cce8f9318272c2b.jpg,coco2017,train,images/coco2017_92496cce8f9318272c2b.jpg
coco2017_927a104a4eb1ba796094.jpg,coco2017,train,images/coco2017_927a104a4eb1ba796094.jpg
coco2017_9293febf62e60fd0bc3d.jpg,coco2017,train,images/coco2017_9293febf62e60fd0bc3d.jpg
coco2017_930887f6ee5d0e2cd7db.jpg,coco2017,train,images/coco2017_930887f6ee5d0e2cd7db.jpg
coco2017_9355653c1c6270cd8b70.jpg,coco2017,train,images/coco2017_9355653c1c6270cd8b70.jpg
coco2017_9361a013bbe68e4b3f70.jpg,coco2017,train,images/coco2017_9361a013bbe68e4b3f70.jpg
coco2017_9361f25325377519d5c2.jpg,coco2017,train,images/coco2017_9361f25325377519d5c2.jpg
coco2017_9461181fdc86bf2537de.jpg,coco2017,train,images/coco2017_9461181fdc86bf2537de.jpg
coco2017_94770d96a94d4701038e.jpg,coco2017,train,images/coco2017_94770d96a94d4701038e.jpg
coco2017_94c44a4c2c1c24be0582.jpg,coco2017,train,images/coco2017_94c44a4c2c1c24be0582.jpg
coco2017_95a965d8e38647c6fe22.jpg,coco2017,train,images/coco2017_95a965d8e38647c6fe22.jpg
coco2017_95bba2b5fa60295973e2.jpg,coco2017,train,images/coco2017_95bba2b5fa60295973e2.jpg
coco2017_95c8ab5ea4635021cbce.jpg,coco2017,train,images/coco2017_95c8ab5ea4635021cbce.jpg
coco2017_95e263cdc33f3d657068.jpg,coco2017,train,images/coco2017_95e263cdc33f3d657068.jpg
coco2017_95ec522b1d98e2e9dbeb.jpg,coco2017,train,images/coco2017_95ec522b1d98e2e9dbeb.jpg
coco2017_9653e1c5a3b497f6018e.jpg,coco2017,train,images/coco2017_9653e1c5a3b497f6018e.jpg
coco2017_969745ff1fc1931ef994.jpg,coco2017,train,images/coco2017_969745ff1fc1931ef994.jpg
coco2017_9735709addbae08b8d34.jpg,coco2017,train,images/coco2017_9735709addbae08b8d34.jpg
coco2017_9773eba5704e9792bb66.jpg,coco2017,train,images/coco2017_9773eba5704e9792bb66.jpg
coco2017_97aab33c1fac4822724c.jpg,coco2017,train,images/coco2017_97aab33c1fac4822724c.jpg
coco2017_97da8875911230742f55.jpg,coco2017,train,images/coco2017_97da8875911230742f55.jpg
coco2017_97de26033487cea9e5df.jpg,coco2017,train,images/coco2017_97de26033487cea9e5df.jpg
coco2017_97e7d9f8dd26f7b5ec90.jpg,coco2017,train,images/coco2017_97e7d9f8dd26f7b5ec90.jpg
coco2017_98888ca5eba78e827a1f.jpg,coco2017,train,images/coco2017_98888ca5eba78e827a1f.jpg
coco2017_98a7d819c5450229df06.jpg,coco2017,train,images/coco2017_98a7d819c5450229df06.jpg
coco2017_98c03339bd5e3b63c789.jpg,coco2017,train,images/coco2017_98c03339bd5e3b63c789.jpg
coco2017_995b43bf79b5b02c79d7.jpg,coco2017,train,images/coco2017_995b43bf79b5b02c79d7.jpg
coco2017_997de664999fdde61070.jpg,coco2017,train,images/coco2017_997de664999fdde61070.jpg
coco2017_99d952c79252c7d7ddee.jpg,coco2017,train,images/coco2017_99d952c79252c7d7ddee.jpg
coco2017_99ee614f97e1dc77c5e5.jpg,coco2017,train,images/coco2017_99ee614f97e1dc77c5e5.jpg
coco2017_9a7b5036a7ef71cecf79.jpg,coco2017,train,images/coco2017_9a7b5036a7ef71cecf79.jpg
coco2017_9ad4f6d27db9fdc22c62.jpg,coco2017,train,images/coco2017_9ad4f6d27db9fdc22c62.jpg
coco2017_9afcacd921b6cd997d34.jpg,coco2017,train,images/coco2017_9afcacd921b6cd997d34.jpg
coco2017_9b1840fa0120e88408f5.jpg,coco2017,train,images/coco2017_9b1840fa0120e88408f5.jpg
coco2017_9baaffbf5412ab194dee.jpg,coco2017,train,images/coco2017_9baaffbf5412ab194dee.jpg
coco2017_9bc942ba5e6a68623a60.jpg,coco2017,train,images/coco2017_9bc942ba5e6a68623a60.jpg
coco2017_9c494b3b86bc9d77310b.jpg,coco2017,train,images/coco2017_9c494b3b86bc9d77310b.jpg
coco2017_9c6af31f3f055b373ddd.jpg,coco2017,train,images/coco2017_9c6af31f3f055b373ddd.jpg
coco2017_9caf47da42025688be94.jpg,coco2017,train,images/coco2017_9caf47da42025688be94.jpg
coco2017_9d7a8c007ff2d7f01f24.jpg,coco2017,train,images/coco2017_9d7a8c007ff2d7f01f24.jpg
coco2017_9dca51ef2be1104ab607.jpg,coco2017,train,images/coco2017_9dca51ef2be1104ab607.jpg
coco2017_9dd98abadffcebe3f941.jpg,coco2017,train,images/coco2017_9dd98abadffcebe3f941.jpg
coco2017_9e96d91781f6b35a85ef.jpg,coco2017,train,images/coco2017_9e96d91781f6b35a85ef.jpg
coco2017_9eea45dc8e17ea96b587.jpg,coco2017,train,images/coco2017_9eea45dc8e17ea96b587.jpg
coco2017_9ef0e617c025ab176ff2.jpg,coco2017,train,images/coco2017_9ef0e617c025ab176ff2.jpg
coco2017_9f033365f8c89123c445.jpg,coco2017,train,images/coco2017_9f033365f8c89123c445.jpg
coco2017_9f50f374b9e724f89311.jpg,coco2017,train,images/coco2017_9f50f374b9e724f89311.jpg
coco2017_a10e7527f76225ed55dd.jpg,coco2017,train,images/coco2017_a10e7527f76225ed55dd.jpg
coco2017_a140678b93beb0a4c159.jpg,coco2017,train,images/coco2017_a140678b93beb0a4c159.jpg
coco2017_a154f51b91ea00fa1532.jpg,coco2017,train,images/coco2017_a154f51b91ea00fa1532.jpg
coco2017_a155ef3ed509dbb30ccd.jpg,coco2017,train,images/coco2017_a155ef3ed509dbb30ccd.jpg
coco2017_a16dfb4b71ed83f9063b.jpg,coco2017,train,images/coco2017_a16dfb4b71ed83f9063b.jpg
coco2017_a247352e07576b8131f2.jpg,coco2017,train,images/coco2017_a247352e07576b8131f2.jpg
coco2017_a24bed73f773fb7d33e5.jpg,coco2017,train,images/coco2017_a24bed73f773fb7d33e5.jpg
coco2017_a24ce0a38646fd91278f.jpg,coco2017,train,images/coco2017_a24ce0a38646fd91278f.jpg
coco2017_a2a20c9585b0135e7ee6.jpg,coco2017,train,images/coco2017_a2a20c9585b0135e7ee6.jpg
coco2017_a340134ac132c954a701.jpg,coco2017,train,images/coco2017_a340134ac132c954a701.jpg
coco2017_a340858ed41aaad83d1f.jpg,coco2017,train,images/coco2017_a340858ed41aaad83d1f.jpg
coco2017_a3f4be0aabcb127b05df.jpg,coco2017,train,images/coco2017_a3f4be0aabcb127b05df.jpg
coco2017_a4069f1acdea010ec7e1.jpg,coco2017,train,images/coco2017_a4069f1acdea010ec7e1.jpg
coco2017_a418604e00bfe0d79538.jpg,coco2017,train,images/coco2017_a418604e00bfe0d79538.jpg
coco2017_a47712d89909d8fe4511.jpg,coco2017,train,images/coco2017_a47712d89909d8fe4511.jpg
coco2017_a49443248bc7573d98d7.jpg,coco2017,train,images/coco2017_a49443248bc7573d98d7.jpg
coco2017_a4b0ff0e95785f87f187.jpg,coco2017,train,images/coco2017_a4b0ff0e95785f87f187.jpg
coco2017_a4d3bb12ca8b47a58c29.jpg,coco2017,train,images/coco2017_a4d3bb12ca8b47a58c29.jpg
coco2017_a4fbe084763ea1fe9f0a.jpg,coco2017,train,images/coco2017_a4fbe084763ea1fe9f0a.jpg
coco2017_a5136fa13b268832bbfc.jpg,coco2017,train,images/coco2017_a5136fa13b268832bbfc.jpg
coco2017_a5df4d3816aa39e19bf5.jpg,coco2017,train,images/coco2017_a5df4d3816aa39e19bf5.jpg
coco2017_a60a4ab1639a8f956065.jpg,coco2017,train,images/coco2017_a60a4ab1639a8f956065.jpg
coco2017_a6791e6730c2853dbc00.jpg,coco2017,train,images/coco2017_a6791e6730c2853dbc00.jpg
coco2017_a68915081a642f5155b5.jpg,coco2017,train,images/coco2017_a68915081a642f5155b5.jpg
coco2017_a7760a1ac964667377d0.jpg,coco2017,train,images/coco2017_a7760a1ac964667377d0.jpg
coco2017_a7a7581aa1b5b731a88a.jpg,coco2017,train,images/coco2017_a7a7581aa1b5b731a88a.jpg
coco2017_a7bc49f058c0e1edd906.jpg,coco2017,train,images/coco2017_a7bc49f058c0e1edd906.jpg
coco2017_a7eb37e8a5b9e36f74ef.jpg,coco2017,train,images/coco2017_a7eb37e8a5b9e36f74ef.jpg
coco2017_a7ee8e14adf8dced76a0.jpg,coco2017,train,images/coco2017_a7ee8e14adf8dced76a0.jpg
coco2017_a87c4151e770cc27252b.jpg,coco2017,train,images/coco2017_a87c4151e770cc27252b.jpg
coco2017_a8fbd4173d147fdc1e7f.jpg,coco2017,train,images/coco2017_a8fbd4173d147fdc1e7f.jpg
coco2017_a9424321d5275a84ddb0.jpg,coco2017,train,images/coco2017_a9424321d5275a84ddb0.jpg
coco2017_a951ea4c9b8f5397675a.jpg,coco2017,train,images/coco2017_a951ea4c9b8f5397675a.jpg
coco2017_a9b47dcc6576e9b6d6cd.jpg,coco2017,train,images/coco2017_a9b47dcc6576e9b6d6cd.jpg
coco2017_a9ed157e22cdd4ae3d98.jpg,coco2017,train,images/coco2017_a9ed157e22cdd4ae3d98.jpg
coco2017_aa03f1ca7f63f541daf9.jpg,coco2017,train,images/coco2017_aa03f1ca7f63f541daf9.jpg
coco2017_aa0d56c60dc5cc15a4fe.jpg,coco2017,train,images/coco2017_aa0d56c60dc5cc15a4fe.jpg
coco2017_aa551ca3f5ecb7346a54.jpg,coco2017,train,images/coco2017_aa551ca3f5ecb7346a54.jpg
coco2017_aa8cba41ff629aa2a1ab.jpg,coco2017,train,images/coco2017_aa8cba41ff629aa2a1ab.jpg
coco2017_ab2fab1a5b741a9bd5e4.jpg,coco2017,train,images/coco2017_ab2fab1a5b741a9bd5e4.jpg
coco2017_abb1aaa91acd27c43637.jpg,coco2017,train,images/coco2017_abb1aaa91acd27c43637.jpg
coco2017_ac7c6f4f0c54b018ce21.jpg,coco2017,train,images/coco2017_ac7c6f4f0c54b018ce21.jpg
coco2017_ac88058e28e673fc1e5a.jpg,coco2017,train,images/coco2017_ac88058e28e673fc1e5a.jpg
coco2017_addc59e3a9a0da0f3ca1.jpg,coco2017,train,images/coco2017_addc59e3a9a0da0f3ca1.jpg
coco2017_ae4a7463993869a3b1e6.jpg,coco2017,train,images/coco2017_ae4a7463993869a3b1e6.jpg
coco2017_aecba95ac16ca93e4de3.jpg,coco2017,train,images/coco2017_aecba95ac16ca93e4de3.jpg
coco2017_af6f001b0d198e95e92c.jpg,coco2017,train,images/coco2017_af6f001b0d198e95e92c.jpg
coco2017_af9890285a1e55a48876.jpg,coco2017,train,images/coco2017_af9890285a1e55a48876.jpg
coco2017_af99a8c442bd50b55122.jpg,coco2017,train,images/coco2017_af99a8c442bd50b55122.jpg
coco2017_b09437d5f56461f672fb.jpg,coco2017,train,images/coco2017_b09437d5f56461f672fb.jpg
coco2017_b10c3a77e79c9cc4d1f3.jpg,coco2017,train,images/coco2017_b10c3a77e79c9cc4d1f3.jpg
coco2017_b1223773687c5b1281f8.jpg,coco2017,train,images/coco2017_b1223773687c5b1281f8.jpg
coco2017_b147edf48a91d1f79fb2.jpg,coco2017,train,images/coco2017_b147edf48a91d1f79fb2.jpg
coco2017_b2447e7a2da793df8e48.jpg,coco2017,train,images/coco2017_b2447e7a2da793df8e48.jpg
coco2017_b263a07041df8275b4d7.jpg,coco2017,train,images/coco2017_b263a07041df8275b4d7.jpg
coco2017_b26871eaa5ee127c5935.jpg,coco2017,train,images/coco2017_b26871eaa5ee127c5935.jpg
coco2017_b292efa9bc3835f7f3b6.jpg,coco2017,train,images/coco2017_b292efa9bc3835f7f3b6.jpg
coco2017_b2a52d7d753a9179eb89.jpg,coco2017,train,images/coco2017_b2a52d7d753a9179eb89.jpg
coco2017_b36a1d6c36838616c9f0.jpg,coco2017,train,images/coco2017_b36a1d6c36838616c9f0.jpg
coco2017_b3bca93d84e5d862b08c.jpg,coco2017,train,images/coco2017_b3bca93d84e5d862b08c.jpg
coco2017_b3f8a20cbe866e03cb2f.jpg,coco2017,train,images/coco2017_b3f8a20cbe866e03cb2f.jpg
coco2017_b406f27dcb203aa11b58.jpg,coco2017,train,images/coco2017_b406f27dcb203aa11b58.jpg
coco2017_b4e2ab2e8758b0056ac8.jpg,coco2017,train,images/coco2017_b4e2ab2e8758b0056ac8.jpg
coco2017_b4fe70313334b1e93233.jpg,coco2017,train,images/coco2017_b4fe70313334b1e93233.jpg
coco2017_b500890413020cda0102.jpg,coco2017,train,images/coco2017_b500890413020cda0102.jpg
coco2017_b57f461c40c802df383c.jpg,coco2017,train,images/coco2017_b57f461c40c802df383c.jpg
coco2017_b66574683c29823055dc.jpg,coco2017,train,images/coco2017_b66574683c29823055dc.jpg
coco2017_b6ab68a57d94626258b9.jpg,coco2017,train,images/coco2017_b6ab68a57d94626258b9.jpg
coco2017_b6d6af801b06072230c7.jpg,coco2017,train,images/coco2017_b6d6af801b06072230c7.jpg
coco2017_b6e372bf20666628bfd9.jpg,coco2017,train,images/coco2017_b6e372bf20666628bfd9.jpg
coco2017_b6f2cff2437557cdd0cf.jpg,coco2017,train,images/coco2017_b6f2cff2437557cdd0cf.jpg
coco2017_b779378075e4bc79dfe5.jpg,coco2017,train,images/coco2017_b779378075e4bc79dfe5.jpg
coco2017_b7d84036949194e9ed3d.jpg,coco2017,train,images/coco2017_b7d84036949194e9ed3d.jpg
coco2017_b90e20e6472db0c8da8b.jpg,coco2017,train,images/coco2017_b90e20e6472db0c8da8b.jpg
coco2017_b9327b3524780e61da62.jpg,coco2017,train,images/coco2017_b9327b3524780e61da62.jpg
coco2017_b971452536a9e765195c.jpg,coco2017,train,images/coco2017_b971452536a9e765195c.jpg
coco2017_b999f77a44dd1b4fb494.jpg,coco2017,train,images/coco2017_b999f77a44dd1b4fb494.jpg
coco2017_bae28716d53cbdb4f2a3.jpg,coco2017,train,images/coco2017_bae28716d53cbdb4f2a3.jpg
coco2017_bbb2f60ae2b67391f2c6.jpg,coco2017,train,images/coco2017_bbb2f60ae2b67391f2c6.jpg
coco2017_bbe24007ea6fb1332445.jpg,coco2017,train,images/coco2017_bbe24007ea6fb1332445.jpg
coco2017_bbf4edc6f6e07240b693.jpg,coco2017,train,images/coco2017_bbf4edc6f6e07240b693.jpg
coco2017_bc40cc17aa652acd8ea9.jpg,coco2017,train,images/coco2017_bc40cc17aa652acd8ea9.jpg
coco2017_bc917283fbc92ad8eb48.jpg,coco2017,train,images/coco2017_bc917283fbc92ad8eb48.jpg
coco2017_bcffdcb2a2e24f1ea4c4.jpg,coco2017,train,images/coco2017_bcffdcb2a2e24f1ea4c4.jpg
coco2017_bd430a8a575f01dd2ccd.jpg,coco2017,train,images/coco2017_bd430a8a575f01dd2ccd.jpg
coco2017_bd4bd8c16aac035a0c60.jpg,coco2017,train,images/coco2017_bd4bd8c16aac035a0c60.jpg
coco2017_bda4e1078aebdc2c0c7d.jpg,coco2017,train,images/coco2017_bda4e1078aebdc2c0c7d.jpg
coco2017_be111cd5a26b6281ed0f.jpg,coco2017,train,images/coco2017_be111cd5a26b6281ed0f.jpg
coco2017_be89daec4fbc145c1f0b.jpg,coco2017,train,images/coco2017_be89daec4fbc145c1f0b.jpg
coco2017_bf73d2e6cdbe49742a65.jpg,coco2017,train,images/coco2017_bf73d2e6cdbe49742a65.jpg
coco2017_bf84578caead7383bc71.jpg,coco2017,train,images/coco2017_bf84578caead7383bc71.jpg
coco2017_bfbd0cd1e7410fac57d6.jpg,coco2017,train,images/coco2017_bfbd0cd1e7410fac57d6.jpg
coco2017_c154157a29a64c9a5ab7.jpg,coco2017,train,images/coco2017_c154157a29a64c9a5ab7.jpg
coco2017_c15a2da0f3c05481b8ed.jpg,coco2017,train,images/coco2017_c15a2da0f3c05481b8ed.jpg
coco2017_c1915df1273fd2c14f18.jpg,coco2017,train,images/coco2017_c1915df1273fd2c14f18.jpg
coco2017_c1bf1580edafbb585b3d.jpg,coco2017,train,images/coco2017_c1bf1580edafbb585b3d.jpg
coco2017_c1df8356d58cde33dff2.jpg,coco2017,train,images/coco2017_c1df8356d58cde33dff2.jpg
coco2017_c3655230d1d0cb4f6d76.jpg,coco2017,train,images/coco2017_c3655230d1d0cb4f6d76.jpg
coco2017_c3a952945a11be5970c5.jpg,coco2017,train,images/coco2017_c3a952945a11be5970c5.jpg
coco2017_c475f5742f465e7d6dee.jpg,coco2017,train,images/coco2017_c475f5742f465e7d6dee.jpg
coco2017_c4b6630f8a9c9d68ee5c.jpg,coco2017,train,images/coco2017_c4b6630f8a9c9d68ee5c.jpg
coco2017_c57ee25da720fdf5ab5f.jpg,coco2017,train,images/coco2017_c57ee25da720fdf5ab5f.jpg
coco2017_c5850179ca29b3fb2426.jpg,coco2017,train,images/coco2017_c5850179ca29b3fb2426.jpg
coco2017_c5e12c50acbc98e2fd8f.jpg,coco2017,train,images/coco2017_c5e12c50acbc98e2fd8f.jpg
coco2017_c5eeb42bb9a77a8f4d0a.jpg,coco2017,train,images/coco2017_c5eeb42bb9a77a8f4d0a.jpg
coco2017_c615ec98fffc028a673f.jpg,coco2017,train,images/coco2017_c615ec98fffc028a673f.jpg
coco2017_c64615db0ca2fa7d11a7.jpg,coco2017,train,images/coco2017_c64615db0ca2fa7d11a7.jpg
coco2017_c66293dab4846e880456.jpg,coco2017,train,images/coco2017_c66293dab4846e880456.jpg
coco2017_c665a58b2263e29fbb59.jpg,coco2017,train,images/coco2017_c665a58b2263e29fbb59.jpg
coco2017_c6a787c46459ea36d3f7.jpg,coco2017,train,images/coco2017_c6a787c46459ea36d3f7.jpg
coco2017_c6b2cae91e906699f3ab.jpg,coco2017,train,images/coco2017_c6b2cae91e906699f3ab.jpg
coco2017_c6c74d75ddc50348bb13.jpg,coco2017,train,images/coco2017_c6c74d75ddc50348bb13.jpg
coco2017_c74cf0b330ff5fc3afbd.jpg,coco2017,train,images/coco2017_c74cf0b330ff5fc3afbd.jpg
coco2017_c75f0b23a41ec2df39b0.jpg,coco2017,train,images/coco2017_c75f0b23a41ec2df39b0.jpg
coco2017_c763d6984616838ae707.jpg,coco2017,train,images/coco2017_c763d6984616838ae707.jpg
coco2017_c8049dd6a00a7a05a39c.jpg,coco2017,train,images/coco2017_c8049dd6a00a7a05a39c.jpg
coco2017_c85b8022c10ac14ebebd.jpg,coco2017,train,images/coco2017_c85b8022c10ac14ebebd.jpg
coco2017_c8704c61a9e5b1b936ee.jpg,coco2017,train,images/coco2017_c8704c61a9e5b1b936ee.jpg
coco2017_c9da60dd282452d255d9.jpg,coco2017,train,images/coco2017_c9da60dd282452d255d9.jpg
coco2017_ca550ab860fd1706a219.jpg,coco2017,train,images/coco2017_ca550ab860fd1706a219.jpg
coco2017_ca6c97f130d69bc32aaf.jpg,coco2017,train,images/coco2017_ca6c97f130d69bc32aaf.jpg
coco2017_caab618525fd9ae83b3a.jpg,coco2017,train,images/coco2017_caab618525fd9ae83b3a.jpg
coco2017_caad7f40bf1d0dbc6f39.jpg,coco2017,train,images/coco2017_caad7f40bf1d0dbc6f39.jpg
coco2017_cb3707ae97721b5ac659.jpg,coco2017,train,images/coco2017_cb3707ae97721b5ac659.jpg
coco2017_cb9cd41692efcfd22ff1.jpg,coco2017,train,images/coco2017_cb9cd41692efcfd22ff1.jpg
coco2017_cbbe197e9a34676d316f.jpg,coco2017,train,images/coco2017_cbbe197e9a34676d316f.jpg
coco2017_cc11334b09c7f93131e0.jpg,coco2017,train,images/coco2017_cc11334b09c7f93131e0.jpg
coco2017_cc9d5870c1c9585e4c3c.jpg,coco2017,train,images/coco2017_cc9d5870c1c9585e4c3c.jpg
coco2017_ccaaba78b7d821f73305.jpg,coco2017,train,images/coco2017_ccaaba78b7d821f73305.jpg
coco2017_cd2642e47d5ed3cf0d34.jpg,coco2017,train,images/coco2017_cd2642e47d5ed3cf0d34.jpg
coco2017_cd9566ec5670e524b3cd.jpg,coco2017,train,images/coco2017_cd9566ec5670e524b3cd.jpg
coco2017_cde772572d488ea1e5fa.jpg,coco2017,train,images/coco2017_cde772572d488ea1e5fa.jpg
coco2017_ce0ec83046e49473c304.jpg,coco2017,train,images/coco2017_ce0ec83046e49473c304.jpg
coco2017_ce15a8e3a007709a73ef.jpg,coco2017,train,images/coco2017_ce15a8e3a007709a73ef.jpg
coco2017_ce62d01fca14915d3dd0.jpg,coco2017,train,images/coco2017_ce62d01fca14915d3dd0.jpg
coco2017_ced67db87704d772c51b.jpg,coco2017,train,images/coco2017_ced67db87704d772c51b.jpg
coco2017_d03628b17c2b2137b70d.jpg,coco2017,train,images/coco2017_d03628b17c2b2137b70d.jpg
coco2017_d078a08ac1f6caa91457.jpg,coco2017,train,images/coco2017_d078a08ac1f6caa91457.jpg
coco2017_d07bfad45d62c696df9d.jpg,coco2017,train,images/coco2017_d07bfad45d62c696df9d.jpg
coco2017_d0810155bf51411f10d4.jpg,coco2017,train,images/coco2017_d0810155bf51411f10d4.jpg
coco2017_d0adf6bbd38bc16cbaf8.jpg,coco2017,train,images/coco2017_d0adf6bbd38bc16cbaf8.jpg
coco2017_d0e16de4da61b6d0639d.jpg,coco2017,train,images/coco2017_d0e16de4da61b6d0639d.jpg
coco2017_d10368ccbfb377a9ee67.jpg,coco2017,train,images/coco2017_d10368ccbfb377a9ee67.jpg
coco2017_d14171abedbba0ca69fb.jpg,coco2017,train,images/coco2017_d14171abedbba0ca69fb.jpg
coco2017_d15dab54c04aca592962.jpg,coco2017,train,images/coco2017_d15dab54c04aca592962.jpg
coco2017_d1683083a26a6e3bd4a4.jpg,coco2017,train,images/coco2017_d1683083a26a6e3bd4a4.jpg
coco2017_d16fa2f8a40140332436.jpg,coco2017,train,images/coco2017_d16fa2f8a40140332436.jpg
coco2017_d1a3aac84cdc05333347.jpg,coco2017,train,images/coco2017_d1a3aac84cdc05333347.jpg
coco2017_d1aa8abdb1f8e64ceea1.jpg,coco2017,train,images/coco2017_d1aa8abdb1f8e64ceea1.jpg
coco2017_d1d1a6eefd6dc0463aeb.jpg,coco2017,train,images/coco2017_d1d1a6eefd6dc0463aeb.jpg
coco2017_d2df97078f972091cd51.jpg,coco2017,train,images/coco2017_d2df97078f972091cd51.jpg
coco2017_d2fd79e03c3b453dffc8.jpg,coco2017,train,images/coco2017_d2fd79e03c3b453dffc8.jpg
coco2017_d3a1e3ca459e0b3e32c9.jpg,coco2017,train,images/coco2017_d3a1e3ca459e0b3e32c9.jpg
coco2017_d3c05a9b96a223316bd9.jpg,coco2017,train,images/coco2017_d3c05a9b96a223316bd9.jpg
coco2017_d3c3b954df7411bf0a4e.jpg,coco2017,train,images/coco2017_d3c3b954df7411bf0a4e.jpg
coco2017_d459771c0eccc24ff467.jpg,coco2017,train,images/coco2017_d459771c0eccc24ff467.jpg
coco2017_d47bcbb6fb87120e637b.jpg,coco2017,train,images/coco2017_d47bcbb6fb87120e637b.jpg
coco2017_d4e836eab524ae46d60c.jpg,coco2017,train,images/coco2017_d4e836eab524ae46d60c.jpg
coco2017_d4ec6fc904f34bf9b6ef.jpg,coco2017,train,images/coco2017_d4ec6fc904f34bf9b6ef.jpg
coco2017_d5013f74628850850d24.jpg,coco2017,train,images/coco2017_d5013f74628850850d24.jpg
coco2017_d502509a11b0402ce4b4.jpg,coco2017,train,images/coco2017_d502509a11b0402ce4b4.jpg
coco2017_d54aca7cd1dc830c2533.jpg,coco2017,train,images/coco2017_d54aca7cd1dc830c2533.jpg
coco2017_d576134e0b8787208b5c.jpg,coco2017,train,images/coco2017_d576134e0b8787208b5c.jpg
coco2017_d5af6e66ee264eae5e04.jpg,coco2017,train,images/coco2017_d5af6e66ee264eae5e04.jpg
coco2017_d5c4e52716e805ceac82.jpg,coco2017,train,images/coco2017_d5c4e52716e805ceac82.jpg
coco2017_d6d802a030c200b47a75.jpg,coco2017,train,images/coco2017_d6d802a030c200b47a75.jpg
coco2017_d7090cb872146defef63.jpg,coco2017,train,images/coco2017_d7090cb872146defef63.jpg
coco2017_d730d30adb73a6ae599a.jpg,coco2017,train,images/coco2017_d730d30adb73a6ae599a.jpg
coco2017_d79725cfbd5143478b97.jpg,coco2017,train,images/coco2017_d79725cfbd5143478b97.jpg
coco2017_d79cac6320c207cccb6c.jpg,coco2017,train,images/coco2017_d79cac6320c207cccb6c.jpg
coco2017_d7b553d0c856af981df2.jpg,coco2017,train,images/coco2017_d7b553d0c856af981df2.jpg
coco2017_d7c22fcd7a5b5135ff82.jpg,coco2017,train,images/coco2017_d7c22fcd7a5b5135ff82.jpg
coco2017_d7d12e52680ea1ebb214.jpg,coco2017,train,images/coco2017_d7d12e52680ea1ebb214.jpg
coco2017_d880fd4f7566649453f1.jpg,coco2017,train,images/coco2017_d880fd4f7566649453f1.jpg
coco2017_d883605c0f4d8a1a1af1.jpg,coco2017,train,images/coco2017_d883605c0f4d8a1a1af1.jpg
coco2017_d8f1334acce0a1ddadea.jpg,coco2017,train,images/coco2017_d8f1334acce0a1ddadea.jpg
coco2017_d9daad229004768d6190.jpg,coco2017,train,images/coco2017_d9daad229004768d6190.jpg
coco2017_da0fdd87fd5247d8271d.jpg,coco2017,train,images/coco2017_da0fdd87fd5247d8271d.jpg
coco2017_da80d20beb15252724b8.jpg,coco2017,train,images/coco2017_da80d20beb15252724b8.jpg
coco2017_da8c60c513980067ab47.jpg,coco2017,train,images/coco2017_da8c60c513980067ab47.jpg
coco2017_da94346b2f336ad8a755.jpg,coco2017,train,images/coco2017_da94346b2f336ad8a755.jpg
coco2017_da9ace7e57e8aa503ef6.jpg,coco2017,train,images/coco2017_da9ace7e57e8aa503ef6.jpg
coco2017_dadf42e14197c7f064f8.jpg,coco2017,train,images/coco2017_dadf42e14197c7f064f8.jpg
coco2017_dafbc9371c7d11eae3ac.jpg,coco2017,train,images/coco2017_dafbc9371c7d11eae3ac.jpg
coco2017_db09011ca2552db756f5.jpg,coco2017,train,images/coco2017_db09011ca2552db756f5.jpg
coco2017_db4ff36fe7b04fa125d6.jpg,coco2017,train,images/coco2017_db4ff36fe7b04fa125d6.jpg
coco2017_dc84f4daf4d086d327ee.jpg,coco2017,train,images/coco2017_dc84f4daf4d086d327ee.jpg
coco2017_dcceb9a6605e9c7deb3d.jpg,coco2017,train,images/coco2017_dcceb9a6605e9c7deb3d.jpg
coco2017_dd9ffbf000a2d6a49c12.jpg,coco2017,train,images/coco2017_dd9ffbf000a2d6a49c12.jpg
coco2017_dde1c5c73debc3d5283c.jpg,coco2017,train,images/coco2017_dde1c5c73debc3d5283c.jpg
coco2017_def67e06a6e869c2a29e.jpg,coco2017,train,images/coco2017_def67e06a6e869c2a29e.jpg
coco2017_def9f296afe9d47a205a.jpg,coco2017,train,images/coco2017_def9f296afe9d47a205a.jpg
coco2017_df258ad76385771b2235.jpg,coco2017,train,images/coco2017_df258ad76385771b2235.jpg
coco2017_df3920535622ffb99490.jpg,coco2017,train,images/coco2017_df3920535622ffb99490.jpg
coco2017_df7ec1771e5c5668003e.jpg,coco2017,train,images/coco2017_df7ec1771e5c5668003e.jpg
coco2017_e00f01a17c6e5ad39e87.jpg,coco2017,train,images/coco2017_e00f01a17c6e5ad39e87.jpg
coco2017_e0114a8f5b9fd55bdaee.jpg,coco2017,train,images/coco2017_e0114a8f5b9fd55bdaee.jpg
coco2017_e0315816a2e16ad77fc9.jpg,coco2017,train,images/coco2017_e0315816a2e16ad77fc9.jpg
coco2017_e06fef3957cc1520f532.jpg,coco2017,train,images/coco2017_e06fef3957cc1520f532.jpg
coco2017_e0c10a343ac8117b0b6c.jpg,coco2017,train,images/coco2017_e0c10a343ac8117b0b6c.jpg
coco2017_e1aaffc5010d10f3eb94.jpg,coco2017,train,images/coco2017_e1aaffc5010d10f3eb94.jpg
coco2017_e1ae1711ccb540a81af0.jpg,coco2017,train,images/coco2017_e1ae1711ccb540a81af0.jpg
coco2017_e1ae568e5a8281f38ac2.jpg,coco2017,train,images/coco2017_e1ae568e5a8281f38ac2.jpg
coco2017_e1b814cc3d154462bd85.jpg,coco2017,train,images/coco2017_e1b814cc3d154462bd85.jpg
coco2017_e219382c151eeda08d19.jpg,coco2017,train,images/coco2017_e219382c151eeda08d19.jpg
coco2017_e22c85f023da1a821807.jpg,coco2017,train,images/coco2017_e22c85f023da1a821807.jpg
coco2017_e269b972951f08365499.jpg,coco2017,train,images/coco2017_e269b972951f08365499.jpg
coco2017_e2db3161e7806494644c.jpg,coco2017,train,images/coco2017_e2db3161e7806494644c.jpg
coco2017_e3136be2e076726af7c0.jpg,coco2017,train,images/coco2017_e3136be2e076726af7c0.jpg
coco2017_e33491087ec8e7bec9b2.jpg,coco2017,train,images/coco2017_e33491087ec8e7bec9b2.jpg
coco2017_e36befa26a71bdd7c383.jpg,coco2017,train,images/coco2017_e36befa26a71bdd7c383.jpg
coco2017_e3ebc85529bd23b91689.jpg,coco2017,train,images/coco2017_e3ebc85529bd23b91689.jpg
coco2017_e3fc6ad584010ddc77b4.jpg,coco2017,train,images/coco2017_e3fc6ad584010ddc77b4.jpg
coco2017_e40d3afe50cf50a5e4c4.jpg,coco2017,train,images/coco2017_e40d3afe50cf50a5e4c4.jpg
coco2017_e4163adffeb5ad116dbd.jpg,coco2017,train,images/coco2017_e4163adffeb5ad116dbd.jpg
coco2017_e4300788ec794cd7b0c3.jpg,coco2017,train,images/coco2017_e4300788ec794cd7b0c3.jpg
coco2017_e45cf41e62dab761c16c.jpg,coco2017,train,images/coco2017_e45cf41e62dab761c16c.jpg
coco2017_e5142e87526fbc349ac8.jpg,coco2017,train,images/coco2017_e5142e87526fbc349ac8.jpg
coco2017_e53ea591afce85f1588b.jpg,coco2017,train,images/coco2017_e53ea591afce85f1588b.jpg
coco2017_e557c0ae971eb07e3208.jpg,coco2017,train,images/coco2017_e557c0ae971eb07e3208.jpg
coco2017_e55b790ec8e6f5b4f8e9.jpg,coco2017,train,images/coco2017_e55b790ec8e6f5b4f8e9.jpg
coco2017_e574c4ab1cbc7662b791.jpg,coco2017,train,images/coco2017_e574c4ab1cbc7662b791.jpg
coco2017_e5e15f9d08f70565c03b.jpg,coco2017,train,images/coco2017_e5e15f9d08f70565c03b.jpg
coco2017_e6b4e985c865e9ee3934.jpg,coco2017,train,images/coco2017_e6b4e985c865e9ee3934.jpg
coco2017_e6c3a579c29b730f5dd4.jpg,coco2017,train,images/coco2017_e6c3a579c29b730f5dd4.jpg
coco2017_e74b3f417e3a48c1388c.jpg,coco2017,train,images/coco2017_e74b3f417e3a48c1388c.jpg
coco2017_e78239062a7625058dc8.jpg,coco2017,train,images/coco2017_e78239062a7625058dc8.jpg
coco2017_e82408f50316421e3c44.jpg,coco2017,train,images/coco2017_e82408f50316421e3c44.jpg
coco2017_e8302126d21b91f10883.jpg,coco2017,train,images/coco2017_e8302126d21b91f10883.jpg
coco2017_e86b45b6ca93d29135f2.jpg,coco2017,train,images/coco2017_e86b45b6ca93d29135f2.jpg
coco2017_e88c1483d9b8e467dd59.jpg,coco2017,train,images/coco2017_e88c1483d9b8e467dd59.jpg
coco2017_e8d5060e86986dce526b.jpg,coco2017,train,images/coco2017_e8d5060e86986dce526b.jpg
coco2017_e8ef6312d03d60d2b0ec.jpg,coco2017,train,images/coco2017_e8ef6312d03d60d2b0ec.jpg
coco2017_e8f22fa50491899cccf1.jpg,coco2017,train,images/coco2017_e8f22fa50491899cccf1.jpg
coco2017_e92f62d90305667e6d30.jpg,coco2017,train,images/coco2017_e92f62d90305667e6d30.jpg
coco2017_e96db0c6c8d5cad6f617.jpg,coco2017,train,images/coco2017_e96db0c6c8d5cad6f617.jpg
coco2017_e9969276b779502a530d.jpg,coco2017,train,images/coco2017_e9969276b779502a530d.jpg
coco2017_e9af2332e16cc5cc4b3f.jpg,coco2017,train,images/coco2017_e9af2332e16cc5cc4b3f.jpg
coco2017_eab718f12987df71b5c5.jpg,coco2017,train,images/coco2017_eab718f12987df71b5c5.jpg
coco2017_eac5667435413331e352.jpg,coco2017,train,images/coco2017_eac5667435413331e352.jpg
coco2017_eb00b101c43bbde04bc0.jpg,coco2017,train,images/coco2017_eb00b101c43bbde04bc0.jpg
coco2017_eb0e760a2152bf60eac0.jpg,coco2017,train,images/coco2017_eb0e760a2152bf60eac0.jpg
coco2017_eb9353097dab6aada167.jpg,coco2017,train,images/coco2017_eb9353097dab6aada167.jpg
coco2017_eb939f2ee047840193cc.jpg,coco2017,train,images/coco2017_eb939f2ee047840193cc.jpg
coco2017_ec126c4212a1e29dd09e.jpg,coco2017,train,images/coco2017_ec126c4212a1e29dd09e.jpg
coco2017_ec3d17eaaef91bdb06bc.jpg,coco2017,train,images/coco2017_ec3d17eaaef91bdb06bc.jpg
coco2017_ec9d1e9ad248992a3272.jpg,coco2017,train,images/coco2017_ec9d1e9ad248992a3272.jpg
coco2017_ecb0a8747dbcac2d99f1.jpg,coco2017,train,images/coco2017_ecb0a8747dbcac2d99f1.jpg
coco2017_ee40badd440ee71a3dad.jpg,coco2017,train,images/coco2017_ee40badd440ee71a3dad.jpg
coco2017_ee847775b2eaddf24b4a.jpg,coco2017,train,images/coco2017_ee847775b2eaddf24b4a.jpg
coco2017_eec8b6c46e2cb33cf773.jpg,coco2017,train,images/coco2017_eec8b6c46e2cb33cf773.jpg
coco2017_ef2b6ed611eeccba45bd.jpg,coco2017,train,images/coco2017_ef2b6ed611eeccba45bd.jpg
coco2017_efa2aed8c9d3c11f766b.jpg,coco2017,train,images/coco2017_efa2aed8c9d3c11f766b.jpg
coco2017_efbd7d03705e04edbd57.jpg,coco2017,train,images/coco2017_efbd7d03705e04edbd57.jpg
coco2017_efce04024e370984db6d.jpg,coco2017,train,images/coco2017_efce04024e370984db6d.jpg
coco2017_f044ded464d2018fb4b8.jpg,coco2017,train,images/coco2017_f044ded464d2018fb4b8.jpg
coco2017_f05ce4e2956ecbf3d2a3.jpg,coco2017,train,images/coco2017_f05ce4e2956ecbf3d2a3.jpg
coco2017_f078d40c25b3c61e24ba.jpg,coco2017,train,images/coco2017_f078d40c25b3c61e24ba.jpg
coco2017_f16f911fa2bae1288e2f.jpg,coco2017,train,images/coco2017_f16f911fa2bae1288e2f.jpg
coco2017_f18b95d59eb68931b019.jpg,coco2017,train,images/coco2017_f18b95d59eb68931b019.jpg
coco2017_f25659ddb4e9a274c631.jpg,coco2017,train,images/coco2017_f25659ddb4e9a274c631.jpg
coco2017_f2cc29e49460bba859e6.jpg,coco2017,train,images/coco2017_f2cc29e49460bba859e6.jpg
coco2017_f3001e65a756e195e83e.jpg,coco2017,train,images/coco2017_f3001e65a756e195e83e.jpg
coco2017_f30256024bcc8c421e51.jpg,coco2017,train,images/coco2017_f30256024bcc8c421e51.jpg
coco2017_f348f5db1eef4ab6ab01.jpg,coco2017,train,images/coco2017_f348f5db1eef4ab6ab01.jpg
coco2017_f387b0fc4985c64f54f7.jpg,coco2017,train,images/coco2017_f387b0fc4985c64f54f7.jpg
coco2017_f40144e33c8ae2478306.jpg,coco2017,train,images/coco2017_f40144e33c8ae2478306.jpg
coco2017_f444ece9159655f01a46.jpg,coco2017,train,images/coco2017_f444ece9159655f01a46.jpg
coco2017_f4a5ab5a9b7c7fdabbf3.jpg,coco2017,train,images/coco2017_f4a5ab5a9b7c7fdabbf3.jpg
coco2017_f523b82d98660da11e27.jpg,coco2017,train,images/coco2017_f523b82d98660da11e27.jpg
coco2017_f524b00879e51cd05939.jpg,coco2017,train,images/coco2017_f524b00879e51cd05939.jpg
coco2017_f5c0c5591ab2e207e458.jpg,coco2017,train,images/coco2017_f5c0c5591ab2e207e458.jpg
coco2017_f61b499a8cd2bf0986a0.jpg,coco2017,train,images/coco2017_f61b499a8cd2bf0986a0.jpg
coco2017_f64d03bba7927f232761.jpg,coco2017,train,images/coco2017_f64d03bba7927f232761.jpg
coco2017_f72377be81bed328e9cf.jpg,coco2017,train,images/coco2017_f72377be81bed328e9cf.jpg
coco2017_f81ec3d2397c9e4deb81.jpg,coco2017,train,images/coco2017_f81ec3d2397c9e4deb81.jpg
coco2017_f85bc9d38110a907f95a.jpg,coco2017,train,images/coco2017_f85bc9d38110a907f95a.jpg
coco2017_f9179084d2fee065a10f.jpg,coco2017,train,images/coco2017_f9179084d2fee065a10f.jpg
coco2017_f9a0c8e0050fa38bb4fd.jpg,coco2017,train,images/coco2017_f9a0c8e0050fa38bb4fd.jpg
coco2017_f9d4e01f35dcfa54df1e.jpg,coco2017,train,images/coco2017_f9d4e01f35dcfa54df1e.jpg
coco2017_f9f83bfcbc8a486e01da.jpg,coco2017,train,images/coco2017_f9f83bfcbc8a486e01da.jpg
coco2017_fa79826faf56d38b18ad.jpg,coco2017,train,images/coco2017_fa79826faf56d38b18ad.jpg
coco2017_faced9a8fef793de11f9.jpg,coco2017,train,images/coco2017_faced9a8fef793de11f9.jpg
coco2017_fae527cebf183177ae74.jpg,coco2017,train,images/coco2017_fae527cebf183177ae74.jpg
coco2017_fb35b486164474bceb92.jpg,coco2017,train,images/coco2017_fb35b486164474bceb92.jpg
coco2017_fba805a4236e784fa0ee.jpg,coco2017,train,images/coco2017_fba805a4236e784fa0ee.jpg
coco2017_fc115e686c283f615b8d.jpg,coco2017,train,images/coco2017_fc115e686c283f615b8d.jpg
coco2017_fc16a5f6e3a3f30ef252.jpg,coco2017,train,images/coco2017_fc16a5f6e3a3f30ef252.jpg
coco2017_fd52b0c36659300e7ce3.jpg,coco2017,train,images/coco2017_fd52b0c36659300e7ce3.jpg
coco2017_fd5fead918d761a948d9.jpg,coco2017,train,images/coco2017_fd5fead918d761a948d9.jpg
coco2017_fe94d775b39e9a7ad325.jpg,coco2017,train,images/coco2017_fe94d775b39e9a7ad325.jpg
coco2017_fec9adfbda120b2d0ede.jpg,coco2017,train,images/coco2017_fec9adfbda120b2d0ede.jpg
coco2017_ff0a77186c2a532cf2d7.jpg,coco2017,train,images/coco2017_ff0a77186c2a532cf2d7.jpg
coco2017_ff6dbb424b63a078204e.jpg,coco2017,train,images/coco2017_ff6dbb424b63a078204e.jpg
coco2017_ffbdc14821ae41f7a74d.jpg,coco2017,train,images/coco2017_ffbdc14821ae41f7a74d.jpg
lvis_00887f7ee5d01f1a1848.jpg,lvis,train,images/lvis_00887f7ee5d01f1a1848.jpg
lvis_00a1e570e6ce07f13e01.jpg,lvis,train,images/lvis_00a1e570e6ce07f13e01.jpg
lvis_00eb7cedcf55d24a429a.jpg,lvis,train,images/lvis_00eb7cedcf55d24a429a.jpg
lvis_00eb99583b847a6c796c.jpg,lvis,train,images/lvis_00eb99583b847a6c796c.jpg
lvis_01e0d1e8a8719f5efdba.jpg,lvis,train,images/lvis_01e0d1e8a8719f5efdba.jpg
lvis_02310d25371fccc51921.jpg,lvis,train,images/lvis_02310d25371fccc51921.jpg
lvis_032a419fe41c5a88d64e.jpg,lvis,train,images/lvis_032a419fe41c5a88d64e.jpg
lvis_0335d5455d0e9be2ff2c.jpg,lvis,train,images/lvis_0335d5455d0e9be2ff2c.jpg
lvis_04117f2517fcbf1b47cb.jpg,lvis,train,images/lvis_04117f2517fcbf1b47cb.jpg
lvis_04127562fc1b2b454f33.jpg,lvis,train,images/lvis_04127562fc1b2b454f33.jpg
lvis_04a0a063f7f2348a1d18.jpg,lvis,train,images/lvis_04a0a063f7f2348a1d18.jpg
lvis_04aa19015e01b3202ab6.jpg,lvis,train,images/lvis_04aa19015e01b3202ab6.jpg
lvis_04b52dd4eed67b7ffb0d.jpg,lvis,train,images/lvis_04b52dd4eed67b7ffb0d.jpg
lvis_04b7ce54c0d1ec0a231f.jpg,lvis,train,images/lvis_04b7ce54c0d1ec0a231f.jpg
lvis_04bd4809fddd5ac85a94.jpg,lvis,train,images/lvis_04bd4809fddd5ac85a94.jpg
lvis_0585d2a59a98fed73add.jpg,lvis,train,images/lvis_0585d2a59a98fed73add.jpg
lvis_0591704494503d1aef55.jpg,lvis,train,images/lvis_0591704494503d1aef55.jpg
lvis_05a840c5b514f01466d9.jpg,lvis,train,images/lvis_05a840c5b514f01466d9.jpg
lvis_05a85f341011448ee7a8.jpg,lvis,train,images/lvis_05a85f341011448ee7a8.jpg
lvis_05b1af0a8fd9efc10bff.jpg,lvis,train,images/lvis_05b1af0a8fd9efc10bff.jpg
lvis_05c16470a58f14c75c63.jpg,lvis,train,images/lvis_05c16470a58f14c75c63.jpg
lvis_066062a6bb4e6f579e0d.jpg,lvis,train,images/lvis_066062a6bb4e6f579e0d.jpg
lvis_06e921bea40ad0826ff2.jpg,lvis,train,images/lvis_06e921bea40ad0826ff2.jpg
lvis_072e145c7a207c35ec25.jpg,lvis,train,images/lvis_072e145c7a207c35ec25.jpg
lvis_073274a17958fc18cb5f.jpg,lvis,train,images/lvis_073274a17958fc18cb5f.jpg
lvis_0763323b44cd4b79b7dc.jpg,lvis,train,images/lvis_0763323b44cd4b79b7dc.jpg
lvis_0773c89ed92f2b68f32e.jpg,lvis,train,images/lvis_0773c89ed92f2b68f32e.jpg
lvis_0be4e2cc29310b06c292.jpg,lvis,train,images/lvis_0be4e2cc29310b06c292.jpg
lvis_0d449e44178f78f2412a.jpg,lvis,train,images/lvis_0d449e44178f78f2412a.jpg
lvis_0d4dbb5ce07242006d3c.jpg,lvis,train,images/lvis_0d4dbb5ce07242006d3c.jpg
lvis_0d704e34143f77632025.jpg,lvis,train,images/lvis_0d704e34143f77632025.jpg
lvis_0e3f38b706ae843722a0.jpg,lvis,train,images/lvis_0e3f38b706ae843722a0.jpg
lvis_0e5efaeddd92b1633147.jpg,lvis,train,images/lvis_0e5efaeddd92b1633147.jpg
lvis_0e6e43c81b4107c4ec6b.jpg,lvis,train,images/lvis_0e6e43c81b4107c4ec6b.jpg
lvis_0e96f89fb658d0ff3d4e.jpg,lvis,train,images/lvis_0e96f89fb658d0ff3d4e.jpg
lvis_0e999f28d0c136d17894.jpg,lvis,train,images/lvis_0e999f28d0c136d17894.jpg
lvis_0edc051f51c9278c67d6.jpg,lvis,train,images/lvis_0edc051f51c9278c67d6.jpg
lvis_0fbd3f9317f6d18ffc94.jpg,lvis,train,images/lvis_0fbd3f9317f6d18ffc94.jpg
lvis_105e17b72c1c72850355.jpg,lvis,train,images/lvis_105e17b72c1c72850355.jpg
lvis_10dea9120be3c20c5513.jpg,lvis,train,images/lvis_10dea9120be3c20c5513.jpg
lvis_10ef65fcab2c40b399a6.jpg,lvis,train,images/lvis_10ef65fcab2c40b399a6.jpg
lvis_11bd98c002f577c94f9d.jpg,lvis,train,images/lvis_11bd98c002f577c94f9d.jpg
lvis_11c6696bd48fe8152a53.jpg,lvis,train,images/lvis_11c6696bd48fe8152a53.jpg
lvis_120f1b1597fd26881e6c.jpg,lvis,train,images/lvis_120f1b1597fd26881e6c.jpg
lvis_12c77ab9ad451232e71a.jpg,lvis,train,images/lvis_12c77ab9ad451232e71a.jpg
lvis_131bfb8ab2d291d518a8.jpg,lvis,train,images/lvis_131bfb8ab2d291d518a8.jpg
lvis_13db814501426e0c28c9.jpg,lvis,train,images/lvis_13db814501426e0c28c9.jpg
lvis_13fa8ed59d04b18eb285.jpg,lvis,train,images/lvis_13fa8ed59d04b18eb285.jpg
lvis_14a3a0bae13747f7b1f6.jpg,lvis,train,images/lvis_14a3a0bae13747f7b1f6.jpg
lvis_14b947c999e82a06b4e5.jpg,lvis,train,images/lvis_14b947c999e82a06b4e5.jpg
lvis_14dc240d49d039214dd3.jpg,lvis,train,images/lvis_14dc240d49d039214dd3.jpg
lvis_151415f203bfe6029f3c.jpg,lvis,train,images/lvis_151415f203bfe6029f3c.jpg
lvis_15d0f5bf25b51d0897ca.jpg,lvis,train,images/lvis_15d0f5bf25b51d0897ca.jpg
lvis_15dfe61f8b44c270ef31.jpg,lvis,train,images/lvis_15dfe61f8b44c270ef31.jpg
lvis_15ef7137f95183387b88.jpg,lvis,train,images/lvis_15ef7137f95183387b88.jpg
lvis_1618b1b53d8febc6c9d9.jpg,lvis,train,images/lvis_1618b1b53d8febc6c9d9.jpg
lvis_16fe9b5e9edd467f0230.jpg,lvis,train,images/lvis_16fe9b5e9edd467f0230.jpg
lvis_177136e1463725ce1f49.jpg,lvis,train,images/lvis_177136e1463725ce1f49.jpg
lvis_18068dc748bfccf7a400.jpg,lvis,train,images/lvis_18068dc748bfccf7a400.jpg
lvis_181a9c0374d47d270807.jpg,lvis,train,images/lvis_181a9c0374d47d270807.jpg
lvis_19f380df12c130412fff.jpg,lvis,train,images/lvis_19f380df12c130412fff.jpg
lvis_1a18d0717507c5a1308e.jpg,lvis,train,images/lvis_1a18d0717507c5a1308e.jpg
lvis_1a49b718833b43f0af57.jpg,lvis,train,images/lvis_1a49b718833b43f0af57.jpg
lvis_1a65c48b1db3fba216f1.jpg,lvis,train,images/lvis_1a65c48b1db3fba216f1.jpg
lvis_1aac95f6ab531ab9e218.jpg,lvis,train,images/lvis_1aac95f6ab531ab9e218.jpg
lvis_1adad0ad7a9af368e480.jpg,lvis,train,images/lvis_1adad0ad7a9af368e480.jpg
lvis_1ae4f36873a33541cb99.jpg,lvis,train,images/lvis_1ae4f36873a33541cb99.jpg
lvis_1af56accd565b91eec57.jpg,lvis,train,images/lvis_1af56accd565b91eec57.jpg
lvis_1b38190b8428953daaa2.jpg,lvis,train,images/lvis_1b38190b8428953daaa2.jpg
lvis_1b7f8f2c6a643e956979.jpg,lvis,train,images/lvis_1b7f8f2c6a643e956979.jpg
lvis_1c035ec308eea130f327.jpg,lvis,train,images/lvis_1c035ec308eea130f327.jpg
lvis_1c4b0b531247ad93f846.jpg,lvis,train,images/lvis_1c4b0b531247ad93f846.jpg
lvis_1c9f15f6379b17667e62.jpg,lvis,train,images/lvis_1c9f15f6379b17667e62.jpg
lvis_1cb6da3195db98cf3000.jpg,lvis,train,images/lvis_1cb6da3195db98cf3000.jpg
lvis_1cc25c2a73f3c5c6f0b0.jpg,lvis,train,images/lvis_1cc25c2a73f3c5c6f0b0.jpg
lvis_1d51537afb86862c9b9b.jpg,lvis,train,images/lvis_1d51537afb86862c9b9b.jpg
lvis_1d7a590890d14e415a6b.jpg,lvis,train,images/lvis_1d7a590890d14e415a6b.jpg
lvis_1d7dd5545e1b9afe5fb8.jpg,lvis,train,images/lvis_1d7dd5545e1b9afe5fb8.jpg
lvis_1ee472146cbe27d24b17.jpg,lvis,train,images/lvis_1ee472146cbe27d24b17.jpg
lvis_1f844dd6e6cdd1103b91.jpg,lvis,train,images/lvis_1f844dd6e6cdd1103b91.jpg
lvis_1f95f80d3cb2a7222958.jpg,lvis,train,images/lvis_1f95f80d3cb2a7222958.jpg
lvis_1fe1038ec73cb2b0e409.jpg,lvis,train,images/lvis_1fe1038ec73cb2b0e409.jpg
lvis_200176dbd8d63ecb0a92.jpg,lvis,train,images/lvis_200176dbd8d63ecb0a92.jpg
lvis_204beba23fc86cdc1ea8.jpg,lvis,train,images/lvis_204beba23fc86cdc1ea8.jpg
lvis_20534a2201adc32b3ea6.jpg,lvis,train,images/lvis_20534a2201adc32b3ea6.jpg
lvis_210b87ac033e0472810e.jpg,lvis,train,images/lvis_210b87ac033e0472810e.jpg
lvis_212481625a16169b7811.jpg,lvis,train,images/lvis_212481625a16169b7811.jpg
lvis_2233896958a42c511d86.jpg,lvis,train,images/lvis_2233896958a42c511d86.jpg
lvis_22833e4487fe7fd32bc0.jpg,lvis,train,images/lvis_22833e4487fe7fd32bc0.jpg
lvis_22a743eb60e92700c922.jpg,lvis,train,images/lvis_22a743eb60e92700c922.jpg
lvis_22dd45ccd2a1de0d98c3.jpg,lvis,train,images/lvis_22dd45ccd2a1de0d98c3.jpg
lvis_22f4b8df6d81cccf39e4.jpg,lvis,train,images/lvis_22f4b8df6d81cccf39e4.jpg
lvis_231fc7f5ca43dce0464c.jpg,lvis,train,images/lvis_231fc7f5ca43dce0464c.jpg
lvis_235ebb4cf78f51281ff1.jpg,lvis,train,images/lvis_235ebb4cf78f51281ff1.jpg
lvis_23a844dbbe2ba3324753.jpg,lvis,train,images/lvis_23a844dbbe2ba3324753.jpg
lvis_2423f2f0b4bf65198ac4.jpg,lvis,train,images/lvis_2423f2f0b4bf65198ac4.jpg
lvis_2433a2a266e33be7dab1.jpg,lvis,train,images/lvis_2433a2a266e33be7dab1.jpg
lvis_24bfe0c95b1dbd6163fb.jpg,lvis,train,images/lvis_24bfe0c95b1dbd6163fb.jpg
lvis_24c2a2665663491b3fc9.jpg,lvis,train,images/lvis_24c2a2665663491b3fc9.jpg
lvis_24da4d910f23849f2c4c.jpg,lvis,train,images/lvis_24da4d910f23849f2c4c.jpg
lvis_25bd4141133ce19f6c0a.jpg,lvis,train,images/lvis_25bd4141133ce19f6c0a.jpg
lvis_25f8af9aca7acfdad88e.jpg,lvis,train,images/lvis_25f8af9aca7acfdad88e.jpg
lvis_2685bba4ed3c8ede8aed.jpg,lvis,train,images/lvis_2685bba4ed3c8ede8aed.jpg
lvis_26d11d0184a3521aa8b8.jpg,lvis,train,images/lvis_26d11d0184a3521aa8b8.jpg
lvis_26e060a09bd26fb83f66.jpg,lvis,train,images/lvis_26e060a09bd26fb83f66.jpg
lvis_26f6b41df4bc5bb49ac8.jpg,lvis,train,images/lvis_26f6b41df4bc5bb49ac8.jpg
lvis_27669e591e0aed0d89c5.jpg,lvis,train,images/lvis_27669e591e0aed0d89c5.jpg
lvis_278c7affa2a3de97d1ad.jpg,lvis,train,images/lvis_278c7affa2a3de97d1ad.jpg
lvis_27b503053a0a26033d13.jpg,lvis,train,images/lvis_27b503053a0a26033d13.jpg
lvis_27bbea0902ced3d0524e.jpg,lvis,train,images/lvis_27bbea0902ced3d0524e.jpg
lvis_27d42e1c2359da3b9235.jpg,lvis,train,images/lvis_27d42e1c2359da3b9235.jpg
lvis_28183a60babe6ab5ea37.jpg,lvis,train,images/lvis_28183a60babe6ab5ea37.jpg
lvis_2826b1bf6d37015a87d1.jpg,lvis,train,images/lvis_2826b1bf6d37015a87d1.jpg
lvis_2848e52fb33e82c16fca.jpg,lvis,train,images/lvis_2848e52fb33e82c16fca.jpg
lvis_284a991f2c97b54caec2.jpg,lvis,train,images/lvis_284a991f2c97b54caec2.jpg
lvis_2877ecbfb984be09734a.jpg,lvis,train,images/lvis_2877ecbfb984be09734a.jpg
lvis_287fc03f091c93d9ff23.jpg,lvis,train,images/lvis_287fc03f091c93d9ff23.jpg
lvis_289ddc16126b24abe22d.jpg,lvis,train,images/lvis_289ddc16126b24abe22d.jpg
lvis_293b4e5232579b109130.jpg,lvis,train,images/lvis_293b4e5232579b109130.jpg
lvis_297211e32cef6c6d7862.jpg,lvis,train,images/lvis_297211e32cef6c6d7862.jpg
lvis_29b9c899fac07ba2d224.jpg,lvis,train,images/lvis_29b9c899fac07ba2d224.jpg
lvis_2a2ad9de2b44aabe4d4a.jpg,lvis,train,images/lvis_2a2ad9de2b44aabe4d4a.jpg
lvis_2a7d0094404d2be2bc63.jpg,lvis,train,images/lvis_2a7d0094404d2be2bc63.jpg
lvis_2a98dcb6d263ef34ceae.jpg,lvis,train,images/lvis_2a98dcb6d263ef34ceae.jpg
lvis_2b02d4f07ccf7451000b.jpg,lvis,train,images/lvis_2b02d4f07ccf7451000b.jpg
lvis_2b5b8e62b03a63da6290.jpg,lvis,train,images/lvis_2b5b8e62b03a63da6290.jpg
lvis_2b63b0831bb64fc165a5.jpg,lvis,train,images/lvis_2b63b0831bb64fc165a5.jpg
lvis_2b746c65f4187df5b796.jpg,lvis,train,images/lvis_2b746c65f4187df5b796.jpg
lvis_2b7823865274c058ac81.jpg,lvis,train,images/lvis_2b7823865274c058ac81.jpg
lvis_2c4d826d7391afb6052f.jpg,lvis,train,images/lvis_2c4d826d7391afb6052f.jpg
lvis_2c73d6bb3c2342d335b2.jpg,lvis,train,images/lvis_2c73d6bb3c2342d335b2.jpg
lvis_2c85e8a0f5888b38099e.jpg,lvis,train,images/lvis_2c85e8a0f5888b38099e.jpg
lvis_2ce1b3aa8cbb41f8de6a.jpg,lvis,train,images/lvis_2ce1b3aa8cbb41f8de6a.jpg
lvis_2d539e48e70dcba7244f.jpg,lvis,train,images/lvis_2d539e48e70dcba7244f.jpg
lvis_2dedf8761804f51040f0.jpg,lvis,train,images/lvis_2dedf8761804f51040f0.jpg
lvis_2e0415e3c32ba0f9441a.jpg,lvis,train,images/lvis_2e0415e3c32ba0f9441a.jpg
lvis_2e94aab3ca3883f92590.jpg,lvis,train,images/lvis_2e94aab3ca3883f92590.jpg
lvis_2ede6c61755c5f7c04f8.jpg,lvis,train,images/lvis_2ede6c61755c5f7c04f8.jpg
lvis_2f2c97d06ca466698526.jpg,lvis,train,images/lvis_2f2c97d06ca466698526.jpg
lvis_2f57690020d3883ff525.jpg,lvis,train,images/lvis_2f57690020d3883ff525.jpg
lvis_2ff0788d9b41bcc0d742.jpg,lvis,train,images/lvis_2ff0788d9b41bcc0d742.jpg
lvis_302b673c801ca0ac8857.jpg,lvis,train,images/lvis_302b673c801ca0ac8857.jpg
lvis_307a8073124d7865cb62.jpg,lvis,train,images/lvis_307a8073124d7865cb62.jpg
lvis_3082794821ddcf8da83f.jpg,lvis,train,images/lvis_3082794821ddcf8da83f.jpg
lvis_3087c6402bb227bbbe32.jpg,lvis,train,images/lvis_3087c6402bb227bbbe32.jpg
lvis_30b7d9db34efd27e9136.jpg,lvis,train,images/lvis_30b7d9db34efd27e9136.jpg
lvis_30c2abd70d25a78daa9f.jpg,lvis,train,images/lvis_30c2abd70d25a78daa9f.jpg
lvis_30da361e124d2de94eba.jpg,lvis,train,images/lvis_30da361e124d2de94eba.jpg
lvis_3101733c97ad0fcdad1b.jpg,lvis,train,images/lvis_3101733c97ad0fcdad1b.jpg
lvis_315b01c0f43ef49022d6.jpg,lvis,train,images/lvis_315b01c0f43ef49022d6.jpg
lvis_31b5c30f33acc8e849bc.jpg,lvis,train,images/lvis_31b5c30f33acc8e849bc.jpg
lvis_31c10a01933f3320e9ff.jpg,lvis,train,images/lvis_31c10a01933f3320e9ff.jpg
lvis_32267bbc0c798b968195.jpg,lvis,train,images/lvis_32267bbc0c798b968195.jpg
lvis_325c9a4034912202a518.jpg,lvis,train,images/lvis_325c9a4034912202a518.jpg
lvis_3279b67f8b4f222cd387.jpg,lvis,train,images/lvis_3279b67f8b4f222cd387.jpg
lvis_32f0e448643ac339b6c1.jpg,lvis,train,images/lvis_32f0e448643ac339b6c1.jpg
lvis_33295d2c88aad0fcdfd2.jpg,lvis,train,images/lvis_33295d2c88aad0fcdfd2.jpg
lvis_346e0a3fb7926a222c98.jpg,lvis,train,images/lvis_346e0a3fb7926a222c98.jpg
lvis_34839123565f848a2751.jpg,lvis,train,images/lvis_34839123565f848a2751.jpg
lvis_350274005071860cb3d4.jpg,lvis,train,images/lvis_350274005071860cb3d4.jpg
lvis_3506cdf745608a46d986.jpg,lvis,train,images/lvis_3506cdf745608a46d986.jpg
lvis_35ea65100d090e412b3c.jpg,lvis,train,images/lvis_35ea65100d090e412b3c.jpg
lvis_35f9fcd892e3973c4839.jpg,lvis,train,images/lvis_35f9fcd892e3973c4839.jpg
lvis_3627d0a54854ec3c0892.jpg,lvis,train,images/lvis_3627d0a54854ec3c0892.jpg
lvis_368b54ae281b9efaca56.jpg,lvis,train,images/lvis_368b54ae281b9efaca56.jpg
lvis_369d92d4781f2bdf59fc.jpg,lvis,train,images/lvis_369d92d4781f2bdf59fc.jpg
lvis_377c32f7623ef3a1d8bf.jpg,lvis,train,images/lvis_377c32f7623ef3a1d8bf.jpg
lvis_37b19a1f3425e76b0e74.jpg,lvis,train,images/lvis_37b19a1f3425e76b0e74.jpg
lvis_37b2ebbad22e4eee4fb0.jpg,lvis,train,images/lvis_37b2ebbad22e4eee4fb0.jpg
lvis_37dfb8a443b9d6d6e173.jpg,lvis,train,images/lvis_37dfb8a443b9d6d6e173.jpg
lvis_381bcefb095fd6e6cacb.jpg,lvis,train,images/lvis_381bcefb095fd6e6cacb.jpg
lvis_3855e0a7c555cf7f874f.jpg,lvis,train,images/lvis_3855e0a7c555cf7f874f.jpg
lvis_38e9abda3b6026211898.jpg,lvis,train,images/lvis_38e9abda3b6026211898.jpg
lvis_3a3c404fea4874d424ca.jpg,lvis,train,images/lvis_3a3c404fea4874d424ca.jpg
lvis_3ac61ac525442fabca65.jpg,lvis,train,images/lvis_3ac61ac525442fabca65.jpg
lvis_3be1787938690404ebea.jpg,lvis,train,images/lvis_3be1787938690404ebea.jpg
lvis_3c012a3cf858f3a65240.jpg,lvis,train,images/lvis_3c012a3cf858f3a65240.jpg
lvis_3ddea0fe36e1d8e696d3.jpg,lvis,train,images/lvis_3ddea0fe36e1d8e696d3.jpg
lvis_3e79fb4a29417803053e.jpg,lvis,train,images/lvis_3e79fb4a29417803053e.jpg
lvis_3e7c3bcd234fb643e1fb.jpg,lvis,train,images/lvis_3e7c3bcd234fb643e1fb.jpg
lvis_3e973f44ee88ca03280b.jpg,lvis,train,images/lvis_3e973f44ee88ca03280b.jpg
lvis_3eab5b6e95de363978cf.jpg,lvis,train,images/lvis_3eab5b6e95de363978cf.jpg
lvis_3ebdf6d125cff15490d1.jpg,lvis,train,images/lvis_3ebdf6d125cff15490d1.jpg
lvis_3ebf8406dcb04e03038b.jpg,lvis,train,images/lvis_3ebf8406dcb04e03038b.jpg
lvis_3ecee213873cabfd5947.jpg,lvis,train,images/lvis_3ecee213873cabfd5947.jpg
lvis_3eeefac4a92eb575fd73.jpg,lvis,train,images/lvis_3eeefac4a92eb575fd73.jpg
lvis_3f30aa7ef44277ed2e25.jpg,lvis,train,images/lvis_3f30aa7ef44277ed2e25.jpg
lvis_3f3de81fe3e2c864018f.jpg,lvis,train,images/lvis_3f3de81fe3e2c864018f.jpg
lvis_3f4c133d6bde17714367.jpg,lvis,train,images/lvis_3f4c133d6bde17714367.jpg
lvis_3fc1bc605ca2352ea7f9.jpg,lvis,train,images/lvis_3fc1bc605ca2352ea7f9.jpg
lvis_3ff2412d74cab6e2e9fe.jpg,lvis,train,images/lvis_3ff2412d74cab6e2e9fe.jpg
lvis_406cf86cd5f4a2282c0f.jpg,lvis,train,images/lvis_406cf86cd5f4a2282c0f.jpg
lvis_40b4b7566e073b21a842.jpg,lvis,train,images/lvis_40b4b7566e073b21a842.jpg
lvis_40ced767123da244452e.jpg,lvis,train,images/lvis_40ced767123da244452e.jpg
lvis_41ca6651519925af905b.jpg,lvis,train,images/lvis_41ca6651519925af905b.jpg
lvis_4210c59fd888a410374a.jpg,lvis,train,images/lvis_4210c59fd888a410374a.jpg
lvis_422bec57d60281a2239e.jpg,lvis,train,images/lvis_422bec57d60281a2239e.jpg
lvis_423aea9ac5e18c247a13.jpg,lvis,train,images/lvis_423aea9ac5e18c247a13.jpg
lvis_4265f77d5a2a0667d216.jpg,lvis,train,images/lvis_4265f77d5a2a0667d216.jpg
lvis_429a03c74b836bf6bac8.jpg,lvis,train,images/lvis_429a03c74b836bf6bac8.jpg
lvis_4301cd4172816d55c317.jpg,lvis,train,images/lvis_4301cd4172816d55c317.jpg
lvis_4345b567d42b72533b82.jpg,lvis,train,images/lvis_4345b567d42b72533b82.jpg
lvis_4353717d541e8c4a7991.jpg,lvis,train,images/lvis_4353717d541e8c4a7991.jpg
lvis_43f8633fb782cee7263f.jpg,lvis,train,images/lvis_43f8633fb782cee7263f.jpg
lvis_449e3dac3286efffcd7b.jpg,lvis,train,images/lvis_449e3dac3286efffcd7b.jpg
lvis_4561e7ddcdd2b8cb1e6b.jpg,lvis,train,images/lvis_4561e7ddcdd2b8cb1e6b.jpg
lvis_45abc24e5d525f4da47c.jpg,lvis,train,images/lvis_45abc24e5d525f4da47c.jpg
lvis_46790d7571bce2a1a43b.jpg,lvis,train,images/lvis_46790d7571bce2a1a43b.jpg
lvis_46c71d3c7d86aab4ee8d.jpg,lvis,train,images/lvis_46c71d3c7d86aab4ee8d.jpg
lvis_46e50dfa889ab0d7a53b.jpg,lvis,train,images/lvis_46e50dfa889ab0d7a53b.jpg
lvis_46fa3440878d4be09f4e.jpg,lvis,train,images/lvis_46fa3440878d4be09f4e.jpg
lvis_470c9557fbafce270f64.jpg,lvis,train,images/lvis_470c9557fbafce270f64.jpg
lvis_47247572669225d1923d.jpg,lvis,train,images/lvis_47247572669225d1923d.jpg
lvis_477d3c9b490bc0442e48.jpg,lvis,train,images/lvis_477d3c9b490bc0442e48.jpg
lvis_4794b4813232f0f9f529.jpg,lvis,train,images/lvis_4794b4813232f0f9f529.jpg
lvis_47f9ee26cba31714eb56.jpg,lvis,train,images/lvis_47f9ee26cba31714eb56.jpg
lvis_481b02e335ff4d49f5dd.jpg,lvis,train,images/lvis_481b02e335ff4d49f5dd.jpg
lvis_485740634bf2ac55aab4.jpg,lvis,train,images/lvis_485740634bf2ac55aab4.jpg
lvis_4894bde863a6ee7bb0bd.jpg,lvis,train,images/lvis_4894bde863a6ee7bb0bd.jpg
lvis_48a82a66095ad447292b.jpg,lvis,train,images/lvis_48a82a66095ad447292b.jpg
lvis_48e2e500c162f62a686b.jpg,lvis,train,images/lvis_48e2e500c162f62a686b.jpg
lvis_48f5aa841d438cbe11fa.jpg,lvis,train,images/lvis_48f5aa841d438cbe11fa.jpg
lvis_491dfa6de98e73f7fafc.jpg,lvis,train,images/lvis_491dfa6de98e73f7fafc.jpg
lvis_4a48e90f7ef3bc45858f.jpg,lvis,train,images/lvis_4a48e90f7ef3bc45858f.jpg
lvis_4a4d29ef2ee587d6124e.jpg,lvis,train,images/lvis_4a4d29ef2ee587d6124e.jpg
lvis_4a7b8457fb15bad34e45.jpg,lvis,train,images/lvis_4a7b8457fb15bad34e45.jpg
lvis_4a8d016f87ef70952209.jpg,lvis,train,images/lvis_4a8d016f87ef70952209.jpg
lvis_4afb2beae933d2cde272.jpg,lvis,train,images/lvis_4afb2beae933d2cde272.jpg
lvis_4b438d2c435a04a1e2a0.jpg,lvis,train,images/lvis_4b438d2c435a04a1e2a0.jpg
lvis_4b67b8c769fa3c1ba7d0.jpg,lvis,train,images/lvis_4b67b8c769fa3c1ba7d0.jpg
lvis_4cac269943fdef77ee8e.jpg,lvis,train,images/lvis_4cac269943fdef77ee8e.jpg
lvis_4cbea5c7789341423ea4.jpg,lvis,train,images/lvis_4cbea5c7789341423ea4.jpg
lvis_4d436463149ac10c9ed2.jpg,lvis,train,images/lvis_4d436463149ac10c9ed2.jpg
lvis_4d5068211acb6b9a2784.jpg,lvis,train,images/lvis_4d5068211acb6b9a2784.jpg
lvis_4d5a46ec590340f380c1.jpg,lvis,train,images/lvis_4d5a46ec590340f380c1.jpg
lvis_4dbbf6d6734e2b13125d.jpg,lvis,train,images/lvis_4dbbf6d6734e2b13125d.jpg
lvis_4deadaf7645ae9b29f79.jpg,lvis,train,images/lvis_4deadaf7645ae9b29f79.jpg
lvis_4e23773ae5df9e1e5de9.jpg,lvis,train,images/lvis_4e23773ae5df9e1e5de9.jpg
lvis_4e394262604d7ffbcfdb.jpg,lvis,train,images/lvis_4e394262604d7ffbcfdb.jpg
lvis_4e503e67f8d2e0bdb832.jpg,lvis,train,images/lvis_4e503e67f8d2e0bdb832.jpg
lvis_4ebcc9da19d3c544f7f0.jpg,lvis,train,images/lvis_4ebcc9da19d3c544f7f0.jpg
lvis_4ec1c46b7560d0f8af6b.jpg,lvis,train,images/lvis_4ec1c46b7560d0f8af6b.jpg
lvis_4f11756caa5da08f1b37.jpg,lvis,train,images/lvis_4f11756caa5da08f1b37.jpg
lvis_4f1c85c31f246c0b79f3.jpg,lvis,train,images/lvis_4f1c85c31f246c0b79f3.jpg
lvis_4f2cf23a0be67fb1881c.jpg,lvis,train,images/lvis_4f2cf23a0be67fb1881c.jpg
lvis_4fe42c671af0414e461d.jpg,lvis,train,images/lvis_4fe42c671af0414e461d.jpg
lvis_503573e86f6aff04b88e.jpg,lvis,train,images/lvis_503573e86f6aff04b88e.jpg
lvis_503e4cd4132b2a119c44.jpg,lvis,train,images/lvis_503e4cd4132b2a119c44.jpg
lvis_505808e7510b4eee26ec.jpg,lvis,train,images/lvis_505808e7510b4eee26ec.jpg
lvis_50e6eb47cc9c030c6503.jpg,lvis,train,images/lvis_50e6eb47cc9c030c6503.jpg
lvis_51457e20be5f87df7595.jpg,lvis,train,images/lvis_51457e20be5f87df7595.jpg
lvis_51713e3d5f5c042216fa.jpg,lvis,train,images/lvis_51713e3d5f5c042216fa.jpg
lvis_51f7127dae6728b6f2ea.jpg,lvis,train,images/lvis_51f7127dae6728b6f2ea.jpg
lvis_522a6eac1a9fcfe5e80e.jpg,lvis,train,images/lvis_522a6eac1a9fcfe5e80e.jpg
lvis_52857da4bb26bda1db93.jpg,lvis,train,images/lvis_52857da4bb26bda1db93.jpg
lvis_52a3260ad49da8112199.jpg,lvis,train,images/lvis_52a3260ad49da8112199.jpg
lvis_52a5535d78cd8e089e1e.jpg,lvis,train,images/lvis_52a5535d78cd8e089e1e.jpg
lvis_52e21f6b30149d76fadb.jpg,lvis,train,images/lvis_52e21f6b30149d76fadb.jpg
lvis_52ea1406f7657505cd6a.jpg,lvis,train,images/lvis_52ea1406f7657505cd6a.jpg
lvis_543862a94b3b567ad38d.jpg,lvis,train,images/lvis_543862a94b3b567ad38d.jpg
lvis_54d2a3d5c76665d31a01.jpg,lvis,train,images/lvis_54d2a3d5c76665d31a01.jpg
lvis_54d90e10c60358d44292.jpg,lvis,train,images/lvis_54d90e10c60358d44292.jpg
lvis_54ffb1f981926cb0cfdc.jpg,lvis,train,images/lvis_54ffb1f981926cb0cfdc.jpg
lvis_5504ef709e0631da6206.jpg,lvis,train,images/lvis_5504ef709e0631da6206.jpg
lvis_55780cff2b43259191ab.jpg,lvis,train,images/lvis_55780cff2b43259191ab.jpg
lvis_558c5550a5aea5bfc7c3.jpg,lvis,train,images/lvis_558c5550a5aea5bfc7c3.jpg
lvis_55b3ef29fae424abadd0.jpg,lvis,train,images/lvis_55b3ef29fae424abadd0.jpg
lvis_560507ab6e168d4d9d0a.jpg,lvis,train,images/lvis_560507ab6e168d4d9d0a.jpg
lvis_566252acbf823e6f9802.jpg,lvis,train,images/lvis_566252acbf823e6f9802.jpg
lvis_56baca0ba2bdaabc67a3.jpg,lvis,train,images/lvis_56baca0ba2bdaabc67a3.jpg
lvis_56bdae73f0cfb634db20.jpg,lvis,train,images/lvis_56bdae73f0cfb634db20.jpg
lvis_575df97f0d584c0e6d17.jpg,lvis,train,images/lvis_575df97f0d584c0e6d17.jpg
lvis_58116c6c75ad90df5914.jpg,lvis,train,images/lvis_58116c6c75ad90df5914.jpg
lvis_587f0a638f4b0a52e43b.jpg,lvis,train,images/lvis_587f0a638f4b0a52e43b.jpg
lvis_59dc805efc0c8015578f.jpg,lvis,train,images/lvis_59dc805efc0c8015578f.jpg
lvis_59edcd79a50759e1db6e.jpg,lvis,train,images/lvis_59edcd79a50759e1db6e.jpg
lvis_59efffee3723cfbf5b19.jpg,lvis,train,images/lvis_59efffee3723cfbf5b19.jpg
lvis_5a4879e3576c70e7a5ef.jpg,lvis,train,images/lvis_5a4879e3576c70e7a5ef.jpg
lvis_5ae5fc96fb58bc0c7f9a.jpg,lvis,train,images/lvis_5ae5fc96fb58bc0c7f9a.jpg
lvis_5aecdf03eff3faf6a63b.jpg,lvis,train,images/lvis_5aecdf03eff3faf6a63b.jpg
lvis_5bf7d9a4f5cf0ed67caf.jpg,lvis,train,images/lvis_5bf7d9a4f5cf0ed67caf.jpg
lvis_5c8145579f72a00b640f.jpg,lvis,train,images/lvis_5c8145579f72a00b640f.jpg
lvis_5c8474893a497b79b948.jpg,lvis,train,images/lvis_5c8474893a497b79b948.jpg
lvis_5d1667ecd0cffe933ddb.jpg,lvis,train,images/lvis_5d1667ecd0cffe933ddb.jpg
lvis_5d1946da22f9c612becd.jpg,lvis,train,images/lvis_5d1946da22f9c612becd.jpg
lvis_5d2f28b9e40723ddafe5.jpg,lvis,train,images/lvis_5d2f28b9e40723ddafe5.jpg
lvis_5d45f03aa7d8141d6d8b.jpg,lvis,train,images/lvis_5d45f03aa7d8141d6d8b.jpg
lvis_5d5e2fd9c622719bc20f.jpg,lvis,train,images/lvis_5d5e2fd9c622719bc20f.jpg
lvis_5db6a5c445b2f0a89e56.jpg,lvis,train,images/lvis_5db6a5c445b2f0a89e56.jpg
lvis_5dff2b0dc9094ebfdafe.jpg,lvis,train,images/lvis_5dff2b0dc9094ebfdafe.jpg
lvis_5e2ef7a0f6a91dd7569b.jpg,lvis,train,images/lvis_5e2ef7a0f6a91dd7569b.jpg
lvis_5e2f06ce419bd757c7d1.jpg,lvis,train,images/lvis_5e2f06ce419bd757c7d1.jpg
lvis_5e4fd4c07cc3c09ae145.jpg,lvis,train,images/lvis_5e4fd4c07cc3c09ae145.jpg
lvis_5e5c1e26f2f0fcda1795.jpg,lvis,train,images/lvis_5e5c1e26f2f0fcda1795.jpg
lvis_5e91745d1ad5d46eb96f.jpg,lvis,train,images/lvis_5e91745d1ad5d46eb96f.jpg
lvis_5ecf67577fc13eb3b3de.jpg,lvis,train,images/lvis_5ecf67577fc13eb3b3de.jpg
lvis_5ee17dec8628c19c66a7.jpg,lvis,train,images/lvis_5ee17dec8628c19c66a7.jpg
lvis_5f7a93f9b177e6b193cc.jpg,lvis,train,images/lvis_5f7a93f9b177e6b193cc.jpg
lvis_5f9a5f06655575df1b6e.jpg,lvis,train,images/lvis_5f9a5f06655575df1b6e.jpg
lvis_5f9e5b969bb2a9d61816.jpg,lvis,train,images/lvis_5f9e5b969bb2a9d61816.jpg
lvis_6088205f9e2387cb13e7.jpg,lvis,train,images/lvis_6088205f9e2387cb13e7.jpg
lvis_60acdac1fe96c5bb918e.jpg,lvis,train,images/lvis_60acdac1fe96c5bb918e.jpg
lvis_6175ccc96603a5cb56e2.jpg,lvis,train,images/lvis_6175ccc96603a5cb56e2.jpg
lvis_61a1ad8e59ea25b23f0a.jpg,lvis,train,images/lvis_61a1ad8e59ea25b23f0a.jpg
lvis_62c3631f4d24865fd3c1.jpg,lvis,train,images/lvis_62c3631f4d24865fd3c1.jpg
lvis_637792348a3b56f4cf68.jpg,lvis,train,images/lvis_637792348a3b56f4cf68.jpg
lvis_64934a803a0f0dd74790.jpg,lvis,train,images/lvis_64934a803a0f0dd74790.jpg
lvis_64a44a1298e1ed1dc8f0.jpg,lvis,train,images/lvis_64a44a1298e1ed1dc8f0.jpg
lvis_64cea6ac917dc82516be.jpg,lvis,train,images/lvis_64cea6ac917dc82516be.jpg
lvis_64d1c5180aea5489f4cf.jpg,lvis,train,images/lvis_64d1c5180aea5489f4cf.jpg
lvis_64da6f4c3ef5890c53e4.jpg,lvis,train,images/lvis_64da6f4c3ef5890c53e4.jpg
lvis_651fdafc0ce3fe850bc8.jpg,lvis,train,images/lvis_651fdafc0ce3fe850bc8.jpg
lvis_660b524bd134c16df7fb.jpg,lvis,train,images/lvis_660b524bd134c16df7fb.jpg
lvis_664107d8b0780a71e7cb.jpg,lvis,train,images/lvis_664107d8b0780a71e7cb.jpg
lvis_665f0dc6d16aa00264a3.jpg,lvis,train,images/lvis_665f0dc6d16aa00264a3.jpg
lvis_6694a98250d590eced3b.jpg,lvis,train,images/lvis_6694a98250d590eced3b.jpg
lvis_67789c661e3ad0917ab1.jpg,lvis,train,images/lvis_67789c661e3ad0917ab1.jpg
lvis_678ba0a540823013ba28.jpg,lvis,train,images/lvis_678ba0a540823013ba28.jpg
lvis_67bb1dcf3e7ba5a4340d.jpg,lvis,train,images/lvis_67bb1dcf3e7ba5a4340d.jpg
lvis_67c36bd5dfc45ebf109b.jpg,lvis,train,images/lvis_67c36bd5dfc45ebf109b.jpg
lvis_67e691cdbc08209da073.jpg,lvis,train,images/lvis_67e691cdbc08209da073.jpg
lvis_67ef1648d4bcf46d882e.jpg,lvis,train,images/lvis_67ef1648d4bcf46d882e.jpg
lvis_6932ad679e0b1f11a71f.jpg,lvis,train,images/lvis_6932ad679e0b1f11a71f.jpg
lvis_6958a6d2bd28554a2f93.jpg,lvis,train,images/lvis_6958a6d2bd28554a2f93.jpg
lvis_69b0853eba12cc64f53b.jpg,lvis,train,images/lvis_69b0853eba12cc64f53b.jpg
lvis_69b1a6b3fdde2ce9ae9c.jpg,lvis,train,images/lvis_69b1a6b3fdde2ce9ae9c.jpg
lvis_6a0fa48cf73764ca99ea.jpg,lvis,train,images/lvis_6a0fa48cf73764ca99ea.jpg
lvis_6a45a647b0093c63ee04.jpg,lvis,train,images/lvis_6a45a647b0093c63ee04.jpg
lvis_6a500314cf442edc5da8.jpg,lvis,train,images/lvis_6a500314cf442edc5da8.jpg
lvis_6a8773dbbc94b74c47e3.jpg,lvis,train,images/lvis_6a8773dbbc94b74c47e3.jpg
lvis_6a8b9aae88e9b40e73aa.jpg,lvis,train,images/lvis_6a8b9aae88e9b40e73aa.jpg
lvis_6b3371f9fc66ea98d331.jpg,lvis,train,images/lvis_6b3371f9fc66ea98d331.jpg
lvis_6bb1ce471071fa54e44a.jpg,lvis,train,images/lvis_6bb1ce471071fa54e44a.jpg
lvis_6c75e74020e31478bab9.jpg,lvis,train,images/lvis_6c75e74020e31478bab9.jpg
lvis_6c78c814d9a1534138ec.jpg,lvis,train,images/lvis_6c78c814d9a1534138ec.jpg
lvis_6c7d684b3e7ceccd4fc5.jpg,lvis,train,images/lvis_6c7d684b3e7ceccd4fc5.jpg
lvis_6d38a1893eca2a50b009.jpg,lvis,train,images/lvis_6d38a1893eca2a50b009.jpg
lvis_6d4c3fbfe08b447248e7.jpg,lvis,train,images/lvis_6d4c3fbfe08b447248e7.jpg
lvis_6d79d3b9db0c0d17d9fd.jpg,lvis,train,images/lvis_6d79d3b9db0c0d17d9fd.jpg
lvis_6dfa0e2c7bf01bdd0e1c.jpg,lvis,train,images/lvis_6dfa0e2c7bf01bdd0e1c.jpg
lvis_6e1a22df0a7a46290e22.jpg,lvis,train,images/lvis_6e1a22df0a7a46290e22.jpg
lvis_6e2d534b298f75100a8d.jpg,lvis,train,images/lvis_6e2d534b298f75100a8d.jpg
lvis_6e89cb79c20d610eed01.jpg,lvis,train,images/lvis_6e89cb79c20d610eed01.jpg
lvis_6ecfeb8133a574b1d0bc.jpg,lvis,train,images/lvis_6ecfeb8133a574b1d0bc.jpg
lvis_6eda4bcc5885a462f599.jpg,lvis,train,images/lvis_6eda4bcc5885a462f599.jpg
lvis_6edf6f7bda5566b20ff8.jpg,lvis,train,images/lvis_6edf6f7bda5566b20ff8.jpg
lvis_6eef7f96d0fb33764560.jpg,lvis,train,images/lvis_6eef7f96d0fb33764560.jpg
lvis_6f0ca7efdb23d7cf5e75.jpg,lvis,train,images/lvis_6f0ca7efdb23d7cf5e75.jpg
lvis_6f9c7354a962ab5aa354.jpg,lvis,train,images/lvis_6f9c7354a962ab5aa354.jpg
lvis_6fb57f3e63ea62a62c8e.jpg,lvis,train,images/lvis_6fb57f3e63ea62a62c8e.jpg
lvis_6fdd2a8b754a1cbf8b33.jpg,lvis,train,images/lvis_6fdd2a8b754a1cbf8b33.jpg
lvis_6ff4e9c075371e3eed7c.jpg,lvis,train,images/lvis_6ff4e9c075371e3eed7c.jpg
lvis_701816cb96a73df95ade.jpg,lvis,train,images/lvis_701816cb96a73df95ade.jpg
lvis_70c24ed87b242ecbd372.jpg,lvis,train,images/lvis_70c24ed87b242ecbd372.jpg
lvis_70ca763e5132d7813948.jpg,lvis,train,images/lvis_70ca763e5132d7813948.jpg
lvis_713264d013e750c484f0.jpg,lvis,train,images/lvis_713264d013e750c484f0.jpg
lvis_715d3350d2a193582b4b.jpg,lvis,train,images/lvis_715d3350d2a193582b4b.jpg
lvis_727158bb5fa205f71999.jpg,lvis,train,images/lvis_727158bb5fa205f71999.jpg
lvis_72f31175cc1afc19c13b.jpg,lvis,train,images/lvis_72f31175cc1afc19c13b.jpg
lvis_73594356d4ee0e4918ce.jpg,lvis,train,images/lvis_73594356d4ee0e4918ce.jpg
lvis_738309a377785fd5a3a6.jpg,lvis,train,images/lvis_738309a377785fd5a3a6.jpg
lvis_74109d11936d5c333c36.jpg,lvis,train,images/lvis_74109d11936d5c333c36.jpg
lvis_7462142d40066773ff40.jpg,lvis,train,images/lvis_7462142d40066773ff40.jpg
lvis_755e7a06496e09c56fc0.jpg,lvis,train,images/lvis_755e7a06496e09c56fc0.jpg
lvis_75d7f7b4e22f97fd8b6b.jpg,lvis,train,images/lvis_75d7f7b4e22f97fd8b6b.jpg
lvis_75f90582736e78122cf8.jpg,lvis,train,images/lvis_75f90582736e78122cf8.jpg
lvis_76d1d869323214b49cc2.jpg,lvis,train,images/lvis_76d1d869323214b49cc2.jpg
lvis_771b53e51612c9b6a2f1.jpg,lvis,train,images/lvis_771b53e51612c9b6a2f1.jpg
lvis_7791032775cd18588dce.jpg,lvis,train,images/lvis_7791032775cd18588dce.jpg
lvis_77a7ce827879f9283ea4.jpg,lvis,train,images/lvis_77a7ce827879f9283ea4.jpg
lvis_78753eb0e7c4ee56defb.jpg,lvis,train,images/lvis_78753eb0e7c4ee56defb.jpg
lvis_792aa9faab288c7d3973.jpg,lvis,train,images/lvis_792aa9faab288c7d3973.jpg
lvis_794a1e17828561953205.jpg,lvis,train,images/lvis_794a1e17828561953205.jpg
lvis_79f1a810a68de298b9eb.jpg,lvis,train,images/lvis_79f1a810a68de298b9eb.jpg
lvis_79f7f5f35801336812a6.jpg,lvis,train,images/lvis_79f7f5f35801336812a6.jpg
lvis_7a3e5dbc421994faf67f.jpg,lvis,train,images/lvis_7a3e5dbc421994faf67f.jpg
lvis_7a53899c1538de5a0132.jpg,lvis,train,images/lvis_7a53899c1538de5a0132.jpg
lvis_7a67dd3f92dc84ccbdfc.jpg,lvis,train,images/lvis_7a67dd3f92dc84ccbdfc.jpg
lvis_7b015c4eeb41230b3f97.jpg,lvis,train,images/lvis_7b015c4eeb41230b3f97.jpg
lvis_7c217c8736791b1a635b.jpg,lvis,train,images/lvis_7c217c8736791b1a635b.jpg
lvis_7c2cbf129a439ff290f9.jpg,lvis,train,images/lvis_7c2cbf129a439ff290f9.jpg
lvis_7c6d53a602a098c86044.jpg,lvis,train,images/lvis_7c6d53a602a098c86044.jpg
lvis_7c6d9575bdcf353b83dd.jpg,lvis,train,images/lvis_7c6d9575bdcf353b83dd.jpg
lvis_7d1291bea04c5297466a.jpg,lvis,train,images/lvis_7d1291bea04c5297466a.jpg
lvis_7d537f763b6895a2c58b.jpg,lvis,train,images/lvis_7d537f763b6895a2c58b.jpg
lvis_7dc4c4ce13fbc098c784.jpg,lvis,train,images/lvis_7dc4c4ce13fbc098c784.jpg
lvis_7df0a5a3979fcce616f4.jpg,lvis,train,images/lvis_7df0a5a3979fcce616f4.jpg
lvis_7e183c107ccc78546536.jpg,lvis,train,images/lvis_7e183c107ccc78546536.jpg
lvis_7e53b6fb608fef9067e4.jpg,lvis,train,images/lvis_7e53b6fb608fef9067e4.jpg
lvis_7e6064ba33494103001d.jpg,lvis,train,images/lvis_7e6064ba33494103001d.jpg
lvis_7f2280be133912539a7b.jpg,lvis,train,images/lvis_7f2280be133912539a7b.jpg
lvis_7f498c9805d5289f0d5b.jpg,lvis,train,images/lvis_7f498c9805d5289f0d5b.jpg
lvis_7fc98040a2d8fcd95ea2.jpg,lvis,train,images/lvis_7fc98040a2d8fcd95ea2.jpg
lvis_7fd1b7e2e215403f1526.jpg,lvis,train,images/lvis_7fd1b7e2e215403f1526.jpg
lvis_8056fd0af9dd03f12a2d.jpg,lvis,train,images/lvis_8056fd0af9dd03f12a2d.jpg
lvis_8218f729c93bba293a24.jpg,lvis,train,images/lvis_8218f729c93bba293a24.jpg
lvis_8344959d4caa1d6b6eee.jpg,lvis,train,images/lvis_8344959d4caa1d6b6eee.jpg
lvis_83dcae3a49c077c4205b.jpg,lvis,train,images/lvis_83dcae3a49c077c4205b.jpg
lvis_83ee42dd5c6fe66fc77e.jpg,lvis,train,images/lvis_83ee42dd5c6fe66fc77e.jpg
lvis_842c1dc2469940764f9f.jpg,lvis,train,images/lvis_842c1dc2469940764f9f.jpg
lvis_8506186c2cd77e4054cd.jpg,lvis,train,images/lvis_8506186c2cd77e4054cd.jpg
lvis_8524f0cd31cb14cd9875.jpg,lvis,train,images/lvis_8524f0cd31cb14cd9875.jpg
lvis_856b6e9c866eb7271f8b.jpg,lvis,train,images/lvis_856b6e9c866eb7271f8b.jpg
lvis_8582b202465b3709a01b.jpg,lvis,train,images/lvis_8582b202465b3709a01b.jpg
lvis_858427435f1251387fa7.jpg,lvis,train,images/lvis_858427435f1251387fa7.jpg
lvis_85f983d676dc7dedb3c2.jpg,lvis,train,images/lvis_85f983d676dc7dedb3c2.jpg
lvis_862c7cb4d978fde7e288.jpg,lvis,train,images/lvis_862c7cb4d978fde7e288.jpg
lvis_862ea51da85595e8d79d.jpg,lvis,train,images/lvis_862ea51da85595e8d79d.jpg
lvis_863c5b60c6132520dc33.jpg,lvis,train,images/lvis_863c5b60c6132520dc33.jpg
lvis_866c50f9cef764952b3d.jpg,lvis,train,images/lvis_866c50f9cef764952b3d.jpg
lvis_875131890fea2202e96c.jpg,lvis,train,images/lvis_875131890fea2202e96c.jpg
lvis_878ee35fb5b5b33d40f9.jpg,lvis,train,images/lvis_878ee35fb5b5b33d40f9.jpg
lvis_8795993cffb79ab0a563.jpg,lvis,train,images/lvis_8795993cffb79ab0a563.jpg
lvis_884be339ae6acac3d269.jpg,lvis,train,images/lvis_884be339ae6acac3d269.jpg
lvis_8864266a9fbf7583ef40.jpg,lvis,train,images/lvis_8864266a9fbf7583ef40.jpg
lvis_88d88790a18ac1d0031b.jpg,lvis,train,images/lvis_88d88790a18ac1d0031b.jpg
lvis_890cf6c34b33534a0fed.jpg,lvis,train,images/lvis_890cf6c34b33534a0fed.jpg
lvis_8918cd7c88cfe2bf32a8.jpg,lvis,train,images/lvis_8918cd7c88cfe2bf32a8.jpg
lvis_892796da7f302ea47c93.jpg,lvis,train,images/lvis_892796da7f302ea47c93.jpg
lvis_8935c12f445a102e02e0.jpg,lvis,train,images/lvis_8935c12f445a102e02e0.jpg
lvis_894c2f33be899f225583.jpg,lvis,train,images/lvis_894c2f33be899f225583.jpg
lvis_896da9bf807521f9852f.jpg,lvis,train,images/lvis_896da9bf807521f9852f.jpg
lvis_89a89e4f9ff1deb9aa30.jpg,lvis,train,images/lvis_89a89e4f9ff1deb9aa30.jpg
lvis_89ac19c4586e1431165b.jpg,lvis,train,images/lvis_89ac19c4586e1431165b.jpg
lvis_89c4e68770b47b03f3b3.jpg,lvis,train,images/lvis_89c4e68770b47b03f3b3.jpg
lvis_8a1b8d22bf87811b89f0.jpg,lvis,train,images/lvis_8a1b8d22bf87811b89f0.jpg
lvis_8a42913313d5542f2474.jpg,lvis,train,images/lvis_8a42913313d5542f2474.jpg
lvis_8b0368be3bb6cfcaa44b.jpg,lvis,train,images/lvis_8b0368be3bb6cfcaa44b.jpg
lvis_8b614845ccb9bde5b294.jpg,lvis,train,images/lvis_8b614845ccb9bde5b294.jpg
lvis_8b6d978759df43fbcb4c.jpg,lvis,train,images/lvis_8b6d978759df43fbcb4c.jpg
lvis_8c0981c7074a202ab159.jpg,lvis,train,images/lvis_8c0981c7074a202ab159.jpg
lvis_8cf6ed7333e659cca411.jpg,lvis,train,images/lvis_8cf6ed7333e659cca411.jpg
lvis_8d0db065ab6f7582aa64.jpg,lvis,train,images/lvis_8d0db065ab6f7582aa64.jpg
lvis_8d1b5d59e7ce6a5507f0.jpg,lvis,train,images/lvis_8d1b5d59e7ce6a5507f0.jpg
lvis_8d710cfd18dcb3b56a9d.jpg,lvis,train,images/lvis_8d710cfd18dcb3b56a9d.jpg
lvis_8da92e9249ac7bde41f2.jpg,lvis,train,images/lvis_8da92e9249ac7bde41f2.jpg
lvis_8e260565d2d8efe34b4b.jpg,lvis,train,images/lvis_8e260565d2d8efe34b4b.jpg
lvis_8e89ba4ecdc6c4988eaa.jpg,lvis,train,images/lvis_8e89ba4ecdc6c4988eaa.jpg
lvis_8ee2bd98f4e7c20a8f15.jpg,lvis,train,images/lvis_8ee2bd98f4e7c20a8f15.jpg
lvis_8ef42277c0cd3a71359f.jpg,lvis,train,images/lvis_8ef42277c0cd3a71359f.jpg
lvis_8ef58f759282ebf679f2.jpg,lvis,train,images/lvis_8ef58f759282ebf679f2.jpg
lvis_8f0656db90eb1379817f.jpg,lvis,train,images/lvis_8f0656db90eb1379817f.jpg
lvis_8f4e42be91ae244a95ea.jpg,lvis,train,images/lvis_8f4e42be91ae244a95ea.jpg
lvis_8f555442f86c122bbb2c.jpg,lvis,train,images/lvis_8f555442f86c122bbb2c.jpg
lvis_8f5e3841f12fba6a9b39.jpg,lvis,train,images/lvis_8f5e3841f12fba6a9b39.jpg
lvis_8f6666031a02dae113ad.jpg,lvis,train,images/lvis_8f6666031a02dae113ad.jpg
lvis_8fac9ed602cdaee985d7.jpg,lvis,train,images/lvis_8fac9ed602cdaee985d7.jpg
lvis_90ae21801fe3a4f7b6b7.jpg,lvis,train,images/lvis_90ae21801fe3a4f7b6b7.jpg
lvis_91853b24acb287257ab1.jpg,lvis,train,images/lvis_91853b24acb287257ab1.jpg
lvis_9190323c5d492737e3c8.jpg,lvis,train,images/lvis_9190323c5d492737e3c8.jpg
lvis_919a3129d2570bd23ae4.jpg,lvis,train,images/lvis_919a3129d2570bd23ae4.jpg
lvis_921c23249f6e09bc40f2.jpg,lvis,train,images/lvis_921c23249f6e09bc40f2.jpg
lvis_9239f5703398dc1593cd.jpg,lvis,train,images/lvis_9239f5703398dc1593cd.jpg
lvis_924f3c863d904b515cae.jpg,lvis,train,images/lvis_924f3c863d904b515cae.jpg
lvis_928f89bb03d6c06a883b.jpg,lvis,train,images/lvis_928f89bb03d6c06a883b.jpg
lvis_92b62df4c81763d9d2ff.jpg,lvis,train,images/lvis_92b62df4c81763d9d2ff.jpg
lvis_92c7e2115bc38eb53397.jpg,lvis,train,images/lvis_92c7e2115bc38eb53397.jpg
lvis_92e3cb3c6822b501361c.jpg,lvis,train,images/lvis_92e3cb3c6822b501361c.jpg
lvis_9317a0a785f41c8b9f29.jpg,lvis,train,images/lvis_9317a0a785f41c8b9f29.jpg
lvis_93521196e23991fa61c5.jpg,lvis,train,images/lvis_93521196e23991fa61c5.jpg
lvis_939a719ca7ef1c6b43bd.jpg,lvis,train,images/lvis_939a719ca7ef1c6b43bd.jpg
lvis_94c97c847efa731a2b52.jpg,lvis,train,images/lvis_94c97c847efa731a2b52.jpg
lvis_94d560f25d89ac90e3cd.jpg,lvis,train,images/lvis_94d560f25d89ac90e3cd.jpg
lvis_94e4d05efd1342088772.jpg,lvis,train,images/lvis_94e4d05efd1342088772.jpg
lvis_9504528522ff077fd0c8.jpg,lvis,train,images/lvis_9504528522ff077fd0c8.jpg
lvis_95c0a23129988b29bff7.jpg,lvis,train,images/lvis_95c0a23129988b29bff7.jpg
lvis_95cb5dcdd4f0d9b2a8f5.jpg,lvis,train,images/lvis_95cb5dcdd4f0d9b2a8f5.jpg
lvis_95cd649927889b5432cd.jpg,lvis,train,images/lvis_95cd649927889b5432cd.jpg
lvis_9678c9619b429dbc5c44.jpg,lvis,train,images/lvis_9678c9619b429dbc5c44.jpg
lvis_967bee494dc174437017.jpg,lvis,train,images/lvis_967bee494dc174437017.jpg
lvis_96888deb1b55a9edd78a.jpg,lvis,train,images/lvis_96888deb1b55a9edd78a.jpg
lvis_96c959b3202e5984f71e.jpg,lvis,train,images/lvis_96c959b3202e5984f71e.jpg
lvis_96ff191552987c03fbb9.jpg,lvis,train,images/lvis_96ff191552987c03fbb9.jpg
lvis_971f04e5cb8181154d84.jpg,lvis,train,images/lvis_971f04e5cb8181154d84.jpg
lvis_9728c3dcd0a710c122a7.jpg,lvis,train,images/lvis_9728c3dcd0a710c122a7.jpg
lvis_9764cc5fd1bdcc4d8aca.jpg,lvis,train,images/lvis_9764cc5fd1bdcc4d8aca.jpg
lvis_9772e06db256b6c05f58.jpg,lvis,train,images/lvis_9772e06db256b6c05f58.jpg
lvis_97a08bd2b5d35b2faa9f.jpg,lvis,train,images/lvis_97a08bd2b5d35b2faa9f.jpg
lvis_97fb0a78e0e41d7982f7.jpg,lvis,train,images/lvis_97fb0a78e0e41d7982f7.jpg
lvis_9916bb66bdb8cae275b1.jpg,lvis,train,images/lvis_9916bb66bdb8cae275b1.jpg
lvis_991b7d85a651b5a5a751.jpg,lvis,train,images/lvis_991b7d85a651b5a5a751.jpg
lvis_9a6d9379fd7feb77987a.jpg,lvis,train,images/lvis_9a6d9379fd7feb77987a.jpg
lvis_9a86c4231709eb0432da.jpg,lvis,train,images/lvis_9a86c4231709eb0432da.jpg
lvis_9c09e4ccde4503bc0a36.jpg,lvis,train,images/lvis_9c09e4ccde4503bc0a36.jpg
lvis_9d36b259bf0083aebf04.jpg,lvis,train,images/lvis_9d36b259bf0083aebf04.jpg
lvis_9d6981da20ec4fb40802.jpg,lvis,train,images/lvis_9d6981da20ec4fb40802.jpg
lvis_9d79c41fd793dc8f153b.jpg,lvis,train,images/lvis_9d79c41fd793dc8f153b.jpg
lvis_9df72c2fca4699cf5429.jpg,lvis,train,images/lvis_9df72c2fca4699cf5429.jpg
lvis_9e08ca78271f64c0179c.jpg,lvis,train,images/lvis_9e08ca78271f64c0179c.jpg
lvis_9eab3ea4189b3f30b422.jpg,lvis,train,images/lvis_9eab3ea4189b3f30b422.jpg
lvis_9ebaa87694c723ef5b9d.jpg,lvis,train,images/lvis_9ebaa87694c723ef5b9d.jpg
lvis_9ebeef5cc2a34b20f133.jpg,lvis,train,images/lvis_9ebeef5cc2a34b20f133.jpg
lvis_9f3bf68815b9d3564613.jpg,lvis,train,images/lvis_9f3bf68815b9d3564613.jpg
lvis_9f4c852b0dcdc86914e5.jpg,lvis,train,images/lvis_9f4c852b0dcdc86914e5.jpg
lvis_9f7c79ff1b1a0c9dfced.jpg,lvis,train,images/lvis_9f7c79ff1b1a0c9dfced.jpg
lvis_9f8ce3d2117889d9f44f.jpg,lvis,train,images/lvis_9f8ce3d2117889d9f44f.jpg
lvis_a029872619b2b63bae5c.jpg,lvis,train,images/lvis_a029872619b2b63bae5c.jpg
lvis_a0323d6d442983fa802a.jpg,lvis,train,images/lvis_a0323d6d442983fa802a.jpg
lvis_a04e89cb9d48350388df.jpg,lvis,train,images/lvis_a04e89cb9d48350388df.jpg
lvis_a06defd4e610d67ce149.jpg,lvis,train,images/lvis_a06defd4e610d67ce149.jpg
lvis_a0c3c9891d25e848bc5b.jpg,lvis,train,images/lvis_a0c3c9891d25e848bc5b.jpg
lvis_a0d2a6a4801588b429cf.jpg,lvis,train,images/lvis_a0d2a6a4801588b429cf.jpg
lvis_a14210cf67cd775dada1.jpg,lvis,train,images/lvis_a14210cf67cd775dada1.jpg
lvis_a1eea552107d38703639.jpg,lvis,train,images/lvis_a1eea552107d38703639.jpg
lvis_a25dcc42a4085a07ba6d.jpg,lvis,train,images/lvis_a25dcc42a4085a07ba6d.jpg
lvis_a3f19a7ae3244c75c5f5.jpg,lvis,train,images/lvis_a3f19a7ae3244c75c5f5.jpg
lvis_a408a070c0a28418c654.jpg,lvis,train,images/lvis_a408a070c0a28418c654.jpg
lvis_a47cb0b8a596b8e9f13e.jpg,lvis,train,images/lvis_a47cb0b8a596b8e9f13e.jpg
lvis_a48ffebb46ab2ff41385.jpg,lvis,train,images/lvis_a48ffebb46ab2ff41385.jpg
lvis_a4c690f50cc29b843a44.jpg,lvis,train,images/lvis_a4c690f50cc29b843a44.jpg
lvis_a4f4f60f06e51b7d46d7.jpg,lvis,train,images/lvis_a4f4f60f06e51b7d46d7.jpg
lvis_a51373f7f9b6701cdbef.jpg,lvis,train,images/lvis_a51373f7f9b6701cdbef.jpg
lvis_a5398e604581221b62af.jpg,lvis,train,images/lvis_a5398e604581221b62af.jpg
lvis_a54b41f16e8be99aeb84.jpg,lvis,train,images/lvis_a54b41f16e8be99aeb84.jpg
lvis_a718c3d1d355cb479261.jpg,lvis,train,images/lvis_a718c3d1d355cb479261.jpg
lvis_a78757adc1fd1b974663.jpg,lvis,train,images/lvis_a78757adc1fd1b974663.jpg
lvis_a7b5dda6de8a623ae297.jpg,lvis,train,images/lvis_a7b5dda6de8a623ae297.jpg
lvis_a7b6581525c3d69e92ad.jpg,lvis,train,images/lvis_a7b6581525c3d69e92ad.jpg
lvis_a7b888fd1076cc9816e7.jpg,lvis,train,images/lvis_a7b888fd1076cc9816e7.jpg
lvis_a8030550f85053a1ec0d.jpg,lvis,train,images/lvis_a8030550f85053a1ec0d.jpg
lvis_a880d09c5756f5151d26.jpg,lvis,train,images/lvis_a880d09c5756f5151d26.jpg
lvis_a88bcea1ec3621d3b014.jpg,lvis,train,images/lvis_a88bcea1ec3621d3b014.jpg
lvis_a958ff72a4c8996dbb1e.jpg,lvis,train,images/lvis_a958ff72a4c8996dbb1e.jpg
lvis_a9c9ecb73174008e4269.jpg,lvis,train,images/lvis_a9c9ecb73174008e4269.jpg
lvis_a9f557f680083c45c3b9.jpg,lvis,train,images/lvis_a9f557f680083c45c3b9.jpg
lvis_aa1e84e32af00c1a3dfa.jpg,lvis,train,images/lvis_aa1e84e32af00c1a3dfa.jpg
lvis_aa20d98e7db67ce50c95.jpg,lvis,train,images/lvis_aa20d98e7db67ce50c95.jpg
lvis_aa51c195b76cd0cd27e9.jpg,lvis,train,images/lvis_aa51c195b76cd0cd27e9.jpg
lvis_aa62ea01749ef7d9000b.jpg,lvis,train,images/lvis_aa62ea01749ef7d9000b.jpg
lvis_aac4d565b49634d55d08.jpg,lvis,train,images/lvis_aac4d565b49634d55d08.jpg
lvis_aad89fab160b0689b57d.jpg,lvis,train,images/lvis_aad89fab160b0689b57d.jpg
lvis_ab43538816661d737e72.jpg,lvis,train,images/lvis_ab43538816661d737e72.jpg
lvis_ab5a09a61031b5809821.jpg,lvis,train,images/lvis_ab5a09a61031b5809821.jpg
lvis_ab6ac3b9a5a08848be3c.jpg,lvis,train,images/lvis_ab6ac3b9a5a08848be3c.jpg
lvis_ab966a9bfdc4f7e7bb76.jpg,lvis,train,images/lvis_ab966a9bfdc4f7e7bb76.jpg
lvis_abbe30897142817d2d5b.jpg,lvis,train,images/lvis_abbe30897142817d2d5b.jpg
lvis_abe9096e40e4047492b3.jpg,lvis,train,images/lvis_abe9096e40e4047492b3.jpg
lvis_ac001a3b21a16a48715f.jpg,lvis,train,images/lvis_ac001a3b21a16a48715f.jpg
lvis_ad218c69b72a8230844c.jpg,lvis,train,images/lvis_ad218c69b72a8230844c.jpg
lvis_ad367d150bbb0cb2bdb3.jpg,lvis,train,images/lvis_ad367d150bbb0cb2bdb3.jpg
lvis_ad7d60ff8d662506c48d.jpg,lvis,train,images/lvis_ad7d60ff8d662506c48d.jpg
lvis_ad8a77c87a7af674beb2.jpg,lvis,train,images/lvis_ad8a77c87a7af674beb2.jpg
lvis_ad8fb3b6f82fa151f095.jpg,lvis,train,images/lvis_ad8fb3b6f82fa151f095.jpg
lvis_add39afb5b624076adcb.jpg,lvis,train,images/lvis_add39afb5b624076adcb.jpg
lvis_ae1d8cdd16500353c62b.jpg,lvis,train,images/lvis_ae1d8cdd16500353c62b.jpg
lvis_ae791198462603a98c77.jpg,lvis,train,images/lvis_ae791198462603a98c77.jpg
lvis_aec88d078b94b71cd3be.jpg,lvis,train,images/lvis_aec88d078b94b71cd3be.jpg
lvis_aefe1d4b6fa0cf39be7d.jpg,lvis,train,images/lvis_aefe1d4b6fa0cf39be7d.jpg
lvis_af525fcd8c44989eaba2.jpg,lvis,train,images/lvis_af525fcd8c44989eaba2.jpg
lvis_af56785c7c458a53bf64.jpg,lvis,train,images/lvis_af56785c7c458a53bf64.jpg
lvis_af5c18ce3f90d983f6f9.jpg,lvis,train,images/lvis_af5c18ce3f90d983f6f9.jpg
lvis_af60007b95e97fae91c9.jpg,lvis,train,images/lvis_af60007b95e97fae91c9.jpg
lvis_b0176842d70d8eb06914.jpg,lvis,train,images/lvis_b0176842d70d8eb06914.jpg
lvis_b0b51219df867d14d998.jpg,lvis,train,images/lvis_b0b51219df867d14d998.jpg
lvis_b12fd6e510cc181428b0.jpg,lvis,train,images/lvis_b12fd6e510cc181428b0.jpg
lvis_b1d202d45724f874f5c7.jpg,lvis,train,images/lvis_b1d202d45724f874f5c7.jpg
lvis_b20b81376eeca151bc83.jpg,lvis,train,images/lvis_b20b81376eeca151bc83.jpg
lvis_b217a873b9ed5e03b5fc.jpg,lvis,train,images/lvis_b217a873b9ed5e03b5fc.jpg
lvis_b22a9b3ea2c53733c19c.jpg,lvis,train,images/lvis_b22a9b3ea2c53733c19c.jpg
lvis_b250d3750724861b47b7.jpg,lvis,train,images/lvis_b250d3750724861b47b7.jpg
lvis_b33ef66db47c1da769e5.jpg,lvis,train,images/lvis_b33ef66db47c1da769e5.jpg
lvis_b35beb587d209928f774.jpg,lvis,train,images/lvis_b35beb587d209928f774.jpg
lvis_b45b87a09ad8ed385799.jpg,lvis,train,images/lvis_b45b87a09ad8ed385799.jpg
lvis_b53828ab514ae0b4a05a.jpg,lvis,train,images/lvis_b53828ab514ae0b4a05a.jpg
lvis_b5bb8d608a608e0974a9.jpg,lvis,train,images/lvis_b5bb8d608a608e0974a9.jpg
lvis_b5e07cdaa506be9eb918.jpg,lvis,train,images/lvis_b5e07cdaa506be9eb918.jpg
lvis_b612a49af96bcd35a9ef.jpg,lvis,train,images/lvis_b612a49af96bcd35a9ef.jpg
lvis_b64ded9f9a9aba1263e2.jpg,lvis,train,images/lvis_b64ded9f9a9aba1263e2.jpg
lvis_b655e1265c2c67b55b8b.jpg,lvis,train,images/lvis_b655e1265c2c67b55b8b.jpg
lvis_b6b8d5e47906d61f91f8.jpg,lvis,train,images/lvis_b6b8d5e47906d61f91f8.jpg
lvis_b6fecfd81e33417477a5.jpg,lvis,train,images/lvis_b6fecfd81e33417477a5.jpg
lvis_b74a11743a26ed497404.jpg,lvis,train,images/lvis_b74a11743a26ed497404.jpg
lvis_b861624decedc7e3d24a.jpg,lvis,train,images/lvis_b861624decedc7e3d24a.jpg
lvis_b884bec77baa31ac1f1e.jpg,lvis,train,images/lvis_b884bec77baa31ac1f1e.jpg
lvis_b92a321fc6f436d547ae.jpg,lvis,train,images/lvis_b92a321fc6f436d547ae.jpg
lvis_ba1bddb33ab83801dc89.jpg,lvis,train,images/lvis_ba1bddb33ab83801dc89.jpg
lvis_ba63ac490255df010a47.jpg,lvis,train,images/lvis_ba63ac490255df010a47.jpg
lvis_ba701f749b6062b0ed3c.jpg,lvis,train,images/lvis_ba701f749b6062b0ed3c.jpg
lvis_bb074ea5f5e97f0514cf.jpg,lvis,train,images/lvis_bb074ea5f5e97f0514cf.jpg
lvis_bb6530106683c682305a.jpg,lvis,train,images/lvis_bb6530106683c682305a.jpg
lvis_bc1de7d47bd203d0a51e.jpg,lvis,train,images/lvis_bc1de7d47bd203d0a51e.jpg
lvis_bc79b6a94966d7cbd2eb.jpg,lvis,train,images/lvis_bc79b6a94966d7cbd2eb.jpg
lvis_bc929efde8651f0e1fa5.jpg,lvis,train,images/lvis_bc929efde8651f0e1fa5.jpg
lvis_bce85b234fdc55f235fd.jpg,lvis,train,images/lvis_bce85b234fdc55f235fd.jpg
lvis_bd5e718183de68ac1dc9.jpg,lvis,train,images/lvis_bd5e718183de68ac1dc9.jpg
lvis_bd6a7a400217fc2cd53b.jpg,lvis,train,images/lvis_bd6a7a400217fc2cd53b.jpg
lvis_bd6a948534d6d6487076.jpg,lvis,train,images/lvis_bd6a948534d6d6487076.jpg
lvis_bdbf024234c66b7f1708.jpg,lvis,train,images/lvis_bdbf024234c66b7f1708.jpg
lvis_be37ba67f630edaa6dae.jpg,lvis,train,images/lvis_be37ba67f630edaa6dae.jpg
lvis_be583f4c85ac0aa7b070.jpg,lvis,train,images/lvis_be583f4c85ac0aa7b070.jpg
lvis_be7cee8ae70df0c3db0a.jpg,lvis,train,images/lvis_be7cee8ae70df0c3db0a.jpg
lvis_beb3b12af65c9a14465a.jpg,lvis,train,images/lvis_beb3b12af65c9a14465a.jpg
lvis_bec4349ac8e428e888f2.jpg,lvis,train,images/lvis_bec4349ac8e428e888f2.jpg
lvis_bf5df44424569e74cd0e.jpg,lvis,train,images/lvis_bf5df44424569e74cd0e.jpg
lvis_bfa8116732dfb101eb5c.jpg,lvis,train,images/lvis_bfa8116732dfb101eb5c.jpg
lvis_bfbdde8d0726c9be4a29.jpg,lvis,train,images/lvis_bfbdde8d0726c9be4a29.jpg
lvis_bfc347d6bb8c054655bc.jpg,lvis,train,images/lvis_bfc347d6bb8c054655bc.jpg
lvis_bfec811ccc1c929866a6.jpg,lvis,train,images/lvis_bfec811ccc1c929866a6.jpg
lvis_bff2939053d2a07ba481.jpg,lvis,train,images/lvis_bff2939053d2a07ba481.jpg
lvis_c053a53a602a5f09f476.jpg,lvis,train,images/lvis_c053a53a602a5f09f476.jpg
lvis_c0864eb370298a714868.jpg,lvis,train,images/lvis_c0864eb370298a714868.jpg
lvis_c0ea9b130b0880cc91d4.jpg,lvis,train,images/lvis_c0ea9b130b0880cc91d4.jpg
lvis_c1479151565d9b8470f9.jpg,lvis,train,images/lvis_c1479151565d9b8470f9.jpg
lvis_c17e72b63109919847be.jpg,lvis,train,images/lvis_c17e72b63109919847be.jpg
lvis_c1bbc4d0554d74220783.jpg,lvis,train,images/lvis_c1bbc4d0554d74220783.jpg
lvis_c232172ce7b9b6996c5e.jpg,lvis,train,images/lvis_c232172ce7b9b6996c5e.jpg
lvis_c27c570202bcba7c0743.jpg,lvis,train,images/lvis_c27c570202bcba7c0743.jpg
lvis_c2bf0233b91e77c5d6fa.jpg,lvis,train,images/lvis_c2bf0233b91e77c5d6fa.jpg
lvis_c2f10aa5f4a8c8c5fabb.jpg,lvis,train,images/lvis_c2f10aa5f4a8c8c5fabb.jpg
lvis_c34ded4f48a91a24be72.jpg,lvis,train,images/lvis_c34ded4f48a91a24be72.jpg
lvis_c46e6fd9aaad147406c1.jpg,lvis,train,images/lvis_c46e6fd9aaad147406c1.jpg
lvis_c477d320569567e911ff.jpg,lvis,train,images/lvis_c477d320569567e911ff.jpg
lvis_c4ad55b9a84556f43916.jpg,lvis,train,images/lvis_c4ad55b9a84556f43916.jpg
lvis_c514891938c328096336.jpg,lvis,train,images/lvis_c514891938c328096336.jpg
lvis_c529f402e6085523f160.jpg,lvis,train,images/lvis_c529f402e6085523f160.jpg
lvis_c52b168061cefa1fc6fe.jpg,lvis,train,images/lvis_c52b168061cefa1fc6fe.jpg
lvis_c5825482e2c9d37ce6f8.jpg,lvis,train,images/lvis_c5825482e2c9d37ce6f8.jpg
lvis_c58959b8a895cdbb8ae0.jpg,lvis,train,images/lvis_c58959b8a895cdbb8ae0.jpg
lvis_c5adce387566a8eeadd4.jpg,lvis,train,images/lvis_c5adce387566a8eeadd4.jpg
lvis_c5e1809268a7888b12dc.jpg,lvis,train,images/lvis_c5e1809268a7888b12dc.jpg
lvis_c5fb9fe00c2ffd51a087.jpg,lvis,train,images/lvis_c5fb9fe00c2ffd51a087.jpg
lvis_c6d9d5509af35d5498e1.jpg,lvis,train,images/lvis_c6d9d5509af35d5498e1.jpg
lvis_c70471408292428f3069.jpg,lvis,train,images/lvis_c70471408292428f3069.jpg
lvis_c70931dd8cf14c5df58d.jpg,lvis,train,images/lvis_c70931dd8cf14c5df58d.jpg
lvis_c72b9a5ff9c962738d70.jpg,lvis,train,images/lvis_c72b9a5ff9c962738d70.jpg
lvis_c7f43cfa7e4708a92c1b.jpg,lvis,train,images/lvis_c7f43cfa7e4708a92c1b.jpg
lvis_c7f969dd8f086c50ba72.jpg,lvis,train,images/lvis_c7f969dd8f086c50ba72.jpg
lvis_c830191b8931a4b11366.jpg,lvis,train,images/lvis_c830191b8931a4b11366.jpg
lvis_c85cf26a092ed5fc574c.jpg,lvis,train,images/lvis_c85cf26a092ed5fc574c.jpg
lvis_c892b3b5c0d17259b23a.jpg,lvis,train,images/lvis_c892b3b5c0d17259b23a.jpg
lvis_c89556d9d676f44f444c.jpg,lvis,train,images/lvis_c89556d9d676f44f444c.jpg
lvis_c8f116728cda4b4de91c.jpg,lvis,train,images/lvis_c8f116728cda4b4de91c.jpg
lvis_c9069bde197cb17845a2.jpg,lvis,train,images/lvis_c9069bde197cb17845a2.jpg
lvis_c98517363e8492868566.jpg,lvis,train,images/lvis_c98517363e8492868566.jpg
lvis_ca1c4090f6a5b19f3113.jpg,lvis,train,images/lvis_ca1c4090f6a5b19f3113.jpg
lvis_cb2e39d0e505bdcfdf56.jpg,lvis,train,images/lvis_cb2e39d0e505bdcfdf56.jpg
lvis_cb7b1e898799e97ee416.jpg,lvis,train,images/lvis_cb7b1e898799e97ee416.jpg
lvis_cb7c90fd10d32aa6c512.jpg,lvis,train,images/lvis_cb7c90fd10d32aa6c512.jpg
lvis_cba30f2049e23f2766bd.jpg,lvis,train,images/lvis_cba30f2049e23f2766bd.jpg
lvis_cbac9b54ed8bc1e36727.jpg,lvis,train,images/lvis_cbac9b54ed8bc1e36727.jpg
lvis_cc164f51c8b0fb6c29fa.jpg,lvis,train,images/lvis_cc164f51c8b0fb6c29fa.jpg
lvis_cc42cece48aca3483dad.jpg,lvis,train,images/lvis_cc42cece48aca3483dad.jpg
lvis_cd1fb1ce23f572640cb1.jpg,lvis,train,images/lvis_cd1fb1ce23f572640cb1.jpg
lvis_cd34e0d6cada755ea20f.jpg,lvis,train,images/lvis_cd34e0d6cada755ea20f.jpg
lvis_cd55023157503cdf063c.jpg,lvis,train,images/lvis_cd55023157503cdf063c.jpg
lvis_cd9b4936865db753275a.jpg,lvis,train,images/lvis_cd9b4936865db753275a.jpg
lvis_ce26a8b96fe4934db006.jpg,lvis,train,images/lvis_ce26a8b96fe4934db006.jpg
lvis_ce5bfe5a06a6833f33b9.jpg,lvis,train,images/lvis_ce5bfe5a06a6833f33b9.jpg
lvis_ce9983e84de972726aa1.jpg,lvis,train,images/lvis_ce9983e84de972726aa1.jpg
lvis_ceec2bb88484500b107d.jpg,lvis,train,images/lvis_ceec2bb88484500b107d.jpg
lvis_cf3246a1b3a73d6df040.jpg,lvis,train,images/lvis_cf3246a1b3a73d6df040.jpg
lvis_cf8cb88d5385a41b1f9d.jpg,lvis,train,images/lvis_cf8cb88d5385a41b1f9d.jpg
lvis_cfbe0b3a075fe554e813.jpg,lvis,train,images/lvis_cfbe0b3a075fe554e813.jpg
lvis_cff521c243b3a215a3df.jpg,lvis,train,images/lvis_cff521c243b3a215a3df.jpg
lvis_d00e3c8c79cce8eb70aa.jpg,lvis,train,images/lvis_d00e3c8c79cce8eb70aa.jpg
lvis_d0446f61ac0b3e72c677.jpg,lvis,train,images/lvis_d0446f61ac0b3e72c677.jpg
lvis_d0ad797246a2d616e563.jpg,lvis,train,images/lvis_d0ad797246a2d616e563.jpg
lvis_d0eb642bad742d625a07.jpg,lvis,train,images/lvis_d0eb642bad742d625a07.jpg
lvis_d11b78fc2d5a0d3f1df1.jpg,lvis,train,images/lvis_d11b78fc2d5a0d3f1df1.jpg
lvis_d18e44e9137e8d1d7dcd.jpg,lvis,train,images/lvis_d18e44e9137e8d1d7dcd.jpg
lvis_d1daa37d22046fc5944a.jpg,lvis,train,images/lvis_d1daa37d22046fc5944a.jpg
lvis_d22dab29a79889fcda46.jpg,lvis,train,images/lvis_d22dab29a79889fcda46.jpg
lvis_d2d1cf337ad575ced568.jpg,lvis,train,images/lvis_d2d1cf337ad575ced568.jpg
lvis_d366a5f3e4dd22b9fe6a.jpg,lvis,train,images/lvis_d366a5f3e4dd22b9fe6a.jpg
lvis_d3816174b0fd97701902.jpg,lvis,train,images/lvis_d3816174b0fd97701902.jpg
lvis_d3afc0dc5c19578b2fee.jpg,lvis,train,images/lvis_d3afc0dc5c19578b2fee.jpg
lvis_d4243282ba6dd22a9d54.jpg,lvis,train,images/lvis_d4243282ba6dd22a9d54.jpg
lvis_d42d689e696d2bba8b24.jpg,lvis,train,images/lvis_d42d689e696d2bba8b24.jpg
lvis_d4fc959bed2012de91d4.jpg,lvis,train,images/lvis_d4fc959bed2012de91d4.jpg
lvis_d529e08a6f006cf972d0.jpg,lvis,train,images/lvis_d529e08a6f006cf972d0.jpg
lvis_d6594be118d75e6083a7.jpg,lvis,train,images/lvis_d6594be118d75e6083a7.jpg
lvis_d70c32e18f40bb5eab18.jpg,lvis,train,images/lvis_d70c32e18f40bb5eab18.jpg
lvis_d7d7742589b41ab433ce.jpg,lvis,train,images/lvis_d7d7742589b41ab433ce.jpg
lvis_d7e0924bbc0aad083ee0.jpg,lvis,train,images/lvis_d7e0924bbc0aad083ee0.jpg
lvis_d84ecbad06278bc3b6fa.jpg,lvis,train,images/lvis_d84ecbad06278bc3b6fa.jpg
lvis_d8915bab4a20c2df906b.jpg,lvis,train,images/lvis_d8915bab4a20c2df906b.jpg
lvis_d9b25b19e33ad62e1986.jpg,lvis,train,images/lvis_d9b25b19e33ad62e1986.jpg
lvis_da6734f4ef8f1d1cdc39.jpg,lvis,train,images/lvis_da6734f4ef8f1d1cdc39.jpg
lvis_daaaf48d0bd31b0fb8b6.jpg,lvis,train,images/lvis_daaaf48d0bd31b0fb8b6.jpg
lvis_daad0deb11fdfcac0605.jpg,lvis,train,images/lvis_daad0deb11fdfcac0605.jpg
lvis_db05369d058398055ab9.jpg,lvis,train,images/lvis_db05369d058398055ab9.jpg
lvis_db9cf54fdcac433c6bef.jpg,lvis,train,images/lvis_db9cf54fdcac433c6bef.jpg
lvis_dc2b1b6553dbe919f97d.jpg,lvis,train,images/lvis_dc2b1b6553dbe919f97d.jpg
lvis_dc30b190d11c6fb0865e.jpg,lvis,train,images/lvis_dc30b190d11c6fb0865e.jpg
lvis_dc4c6e0c7ade488ef2b2.jpg,lvis,train,images/lvis_dc4c6e0c7ade488ef2b2.jpg
lvis_de190681b2d4e337e7a4.jpg,lvis,train,images/lvis_de190681b2d4e337e7a4.jpg
lvis_de26d52c39ec488e525b.jpg,lvis,train,images/lvis_de26d52c39ec488e525b.jpg
lvis_de30b7743a88e450a44f.jpg,lvis,train,images/lvis_de30b7743a88e450a44f.jpg
lvis_df154f554e7593e47747.jpg,lvis,train,images/lvis_df154f554e7593e47747.jpg
lvis_df8bcbf9cf7f105b9a58.jpg,lvis,train,images/lvis_df8bcbf9cf7f105b9a58.jpg
lvis_dfbec87a6448b5d62f2a.jpg,lvis,train,images/lvis_dfbec87a6448b5d62f2a.jpg
lvis_e03d9d9a751889a6262e.jpg,lvis,train,images/lvis_e03d9d9a751889a6262e.jpg
lvis_e06b0e3366e5fc59a95f.jpg,lvis,train,images/lvis_e06b0e3366e5fc59a95f.jpg
lvis_e082ac6b2dea0771f877.jpg,lvis,train,images/lvis_e082ac6b2dea0771f877.jpg
lvis_e09de0b627272b3c0114.jpg,lvis,train,images/lvis_e09de0b627272b3c0114.jpg
lvis_e0cea98c0211f3c3ba2a.jpg,lvis,train,images/lvis_e0cea98c0211f3c3ba2a.jpg
lvis_e10ef7c35225c9a85b0a.jpg,lvis,train,images/lvis_e10ef7c35225c9a85b0a.jpg
lvis_e123f5f423f8161353b8.jpg,lvis,train,images/lvis_e123f5f423f8161353b8.jpg
lvis_e17850cc0a4c786ff5c9.jpg,lvis,train,images/lvis_e17850cc0a4c786ff5c9.jpg
lvis_e191251fad9c13321714.jpg,lvis,train,images/lvis_e191251fad9c13321714.jpg
lvis_e1bb52fb5e1d90479f75.jpg,lvis,train,images/lvis_e1bb52fb5e1d90479f75.jpg
lvis_e2267b084a0f37a85558.jpg,lvis,train,images/lvis_e2267b084a0f37a85558.jpg
lvis_e2be917cedfa6a03873d.jpg,lvis,train,images/lvis_e2be917cedfa6a03873d.jpg
lvis_e2da2f1b5c7b09540af4.jpg,lvis,train,images/lvis_e2da2f1b5c7b09540af4.jpg
lvis_e329c09249cc14a7d146.jpg,lvis,train,images/lvis_e329c09249cc14a7d146.jpg
lvis_e378ca2bc96b575030e9.jpg,lvis,train,images/lvis_e378ca2bc96b575030e9.jpg
lvis_e3820159cae0ca5b662b.jpg,lvis,train,images/lvis_e3820159cae0ca5b662b.jpg
lvis_e40cf35ffdf03f27f1b9.jpg,lvis,train,images/lvis_e40cf35ffdf03f27f1b9.jpg
lvis_e421b8186a54c776a445.jpg,lvis,train,images/lvis_e421b8186a54c776a445.jpg
lvis_e425b15d705d75afbef8.jpg,lvis,train,images/lvis_e425b15d705d75afbef8.jpg
lvis_e43e0f3812afca36cf09.jpg,lvis,train,images/lvis_e43e0f3812afca36cf09.jpg
lvis_e46b0fce5cb953915273.jpg,lvis,train,images/lvis_e46b0fce5cb953915273.jpg
lvis_e630e11f023b5933822d.jpg,lvis,train,images/lvis_e630e11f023b5933822d.jpg
lvis_e6d336a3295f1f06c742.jpg,lvis,train,images/lvis_e6d336a3295f1f06c742.jpg
lvis_e6ffd0745b447f5704bc.jpg,lvis,train,images/lvis_e6ffd0745b447f5704bc.jpg
lvis_e737fcec311cf42d979e.jpg,lvis,train,images/lvis_e737fcec311cf42d979e.jpg
lvis_e7535dbb55a738da3b83.jpg,lvis,train,images/lvis_e7535dbb55a738da3b83.jpg
lvis_e7c73bc7f0b9055a62da.jpg,lvis,train,images/lvis_e7c73bc7f0b9055a62da.jpg
lvis_e8034cc7b28b9e6a65c4.jpg,lvis,train,images/lvis_e8034cc7b28b9e6a65c4.jpg
lvis_e86a2199c9930f3474a8.jpg,lvis,train,images/lvis_e86a2199c9930f3474a8.jpg
lvis_e8781dff95da097be692.jpg,lvis,train,images/lvis_e8781dff95da097be692.jpg
lvis_e8ec53fd61a19265861b.jpg,lvis,train,images/lvis_e8ec53fd61a19265861b.jpg
lvis_ea349d37f9d28b84e138.jpg,lvis,train,images/lvis_ea349d37f9d28b84e138.jpg
lvis_ead2b7199f062a2042f0.jpg,lvis,train,images/lvis_ead2b7199f062a2042f0.jpg
lvis_eaf653d88b58ebce3943.jpg,lvis,train,images/lvis_eaf653d88b58ebce3943.jpg
lvis_eb00184bd744948dd216.jpg,lvis,train,images/lvis_eb00184bd744948dd216.jpg
lvis_eb10feb6400829fa1883.jpg,lvis,train,images/lvis_eb10feb6400829fa1883.jpg
lvis_eba4dec27640de62034b.jpg,lvis,train,images/lvis_eba4dec27640de62034b.jpg
lvis_ebdcf498f1d76f9523c8.jpg,lvis,train,images/lvis_ebdcf498f1d76f9523c8.jpg
lvis_ebfde9e1cab35c7eca18.jpg,lvis,train,images/lvis_ebfde9e1cab35c7eca18.jpg
lvis_ec62e965a2699adb4d04.jpg,lvis,train,images/lvis_ec62e965a2699adb4d04.jpg
lvis_eca69cbd3a71a30937f7.jpg,lvis,train,images/lvis_eca69cbd3a71a30937f7.jpg
lvis_ecd15192abf04f04a106.jpg,lvis,train,images/lvis_ecd15192abf04f04a106.jpg
lvis_ecfdefd706a2dc8ba208.jpg,lvis,train,images/lvis_ecfdefd706a2dc8ba208.jpg
lvis_ed4aae6126994a3087fb.jpg,lvis,train,images/lvis_ed4aae6126994a3087fb.jpg
lvis_ed95442934c1c0b0d585.jpg,lvis,train,images/lvis_ed95442934c1c0b0d585.jpg
lvis_edcda0525d6e404b17b9.jpg,lvis,train,images/lvis_edcda0525d6e404b17b9.jpg
lvis_ee245a38c7617359fee0.jpg,lvis,train,images/lvis_ee245a38c7617359fee0.jpg
lvis_ee519eba6fb75853faba.jpg,lvis,train,images/lvis_ee519eba6fb75853faba.jpg
lvis_ee88bacd709fadd9baaa.jpg,lvis,train,images/lvis_ee88bacd709fadd9baaa.jpg
lvis_eec965e56631b55d7437.jpg,lvis,train,images/lvis_eec965e56631b55d7437.jpg
lvis_efebefcd73d49cd0122d.jpg,lvis,train,images/lvis_efebefcd73d49cd0122d.jpg
lvis_f0371dfad5349ada8d91.jpg,lvis,train,images/lvis_f0371dfad5349ada8d91.jpg
lvis_f05d71e44d60482840bf.jpg,lvis,train,images/lvis_f05d71e44d60482840bf.jpg
lvis_f0693ba4e95a1e66cdad.jpg,lvis,train,images/lvis_f0693ba4e95a1e66cdad.jpg
lvis_f0a1680961ad3e9d074e.jpg,lvis,train,images/lvis_f0a1680961ad3e9d074e.jpg
lvis_f20060d4e1a8f875c27b.jpg,lvis,train,images/lvis_f20060d4e1a8f875c27b.jpg
lvis_f237472b524f8eaae476.jpg,lvis,train,images/lvis_f237472b524f8eaae476.jpg
lvis_f261a6cc73e0b1c416ff.jpg,lvis,train,images/lvis_f261a6cc73e0b1c416ff.jpg
lvis_f2a2b678ccdeec792118.jpg,lvis,train,images/lvis_f2a2b678ccdeec792118.jpg
lvis_f2a2b827294ebc92182d.jpg,lvis,train,images/lvis_f2a2b827294ebc92182d.jpg
lvis_f3368054d9b3a5633c06.jpg,lvis,train,images/lvis_f3368054d9b3a5633c06.jpg
lvis_f40540f92fbdd8c732bc.jpg,lvis,train,images/lvis_f40540f92fbdd8c732bc.jpg
lvis_f4167cb685a8d6b173e1.jpg,lvis,train,images/lvis_f4167cb685a8d6b173e1.jpg
lvis_f4ac31780b7afc05310f.jpg,lvis,train,images/lvis_f4ac31780b7afc05310f.jpg
lvis_f4db645a7ec513b701d4.jpg,lvis,train,images/lvis_f4db645a7ec513b701d4.jpg
lvis_f4ef436cf21c3b1949ee.jpg,lvis,train,images/lvis_f4ef436cf21c3b1949ee.jpg
lvis_f57988d3e1f58e6aa75f.jpg,lvis,train,images/lvis_f57988d3e1f58e6aa75f.jpg
lvis_f57d7a0d89d83f0a294e.jpg,lvis,train,images/lvis_f57d7a0d89d83f0a294e.jpg
lvis_f584d9aa9c3446e762fe.jpg,lvis,train,images/lvis_f584d9aa9c3446e762fe.jpg
lvis_f5adda81c5a3a924cd79.jpg,lvis,train,images/lvis_f5adda81c5a3a924cd79.jpg
lvis_f5c2f3554853ee35625b.jpg,lvis,train,images/lvis_f5c2f3554853ee35625b.jpg
lvis_f5ffa344dcd117344c77.jpg,lvis,train,images/lvis_f5ffa344dcd117344c77.jpg
lvis_f63617a889a32f0a5987.jpg,lvis,train,images/lvis_f63617a889a32f0a5987.jpg
lvis_f65abd0f639368b60f27.jpg,lvis,train,images/lvis_f65abd0f639368b60f27.jpg
lvis_f6797a341388ff4d9ddb.jpg,lvis,train,images/lvis_f6797a341388ff4d9ddb.jpg
lvis_f6879068c51c83c4fd84.jpg,lvis,train,images/lvis_f6879068c51c83c4fd84.jpg
lvis_f73bf343e61bfabc1cc2.jpg,lvis,train,images/lvis_f73bf343e61bfabc1cc2.jpg
lvis_f7625dbb14dc3eb8e179.jpg,lvis,train,images/lvis_f7625dbb14dc3eb8e179.jpg
lvis_f7b457640fd425e92297.jpg,lvis,train,images/lvis_f7b457640fd425e92297.jpg
lvis_f874649ec5fd54e8a139.jpg,lvis,train,images/lvis_f874649ec5fd54e8a139.jpg
lvis_f8dfb66aac204ff480b4.jpg,lvis,train,images/lvis_f8dfb66aac204ff480b4.jpg
lvis_f9087c596614dacdd8cc.jpg,lvis,train,images/lvis_f9087c596614dacdd8cc.jpg
lvis_f90bbf23b6415844ea23.jpg,lvis,train,images/lvis_f90bbf23b6415844ea23.jpg
lvis_f9410bcf1d9d4c4803ff.jpg,lvis,train,images/lvis_f9410bcf1d9d4c4803ff.jpg
lvis_f94329799b881f108c63.jpg,lvis,train,images/lvis_f94329799b881f108c63.jpg
lvis_f963bdeca1755fa06f9f.jpg,lvis,train,images/lvis_f963bdeca1755fa06f9f.jpg
lvis_fa3c70b57fb13c743a49.jpg,lvis,train,images/lvis_fa3c70b57fb13c743a49.jpg
lvis_fa7d917644bc4aae19aa.jpg,lvis,train,images/lvis_fa7d917644bc4aae19aa.jpg
lvis_fa8177bcf361aaf374e6.jpg,lvis,train,images/lvis_fa8177bcf361aaf374e6.jpg
lvis_faf70c6139f7bdeaad6d.jpg,lvis,train,images/lvis_faf70c6139f7bdeaad6d.jpg
lvis_fb3ecfe7860add7cb30a.jpg,lvis,train,images/lvis_fb3ecfe7860add7cb30a.jpg
lvis_fc35003ab6c723846791.jpg,lvis,train,images/lvis_fc35003ab6c723846791.jpg
lvis_fc77cac6fd561b20bf55.jpg,lvis,train,images/lvis_fc77cac6fd561b20bf55.jpg
lvis_fcb5752e7a861bb06b3e.jpg,lvis,train,images/lvis_fcb5752e7a861bb06b3e.jpg
lvis_fcd71ea8dec43c2aa51f.jpg,lvis,train,images/lvis_fcd71ea8dec43c2aa51f.jpg
lvis_fd2d4c6d06a5cb6d1a0d.jpg,lvis,train,images/lvis_fd2d4c6d06a5cb6d1a0d.jpg
lvis_fd64dd1e36a865cd90db.jpg,lvis,train,images/lvis_fd64dd1e36a865cd90db.jpg
lvis_fd665a61d5de25752dc8.jpg,lvis,train,images/lvis_fd665a61d5de25752dc8.jpg
lvis_fd9cc84c47d34ae26e2a.jpg,lvis,train,images/lvis_fd9cc84c47d34ae26e2a.jpg
lvis_fdcb9edb4820f4360ae1.jpg,lvis,train,images/lvis_fdcb9edb4820f4360ae1.jpg
lvis_fddbfef57ba6d07e19d0.jpg,lvis,train,images/lvis_fddbfef57ba6d07e19d0.jpg
lvis_fe38e3b68e1849b40955.jpg,lvis,train,images/lvis_fe38e3b68e1849b40955.jpg
lvis_fe3aa66b74898da9f03d.jpg,lvis,train,images/lvis_fe3aa66b74898da9f03d.jpg
lvis_feaf9e74dbb00db135c9.jpg,lvis,train,images/lvis_feaf9e74dbb00db135c9.jpg
lvis_fef1f1798bb406727efa.jpg,lvis,train,images/lvis_fef1f1798bb406727efa.jpg
lvis_fef3e0f416249b535fbd.jpg,lvis,train,images/lvis_fef3e0f416249b535fbd.jpg
lvis_ff965527cfc2deafd212.jpg,lvis,train,images/lvis_ff965527cfc2deafd212.jpg
lvis_ffd233de0e97baeb1928.jpg,lvis,train,images/lvis_ffd233de0e97baeb1928.jpg
lvis_fff3dce10857486d2b36.jpg,lvis,train,images/lvis_fff3dce10857486d2b36.jpg
openimages_00157c8cd9e64aef3464.jpg,openimages,train,images/openimages_00157c8cd9e64aef3464.jpg
openimages_007db11e89b4db097d96.jpg,openimages,train,images/openimages_007db11e89b4db097d96.jpg
openimages_01d56d473d5a0574c5b9.jpg,openimages,train,images/openimages_01d56d473d5a0574c5b9.jpg
openimages_01e862bb6a317b17d465.jpg,openimages,train,images/openimages_01e862bb6a317b17d465.jpg
openimages_01ffd4a49a913bbf452a.jpg,openimages,train,images/openimages_01ffd4a49a913bbf452a.jpg
openimages_0219a22fe169aaa760cd.jpg,openimages,train,images/openimages_0219a22fe169aaa760cd.jpg
openimages_022d20df07378ec67286.jpg,openimages,train,images/openimages_022d20df07378ec67286.jpg
openimages_023abc3121ae06f9f264.jpg,openimages,train,images/openimages_023abc3121ae06f9f264.jpg
openimages_02600dea09b08b6ab710.jpg,openimages,train,images/openimages_02600dea09b08b6ab710.jpg
openimages_02b83873092993e2c1c6.jpg,openimages,train,images/openimages_02b83873092993e2c1c6.jpg
openimages_02b9e074a19225d11eb9.jpg,openimages,train,images/openimages_02b9e074a19225d11eb9.jpg
openimages_02e682acdbb72ffbda81.jpg,openimages,train,images/openimages_02e682acdbb72ffbda81.jpg
openimages_02f0a16aa1e5d24019c1.jpg,openimages,train,images/openimages_02f0a16aa1e5d24019c1.jpg
openimages_02fd5b1a30a45b884ecf.jpg,openimages,train,images/openimages_02fd5b1a30a45b884ecf.jpg
openimages_03614ed2031d7cdecfab.jpg,openimages,train,images/openimages_03614ed2031d7cdecfab.jpg
openimages_039449e9eda0662ba981.jpg,openimages,train,images/openimages_039449e9eda0662ba981.jpg
openimages_03f34a1709a7cdd8c547.jpg,openimages,train,images/openimages_03f34a1709a7cdd8c547.jpg
openimages_03f73470aa01d602fb26.jpg,openimages,train,images/openimages_03f73470aa01d602fb26.jpg
openimages_0449f80319a9c677a75c.jpg,openimages,train,images/openimages_0449f80319a9c677a75c.jpg
openimages_045065d475e4b75fa79f.jpg,openimages,train,images/openimages_045065d475e4b75fa79f.jpg
openimages_0478b6448f17ec9cbea0.jpg,openimages,train,images/openimages_0478b6448f17ec9cbea0.jpg
openimages_04a6fce351666b3af8e0.jpg,openimages,train,images/openimages_04a6fce351666b3af8e0.jpg
openimages_05171b58f4a9bc607da4.jpg,openimages,train,images/openimages_05171b58f4a9bc607da4.jpg
openimages_0637785218805bca2a76.jpg,openimages,train,images/openimages_0637785218805bca2a76.jpg
openimages_06aa47ba3aa70f7c5765.jpg,openimages,train,images/openimages_06aa47ba3aa70f7c5765.jpg
openimages_0718bc202a521094f16e.jpg,openimages,train,images/openimages_0718bc202a521094f16e.jpg
openimages_0776de4933e57275f36b.jpg,openimages,train,images/openimages_0776de4933e57275f36b.jpg
openimages_0810e889bf110ad2aba7.jpg,openimages,train,images/openimages_0810e889bf110ad2aba7.jpg
openimages_0937adc60ca2f382a6c5.jpg,openimages,train,images/openimages_0937adc60ca2f382a6c5.jpg
openimages_0977d4dbed0bbcf738fe.jpg,openimages,train,images/openimages_0977d4dbed0bbcf738fe.jpg
openimages_09af5f89332c57c3f65d.jpg,openimages,train,images/openimages_09af5f89332c57c3f65d.jpg
openimages_0a17a9e11e092b6902b9.jpg,openimages,train,images/openimages_0a17a9e11e092b6902b9.jpg
openimages_0a60e1148d2cd8984cc2.jpg,openimages,train,images/openimages_0a60e1148d2cd8984cc2.jpg
openimages_0ac18938eb17b142859a.jpg,openimages,train,images/openimages_0ac18938eb17b142859a.jpg
openimages_0b9e6a4963c4787b9f28.jpg,openimages,train,images/openimages_0b9e6a4963c4787b9f28.jpg
openimages_0c59f5c88d3a211447e3.jpg,openimages,train,images/openimages_0c59f5c88d3a211447e3.jpg
openimages_0c7fc81a66701b8c70dd.jpg,openimages,train,images/openimages_0c7fc81a66701b8c70dd.jpg
openimages_0cf2d47b3220020c1b17.jpg,openimages,train,images/openimages_0cf2d47b3220020c1b17.jpg
openimages_0d060b2ab1c509e91c09.jpg,openimages,train,images/openimages_0d060b2ab1c509e91c09.jpg
openimages_0e3e4ecb5313deea96c7.jpg,openimages,train,images/openimages_0e3e4ecb5313deea96c7.jpg
openimages_0e92e8b6e213c375c989.jpg,openimages,train,images/openimages_0e92e8b6e213c375c989.jpg
openimages_0ebe0048afc74856478b.jpg,openimages,train,images/openimages_0ebe0048afc74856478b.jpg
openimages_0f4937aef98ef47472f3.jpg,openimages,train,images/openimages_0f4937aef98ef47472f3.jpg
openimages_0f51f583ead254825741.jpg,openimages,train,images/openimages_0f51f583ead254825741.jpg
openimages_0fd22fc78beb73942aaf.jpg,openimages,train,images/openimages_0fd22fc78beb73942aaf.jpg
openimages_10490805a38788d60c8d.jpg,openimages,train,images/openimages_10490805a38788d60c8d.jpg
openimages_107d7876ffb0f1ed4a17.jpg,openimages,train,images/openimages_107d7876ffb0f1ed4a17.jpg
openimages_110fe8cab32fe40f7f7c.jpg,openimages,train,images/openimages_110fe8cab32fe40f7f7c.jpg
openimages_113ca04363c27e1fdee8.jpg,openimages,train,images/openimages_113ca04363c27e1fdee8.jpg
openimages_1196b59d028ae7a39185.jpg,openimages,train,images/openimages_1196b59d028ae7a39185.jpg
openimages_11ad33169492d0f6afe2.jpg,openimages,train,images/openimages_11ad33169492d0f6afe2.jpg
openimages_128e93f76f1095d22f1b.jpg,openimages,train,images/openimages_128e93f76f1095d22f1b.jpg
openimages_12add6cf742466091823.jpg,openimages,train,images/openimages_12add6cf742466091823.jpg
openimages_12f70a8ff5bbf4996911.jpg,openimages,train,images/openimages_12f70a8ff5bbf4996911.jpg
openimages_12fac9f2bf2707721ad7.jpg,openimages,train,images/openimages_12fac9f2bf2707721ad7.jpg
openimages_140d2137788f35fbe906.jpg,openimages,train,images/openimages_140d2137788f35fbe906.jpg
openimages_14fbe5133169c835eb55.jpg,openimages,train,images/openimages_14fbe5133169c835eb55.jpg
openimages_157e8117d0b0a022a13a.jpg,openimages,train,images/openimages_157e8117d0b0a022a13a.jpg
openimages_15d758e1369d7c1e0fe7.jpg,openimages,train,images/openimages_15d758e1369d7c1e0fe7.jpg
openimages_16393155d9aaae5a1519.jpg,openimages,train,images/openimages_16393155d9aaae5a1519.jpg
openimages_163c8e5cb10c49f88dd8.jpg,openimages,train,images/openimages_163c8e5cb10c49f88dd8.jpg
openimages_166d56ae7720ad842453.jpg,openimages,train,images/openimages_166d56ae7720ad842453.jpg
openimages_1728ce793f5556a8c00d.jpg,openimages,train,images/openimages_1728ce793f5556a8c00d.jpg
openimages_1767271fe0789972837d.jpg,openimages,train,images/openimages_1767271fe0789972837d.jpg
openimages_17caa307b8135d62f815.jpg,openimages,train,images/openimages_17caa307b8135d62f815.jpg
openimages_18f04649bdef1bf29fcc.jpg,openimages,train,images/openimages_18f04649bdef1bf29fcc.jpg
openimages_1a4a85d119fcdc4bd5f9.jpg,openimages,train,images/openimages_1a4a85d119fcdc4bd5f9.jpg
openimages_1aab118a99a442e13dc3.jpg,openimages,train,images/openimages_1aab118a99a442e13dc3.jpg
openimages_1ac36fa4c8f361a8e25e.jpg,openimages,train,images/openimages_1ac36fa4c8f361a8e25e.jpg
openimages_1b4fa8947c16c7702a0c.jpg,openimages,train,images/openimages_1b4fa8947c16c7702a0c.jpg
openimages_1c138a48054863b8edf0.jpg,openimages,train,images/openimages_1c138a48054863b8edf0.jpg
openimages_1c6bc96eecf139e44afa.jpg,openimages,train,images/openimages_1c6bc96eecf139e44afa.jpg
openimages_1c9b966446af16537512.jpg,openimages,train,images/openimages_1c9b966446af16537512.jpg
openimages_1cb4ef5309a97bf1da6a.jpg,openimages,train,images/openimages_1cb4ef5309a97bf1da6a.jpg
openimages_1d62b54c3d63c2ac402f.jpg,openimages,train,images/openimages_1d62b54c3d63c2ac402f.jpg
openimages_1dd4ffa17a6937cf6455.jpg,openimages,train,images/openimages_1dd4ffa17a6937cf6455.jpg
openimages_1e4c394c22bc91dbe323.jpg,openimages,train,images/openimages_1e4c394c22bc91dbe323.jpg
openimages_1e5b0066790e70abfefc.jpg,openimages,train,images/openimages_1e5b0066790e70abfefc.jpg
openimages_1e75bfbb373cd468469a.jpg,openimages,train,images/openimages_1e75bfbb373cd468469a.jpg
openimages_1e8cf28997e8cf116335.jpg,openimages,train,images/openimages_1e8cf28997e8cf116335.jpg
openimages_1e930e6ec9b131a73364.jpg,openimages,train,images/openimages_1e930e6ec9b131a73364.jpg
openimages_1efb21bbeaef4ec43596.jpg,openimages,train,images/openimages_1efb21bbeaef4ec43596.jpg
openimages_1f5def95916079dbed4c.jpg,openimages,train,images/openimages_1f5def95916079dbed4c.jpg
openimages_1fc99c55474eb1ef2f20.jpg,openimages,train,images/openimages_1fc99c55474eb1ef2f20.jpg
openimages_20978675a5dfb5ab5c79.jpg,openimages,train,images/openimages_20978675a5dfb5ab5c79.jpg
openimages_209ad01d230e6e13d850.jpg,openimages,train,images/openimages_209ad01d230e6e13d850.jpg
openimages_20dadd5e2199339e40f1.jpg,openimages,train,images/openimages_20dadd5e2199339e40f1.jpg
openimages_21411bcbef95cc27adc2.jpg,openimages,train,images/openimages_21411bcbef95cc27adc2.jpg
openimages_21460a73e19a78adf871.jpg,openimages,train,images/openimages_21460a73e19a78adf871.jpg
openimages_221c0617a1522577e538.jpg,openimages,train,images/openimages_221c0617a1522577e538.jpg
openimages_22432bd9c4c30458ac2a.jpg,openimages,train,images/openimages_22432bd9c4c30458ac2a.jpg
openimages_229c62943448c4b9adf1.jpg,openimages,train,images/openimages_229c62943448c4b9adf1.jpg
openimages_22cf9577519b60f67c68.jpg,openimages,train,images/openimages_22cf9577519b60f67c68.jpg
openimages_231181da27e3f6d2e91a.jpg,openimages,train,images/openimages_231181da27e3f6d2e91a.jpg
openimages_24122ffa6f44a0503faf.jpg,openimages,train,images/openimages_24122ffa6f44a0503faf.jpg
openimages_24e613a93bfe4839a22d.jpg,openimages,train,images/openimages_24e613a93bfe4839a22d.jpg
openimages_25d1a59c6633a5b657b8.jpg,openimages,train,images/openimages_25d1a59c6633a5b657b8.jpg
openimages_261af2ca8417b3ce68f4.jpg,openimages,train,images/openimages_261af2ca8417b3ce68f4.jpg
openimages_263022a522ea2b72642b.jpg,openimages,train,images/openimages_263022a522ea2b72642b.jpg
openimages_267b6d0a21370a641770.jpg,openimages,train,images/openimages_267b6d0a21370a641770.jpg
openimages_26ea04d03bfc05ba9141.jpg,openimages,train,images/openimages_26ea04d03bfc05ba9141.jpg
openimages_26fa4da036fb84adeebf.jpg,openimages,train,images/openimages_26fa4da036fb84adeebf.jpg
openimages_27ee958d6ac28cd0d40f.jpg,openimages,train,images/openimages_27ee958d6ac28cd0d40f.jpg
openimages_284616516ad39d44206c.jpg,openimages,train,images/openimages_284616516ad39d44206c.jpg
openimages_28e952d538679c75bc04.jpg,openimages,train,images/openimages_28e952d538679c75bc04.jpg
openimages_291439bf34d6a3da66b5.jpg,openimages,train,images/openimages_291439bf34d6a3da66b5.jpg
openimages_29b1ad80ebdeb00752d4.jpg,openimages,train,images/openimages_29b1ad80ebdeb00752d4.jpg
openimages_29c2ccfb1d3ca8270cff.jpg,openimages,train,images/openimages_29c2ccfb1d3ca8270cff.jpg
openimages_2a1b3ee17a4e3d28c424.jpg,openimages,train,images/openimages_2a1b3ee17a4e3d28c424.jpg
openimages_2acf8685c7fef5e3baa8.jpg,openimages,train,images/openimages_2acf8685c7fef5e3baa8.jpg
openimages_2adf634ba21908c04df4.jpg,openimages,train,images/openimages_2adf634ba21908c04df4.jpg
openimages_2aff5de3539348d6f49b.jpg,openimages,train,images/openimages_2aff5de3539348d6f49b.jpg
openimages_2b1258cd0803a886e44b.jpg,openimages,train,images/openimages_2b1258cd0803a886e44b.jpg
openimages_2b2c037364e019303988.jpg,openimages,train,images/openimages_2b2c037364e019303988.jpg
openimages_2b542a0231028fabb534.jpg,openimages,train,images/openimages_2b542a0231028fabb534.jpg
openimages_2b57e4c4438849fad405.jpg,openimages,train,images/openimages_2b57e4c4438849fad405.jpg
openimages_2c4fe1f88e7c417fc077.jpg,openimages,train,images/openimages_2c4fe1f88e7c417fc077.jpg
openimages_2c6d412f579e2a869a12.jpg,openimages,train,images/openimages_2c6d412f579e2a869a12.jpg
openimages_2c7be5c90a74b48b3fcb.jpg,openimages,train,images/openimages_2c7be5c90a74b48b3fcb.jpg
openimages_2c8b88cbc817e2084ee8.jpg,openimages,train,images/openimages_2c8b88cbc817e2084ee8.jpg
openimages_2ca9e99729186cb1c1dc.jpg,openimages,train,images/openimages_2ca9e99729186cb1c1dc.jpg
openimages_2cf835fdfd0dac25c12c.jpg,openimages,train,images/openimages_2cf835fdfd0dac25c12c.jpg
openimages_2d47272c574a5672004d.jpg,openimages,train,images/openimages_2d47272c574a5672004d.jpg
openimages_2d67332d97a7c60d8adb.jpg,openimages,train,images/openimages_2d67332d97a7c60d8adb.jpg
openimages_2f30f0ec6bd720a85ed3.jpg,openimages,train,images/openimages_2f30f0ec6bd720a85ed3.jpg
openimages_2f37ac75e783de981cfc.jpg,openimages,train,images/openimages_2f37ac75e783de981cfc.jpg
openimages_2f83937130ea26c97334.jpg,openimages,train,images/openimages_2f83937130ea26c97334.jpg
openimages_3005b484f0d81e4e6c82.jpg,openimages,train,images/openimages_3005b484f0d81e4e6c82.jpg
openimages_306a44f94334c14010ef.jpg,openimages,train,images/openimages_306a44f94334c14010ef.jpg
openimages_30c2ec6f737630ecff73.jpg,openimages,train,images/openimages_30c2ec6f737630ecff73.jpg
openimages_3101b03a1dbbe33b2e51.jpg,openimages,train,images/openimages_3101b03a1dbbe33b2e51.jpg
openimages_31279d33da3d6cc30c62.jpg,openimages,train,images/openimages_31279d33da3d6cc30c62.jpg
openimages_315afea43f1c42adffd8.jpg,openimages,train,images/openimages_315afea43f1c42adffd8.jpg
openimages_315c8ac5ddf4eefff07c.jpg,openimages,train,images/openimages_315c8ac5ddf4eefff07c.jpg
openimages_318439b58c4785963535.jpg,openimages,train,images/openimages_318439b58c4785963535.jpg
openimages_31aabab3cef21216c696.jpg,openimages,train,images/openimages_31aabab3cef21216c696.jpg
openimages_31c34ffc49705390d40d.jpg,openimages,train,images/openimages_31c34ffc49705390d40d.jpg
openimages_31f8177d2eb2370a18b8.jpg,openimages,train,images/openimages_31f8177d2eb2370a18b8.jpg
openimages_3224cde32eb36302749d.jpg,openimages,train,images/openimages_3224cde32eb36302749d.jpg
openimages_325a3b8d18d19771467a.jpg,openimages,train,images/openimages_325a3b8d18d19771467a.jpg
openimages_32986a9d7e252472f09d.jpg,openimages,train,images/openimages_32986a9d7e252472f09d.jpg
openimages_336c9f82cdca18529e4b.jpg,openimages,train,images/openimages_336c9f82cdca18529e4b.jpg
openimages_3433e0bbbfd8986fbff1.jpg,openimages,train,images/openimages_3433e0bbbfd8986fbff1.jpg
openimages_34b78693baf2b604e00a.jpg,openimages,train,images/openimages_34b78693baf2b604e00a.jpg
openimages_356f039b5f98aca88950.jpg,openimages,train,images/openimages_356f039b5f98aca88950.jpg
openimages_3570b1c1c08bcfc7d379.jpg,openimages,train,images/openimages_3570b1c1c08bcfc7d379.jpg
openimages_3582dbe0b984ca78dae8.jpg,openimages,train,images/openimages_3582dbe0b984ca78dae8.jpg
openimages_3655a745e057b3ea1df2.jpg,openimages,train,images/openimages_3655a745e057b3ea1df2.jpg
openimages_36aa24b4cf8845ab5d6f.jpg,openimages,train,images/openimages_36aa24b4cf8845ab5d6f.jpg
openimages_36c37bd0bfe8dcc76fb6.jpg,openimages,train,images/openimages_36c37bd0bfe8dcc76fb6.jpg
openimages_3724c3bd2acf52e627f1.jpg,openimages,train,images/openimages_3724c3bd2acf52e627f1.jpg
openimages_3756c344b8a0d0089ea5.jpg,openimages,train,images/openimages_3756c344b8a0d0089ea5.jpg
openimages_37aa4c062860786bc890.jpg,openimages,train,images/openimages_37aa4c062860786bc890.jpg
openimages_37dc1304621ff2d40f97.jpg,openimages,train,images/openimages_37dc1304621ff2d40f97.jpg
openimages_37ffa02dc243fdcd3fe3.jpg,openimages,train,images/openimages_37ffa02dc243fdcd3fe3.jpg
openimages_38096ecf0574b841a970.jpg,openimages,train,images/openimages_38096ecf0574b841a970.jpg
openimages_3826a01abf8315a6381c.jpg,openimages,train,images/openimages_3826a01abf8315a6381c.jpg
openimages_39b7d506b91deb5b7d5a.jpg,openimages,train,images/openimages_39b7d506b91deb5b7d5a.jpg
openimages_3a1f119d8fc89ddbc47c.jpg,openimages,train,images/openimages_3a1f119d8fc89ddbc47c.jpg
openimages_3a9be3721e81fa71ed8d.jpg,openimages,train,images/openimages_3a9be3721e81fa71ed8d.jpg
openimages_3ab4e829a11dd632f410.jpg,openimages,train,images/openimages_3ab4e829a11dd632f410.jpg
openimages_3abc143dc4f601f00ae5.jpg,openimages,train,images/openimages_3abc143dc4f601f00ae5.jpg
openimages_3b2f1f3eb2245cb2c09a.jpg,openimages,train,images/openimages_3b2f1f3eb2245cb2c09a.jpg
openimages_3b9ec94219f70c0cf04a.jpg,openimages,train,images/openimages_3b9ec94219f70c0cf04a.jpg
openimages_3bbee150409e434c1bb5.jpg,openimages,train,images/openimages_3bbee150409e434c1bb5.jpg
openimages_3c3d8c7996c8afcadc74.jpg,openimages,train,images/openimages_3c3d8c7996c8afcadc74.jpg
openimages_3c84b6458f7e82ea3f62.jpg,openimages,train,images/openimages_3c84b6458f7e82ea3f62.jpg
openimages_3cba5571ae001d9dde0a.jpg,openimages,train,images/openimages_3cba5571ae001d9dde0a.jpg
openimages_3cff20e15ebb081f69a2.jpg,openimages,train,images/openimages_3cff20e15ebb081f69a2.jpg
openimages_3d2fdd2135045f80b80b.jpg,openimages,train,images/openimages_3d2fdd2135045f80b80b.jpg
openimages_3d6646dafb1b19ec5808.jpg,openimages,train,images/openimages_3d6646dafb1b19ec5808.jpg
openimages_3e81688d4254defdf2e4.jpg,openimages,train,images/openimages_3e81688d4254defdf2e4.jpg
openimages_3e81f91403f42346d9be.jpg,openimages,train,images/openimages_3e81f91403f42346d9be.jpg
openimages_3edfd4529aea1bc19000.jpg,openimages,train,images/openimages_3edfd4529aea1bc19000.jpg
openimages_401bec835f6310a27774.jpg,openimages,train,images/openimages_401bec835f6310a27774.jpg
openimages_401e63c494de6409e8bf.jpg,openimages,train,images/openimages_401e63c494de6409e8bf.jpg
openimages_40bd3c02fee85a4931ad.jpg,openimages,train,images/openimages_40bd3c02fee85a4931ad.jpg
openimages_4106e44d211cef0d6fa2.jpg,openimages,train,images/openimages_4106e44d211cef0d6fa2.jpg
openimages_41214c540a20bd18d1fa.jpg,openimages,train,images/openimages_41214c540a20bd18d1fa.jpg
openimages_41813018ab862db1e90c.jpg,openimages,train,images/openimages_41813018ab862db1e90c.jpg
openimages_418f8e5131167a725d88.jpg,openimages,train,images/openimages_418f8e5131167a725d88.jpg
openimages_42508ee5aa5141bff220.jpg,openimages,train,images/openimages_42508ee5aa5141bff220.jpg
openimages_42e6a8957c70fda0fec8.jpg,openimages,train,images/openimages_42e6a8957c70fda0fec8.jpg
openimages_42fbd089bae4bd14103b.jpg,openimages,train,images/openimages_42fbd089bae4bd14103b.jpg
openimages_42fca243c0e0b5e4571f.jpg,openimages,train,images/openimages_42fca243c0e0b5e4571f.jpg
openimages_4303c3ec8a4f6715d9d9.jpg,openimages,train,images/openimages_4303c3ec8a4f6715d9d9.jpg
openimages_431134a57d19a4fa50c7.jpg,openimages,train,images/openimages_431134a57d19a4fa50c7.jpg
openimages_4319c3ef42e7937fcb2d.jpg,openimages,train,images/openimages_4319c3ef42e7937fcb2d.jpg
openimages_43513af37fc321a1b829.jpg,openimages,train,images/openimages_43513af37fc321a1b829.jpg
openimages_436d7e80ca5c798bb926.jpg,openimages,train,images/openimages_436d7e80ca5c798bb926.jpg
openimages_452d81a1078e7aed048f.jpg,openimages,train,images/openimages_452d81a1078e7aed048f.jpg
openimages_455dbfeeadd5592658a2.jpg,openimages,train,images/openimages_455dbfeeadd5592658a2.jpg
openimages_45861f4faaaa252423d4.jpg,openimages,train,images/openimages_45861f4faaaa252423d4.jpg
openimages_458fc3759b83b9a57e95.jpg,openimages,train,images/openimages_458fc3759b83b9a57e95.jpg
openimages_45a544804b4fc37e0c61.jpg,openimages,train,images/openimages_45a544804b4fc37e0c61.jpg
openimages_4612e8f422a21f800140.jpg,openimages,train,images/openimages_4612e8f422a21f800140.jpg
openimages_465bfa856e7fca00dade.jpg,openimages,train,images/openimages_465bfa856e7fca00dade.jpg
openimages_46cf58c7abdbcf869ba0.jpg,openimages,train,images/openimages_46cf58c7abdbcf869ba0.jpg
openimages_480b9935add5f20e29c7.jpg,openimages,train,images/openimages_480b9935add5f20e29c7.jpg
openimages_48179cde22e1df5e4755.jpg,openimages,train,images/openimages_48179cde22e1df5e4755.jpg
openimages_481e214a7ea0e5ab0e55.jpg,openimages,train,images/openimages_481e214a7ea0e5ab0e55.jpg
openimages_485eefceb0e1bc800a3d.jpg,openimages,train,images/openimages_485eefceb0e1bc800a3d.jpg
openimages_48818b13ab440624ba07.jpg,openimages,train,images/openimages_48818b13ab440624ba07.jpg
openimages_489ac9848345625371b1.jpg,openimages,train,images/openimages_489ac9848345625371b1.jpg
openimages_48b0130a4183b2a4ee31.jpg,openimages,train,images/openimages_48b0130a4183b2a4ee31.jpg
openimages_48d7dbb635546b5771a6.jpg,openimages,train,images/openimages_48d7dbb635546b5771a6.jpg
openimages_49344ab6a64956facbeb.jpg,openimages,train,images/openimages_49344ab6a64956facbeb.jpg
openimages_496c28a7ef1c096d5bf9.jpg,openimages,train,images/openimages_496c28a7ef1c096d5bf9.jpg
openimages_498219065d9898b0179e.jpg,openimages,train,images/openimages_498219065d9898b0179e.jpg
openimages_499e4b8d58778da1ab8b.jpg,openimages,train,images/openimages_499e4b8d58778da1ab8b.jpg
openimages_49b59425569a7a519dce.jpg,openimages,train,images/openimages_49b59425569a7a519dce.jpg
openimages_49f8254516d822845adf.jpg,openimages,train,images/openimages_49f8254516d822845adf.jpg
openimages_4a6ea914528dde6503f0.jpg,openimages,train,images/openimages_4a6ea914528dde6503f0.jpg
openimages_4a80329d452216b6a47b.jpg,openimages,train,images/openimages_4a80329d452216b6a47b.jpg
openimages_4b06f599252debe06dea.jpg,openimages,train,images/openimages_4b06f599252debe06dea.jpg
openimages_4b5ed2e2d234f4c4d794.jpg,openimages,train,images/openimages_4b5ed2e2d234f4c4d794.jpg
openimages_4ba2d11f08a72266d354.jpg,openimages,train,images/openimages_4ba2d11f08a72266d354.jpg
openimages_4c2aba2eaf4d8f5e99b5.jpg,openimages,train,images/openimages_4c2aba2eaf4d8f5e99b5.jpg
openimages_4c2bba3b0fb00c2e588a.jpg,openimages,train,images/openimages_4c2bba3b0fb00c2e588a.jpg
openimages_4c2c15e8a666228a5cd2.jpg,openimages,train,images/openimages_4c2c15e8a666228a5cd2.jpg
openimages_4c2ef51c9927df83c095.jpg,openimages,train,images/openimages_4c2ef51c9927df83c095.jpg
openimages_4d6c89859b8cdef5309b.jpg,openimages,train,images/openimages_4d6c89859b8cdef5309b.jpg
openimages_4d7d164f39a033875644.jpg,openimages,train,images/openimages_4d7d164f39a033875644.jpg
openimages_4da9f9776b0c2b93ca04.jpg,openimages,train,images/openimages_4da9f9776b0c2b93ca04.jpg
openimages_4e404a76719fd0892a20.jpg,openimages,train,images/openimages_4e404a76719fd0892a20.jpg
openimages_4eb7e21fcb1583e4db54.jpg,openimages,train,images/openimages_4eb7e21fcb1583e4db54.jpg
openimages_4eded41d766363a0bf52.jpg,openimages,train,images/openimages_4eded41d766363a0bf52.jpg
openimages_501e0a41ee12972a787d.jpg,openimages,train,images/openimages_501e0a41ee12972a787d.jpg
openimages_5080151fc9664c091008.jpg,openimages,train,images/openimages_5080151fc9664c091008.jpg
openimages_509747b4a376a1ec0f31.jpg,openimages,train,images/openimages_509747b4a376a1ec0f31.jpg
openimages_50af0549a349718b678d.jpg,openimages,train,images/openimages_50af0549a349718b678d.jpg
openimages_513f101742d92c5fc3c5.jpg,openimages,train,images/openimages_513f101742d92c5fc3c5.jpg
openimages_5159f8220c43d6c8ea35.jpg,openimages,train,images/openimages_5159f8220c43d6c8ea35.jpg
openimages_515b492bcc956aeb89ba.jpg,openimages,train,images/openimages_515b492bcc956aeb89ba.jpg
openimages_51bcb569d514bed9c9e8.jpg,openimages,train,images/openimages_51bcb569d514bed9c9e8.jpg
openimages_525b34fe189378d63965.jpg,openimages,train,images/openimages_525b34fe189378d63965.jpg
openimages_52c9a720cf58b6a07680.jpg,openimages,train,images/openimages_52c9a720cf58b6a07680.jpg
openimages_52fce2e5406c019b7f89.jpg,openimages,train,images/openimages_52fce2e5406c019b7f89.jpg
openimages_53350e0b416276175fc0.jpg,openimages,train,images/openimages_53350e0b416276175fc0.jpg
openimages_53f268b5c68af5cf0ea7.jpg,openimages,train,images/openimages_53f268b5c68af5cf0ea7.jpg
openimages_541297a1c44ec1ffe8ee.jpg,openimages,train,images/openimages_541297a1c44ec1ffe8ee.jpg
openimages_546db0bbfa6544f3ce88.jpg,openimages,train,images/openimages_546db0bbfa6544f3ce88.jpg
openimages_55922d8d30b3695549ed.jpg,openimages,train,images/openimages_55922d8d30b3695549ed.jpg
openimages_56b9ec71a32646c1ad8e.jpg,openimages,train,images/openimages_56b9ec71a32646c1ad8e.jpg
openimages_56ec9a8df53e020e350e.jpg,openimages,train,images/openimages_56ec9a8df53e020e350e.jpg
openimages_57122df342113f94ff53.jpg,openimages,train,images/openimages_57122df342113f94ff53.jpg
openimages_572740b21ae0ee36da1e.jpg,openimages,train,images/openimages_572740b21ae0ee36da1e.jpg
openimages_573212f2baae40314a7b.jpg,openimages,train,images/openimages_573212f2baae40314a7b.jpg
openimages_5734f5ec28aa89f6c3cb.jpg,openimages,train,images/openimages_5734f5ec28aa89f6c3cb.jpg
openimages_5788ffd468f643bb630b.jpg,openimages,train,images/openimages_5788ffd468f643bb630b.jpg
openimages_57a0e5d01819f467321b.jpg,openimages,train,images/openimages_57a0e5d01819f467321b.jpg
openimages_5807adb9e0b4a0b6da88.jpg,openimages,train,images/openimages_5807adb9e0b4a0b6da88.jpg
openimages_5845173eccc079ab8047.jpg,openimages,train,images/openimages_5845173eccc079ab8047.jpg
openimages_58c15cc90eb1f527a8f5.jpg,openimages,train,images/openimages_58c15cc90eb1f527a8f5.jpg
openimages_591f6f26d4021358ee5f.jpg,openimages,train,images/openimages_591f6f26d4021358ee5f.jpg
openimages_592efcfa4f914dd7aa2b.jpg,openimages,train,images/openimages_592efcfa4f914dd7aa2b.jpg
openimages_598aaaf9d8cd30af9b37.jpg,openimages,train,images/openimages_598aaaf9d8cd30af9b37.jpg
openimages_5a3a2f2e0cbbac6ef3e6.jpg,openimages,train,images/openimages_5a3a2f2e0cbbac6ef3e6.jpg
openimages_5a44c2a06e2994f7414b.jpg,openimages,train,images/openimages_5a44c2a06e2994f7414b.jpg
openimages_5a5e3544d4ac9f9380e4.jpg,openimages,train,images/openimages_5a5e3544d4ac9f9380e4.jpg
openimages_5a8ca9c1796c5d6a439c.jpg,openimages,train,images/openimages_5a8ca9c1796c5d6a439c.jpg
openimages_5aaeba49ee32a964028e.jpg,openimages,train,images/openimages_5aaeba49ee32a964028e.jpg
openimages_5abdd017354e9c5c11da.jpg,openimages,train,images/openimages_5abdd017354e9c5c11da.jpg
openimages_5b1a0bfe50fc9bccbdf9.jpg,openimages,train,images/openimages_5b1a0bfe50fc9bccbdf9.jpg
openimages_5b4a8682be54d26a974c.jpg,openimages,train,images/openimages_5b4a8682be54d26a974c.jpg
openimages_5b74e26524bd01d08e21.jpg,openimages,train,images/openimages_5b74e26524bd01d08e21.jpg
openimages_5b90dd716baec4744562.jpg,openimages,train,images/openimages_5b90dd716baec4744562.jpg
openimages_5badb1ff1260912c8dd4.jpg,openimages,train,images/openimages_5badb1ff1260912c8dd4.jpg
openimages_5c2eb585256a1e1cb6b6.jpg,openimages,train,images/openimages_5c2eb585256a1e1cb6b6.jpg
openimages_5c8c64d597c3e5354e88.jpg,openimages,train,images/openimages_5c8c64d597c3e5354e88.jpg
openimages_5d2f247191503759bedc.jpg,openimages,train,images/openimages_5d2f247191503759bedc.jpg
openimages_5e2a98952bb6039a4b15.jpg,openimages,train,images/openimages_5e2a98952bb6039a4b15.jpg
openimages_5e7c76ae6165deb2a7e0.jpg,openimages,train,images/openimages_5e7c76ae6165deb2a7e0.jpg
openimages_5eaf4af1ece163c98b1e.jpg,openimages,train,images/openimages_5eaf4af1ece163c98b1e.jpg
openimages_5ec0312b2b975f74a1c3.jpg,openimages,train,images/openimages_5ec0312b2b975f74a1c3.jpg
openimages_5ec6a03c2314612ac4bd.jpg,openimages,train,images/openimages_5ec6a03c2314612ac4bd.jpg
openimages_5ee195175544426f5d6c.jpg,openimages,train,images/openimages_5ee195175544426f5d6c.jpg
openimages_5eea14e7530dce4e7657.jpg,openimages,train,images/openimages_5eea14e7530dce4e7657.jpg
openimages_5ef94367e9416f5f416e.jpg,openimages,train,images/openimages_5ef94367e9416f5f416e.jpg
openimages_5f17b985a150f5d59376.jpg,openimages,train,images/openimages_5f17b985a150f5d59376.jpg
openimages_5f91b0fbec0e30ff9009.jpg,openimages,train,images/openimages_5f91b0fbec0e30ff9009.jpg
openimages_5f98f4763d3d563d9180.jpg,openimages,train,images/openimages_5f98f4763d3d563d9180.jpg
openimages_6084d46380d584d4da49.jpg,openimages,train,images/openimages_6084d46380d584d4da49.jpg
openimages_60ba7343e4b3a0708645.jpg,openimages,train,images/openimages_60ba7343e4b3a0708645.jpg
openimages_60c4f3991798ace31e18.jpg,openimages,train,images/openimages_60c4f3991798ace31e18.jpg
openimages_60d0ab5477fc10497034.jpg,openimages,train,images/openimages_60d0ab5477fc10497034.jpg
openimages_612c7946777cd1498682.jpg,openimages,train,images/openimages_612c7946777cd1498682.jpg
openimages_61b51f069456f3dafd6b.jpg,openimages,train,images/openimages_61b51f069456f3dafd6b.jpg
openimages_61df3e5b3a8c72a69905.jpg,openimages,train,images/openimages_61df3e5b3a8c72a69905.jpg
openimages_62e4d3ffbb58fb6cc12d.jpg,openimages,train,images/openimages_62e4d3ffbb58fb6cc12d.jpg
openimages_63759d0cca8f4c80b034.jpg,openimages,train,images/openimages_63759d0cca8f4c80b034.jpg
openimages_6403e7b33abf09be9e9f.jpg,openimages,train,images/openimages_6403e7b33abf09be9e9f.jpg
openimages_642687d50487d46d1c9a.jpg,openimages,train,images/openimages_642687d50487d46d1c9a.jpg
openimages_6434e88b7e5a856e45d7.jpg,openimages,train,images/openimages_6434e88b7e5a856e45d7.jpg
openimages_653b832b8cf92a7da8e0.jpg,openimages,train,images/openimages_653b832b8cf92a7da8e0.jpg
openimages_65b50bff2b88a741f406.jpg,openimages,train,images/openimages_65b50bff2b88a741f406.jpg
openimages_65f81df1fb043312d846.jpg,openimages,train,images/openimages_65f81df1fb043312d846.jpg
openimages_65fa4aa0a46bc49c541a.jpg,openimages,train,images/openimages_65fa4aa0a46bc49c541a.jpg
openimages_66a7b0c6f1cc6d4b870e.jpg,openimages,train,images/openimages_66a7b0c6f1cc6d4b870e.jpg
openimages_66f1fed96edfb797840f.jpg,openimages,train,images/openimages_66f1fed96edfb797840f.jpg
openimages_66ff3cc6884af010d4ec.jpg,openimages,train,images/openimages_66ff3cc6884af010d4ec.jpg
openimages_671e51c5642f72da0962.jpg,openimages,train,images/openimages_671e51c5642f72da0962.jpg
openimages_675dca1277563e820728.jpg,openimages,train,images/openimages_675dca1277563e820728.jpg
openimages_67640769f4486e039718.jpg,openimages,train,images/openimages_67640769f4486e039718.jpg
openimages_678378eb1dbd65eaa7f6.jpg,openimages,train,images/openimages_678378eb1dbd65eaa7f6.jpg
openimages_682f0408b9fe930f006c.jpg,openimages,train,images/openimages_682f0408b9fe930f006c.jpg
openimages_688ea8d21deb03471ad5.jpg,openimages,train,images/openimages_688ea8d21deb03471ad5.jpg
openimages_68bbc226733c1877b112.jpg,openimages,train,images/openimages_68bbc226733c1877b112.jpg
openimages_68e368bd106bcbe42d37.jpg,openimages,train,images/openimages_68e368bd106bcbe42d37.jpg
openimages_69b24d68c76c9d2a1d4a.jpg,openimages,train,images/openimages_69b24d68c76c9d2a1d4a.jpg
openimages_6a3848c0c9764ca771e1.jpg,openimages,train,images/openimages_6a3848c0c9764ca771e1.jpg
openimages_6a3a72f408f741915d8b.jpg,openimages,train,images/openimages_6a3a72f408f741915d8b.jpg
openimages_6a43480536668cfb687a.jpg,openimages,train,images/openimages_6a43480536668cfb687a.jpg
openimages_6a4469ba55f21758f27d.jpg,openimages,train,images/openimages_6a4469ba55f21758f27d.jpg
openimages_6a75d3cf0d1abf8471ef.jpg,openimages,train,images/openimages_6a75d3cf0d1abf8471ef.jpg
openimages_6a9de126d814c5230438.jpg,openimages,train,images/openimages_6a9de126d814c5230438.jpg
openimages_6b05cf8992ec0c7187cf.jpg,openimages,train,images/openimages_6b05cf8992ec0c7187cf.jpg
openimages_6b0badeff92711447b28.jpg,openimages,train,images/openimages_6b0badeff92711447b28.jpg
openimages_6b6292f04c20db73cc70.jpg,openimages,train,images/openimages_6b6292f04c20db73cc70.jpg
openimages_6b9868690d69aa782d84.jpg,openimages,train,images/openimages_6b9868690d69aa782d84.jpg
openimages_6baa210b29cecf180692.jpg,openimages,train,images/openimages_6baa210b29cecf180692.jpg
openimages_6c2de67190539aefe4ba.jpg,openimages,train,images/openimages_6c2de67190539aefe4ba.jpg
openimages_6c58d788244877863c0d.jpg,openimages,train,images/openimages_6c58d788244877863c0d.jpg
openimages_6c69cc8c73119e555bd1.jpg,openimages,train,images/openimages_6c69cc8c73119e555bd1.jpg
openimages_6c7fad8ff8193447ba1b.jpg,openimages,train,images/openimages_6c7fad8ff8193447ba1b.jpg
openimages_6c892c5591702de2a8d9.jpg,openimages,train,images/openimages_6c892c5591702de2a8d9.jpg
openimages_6d5f3018fd31e720b12e.jpg,openimages,train,images/openimages_6d5f3018fd31e720b12e.jpg
openimages_6dfbd1251029b8090cfe.jpg,openimages,train,images/openimages_6dfbd1251029b8090cfe.jpg
openimages_6e331153c7bf9bc3f49a.jpg,openimages,train,images/openimages_6e331153c7bf9bc3f49a.jpg
openimages_6ec76550f683d9e87f85.jpg,openimages,train,images/openimages_6ec76550f683d9e87f85.jpg
openimages_6ef851a4973971cd8248.jpg,openimages,train,images/openimages_6ef851a4973971cd8248.jpg
openimages_6f2f8ace8f83ec88f1d4.jpg,openimages,train,images/openimages_6f2f8ace8f83ec88f1d4.jpg
openimages_70b77c501e5291aac465.jpg,openimages,train,images/openimages_70b77c501e5291aac465.jpg
openimages_70c33fd607ac9ed69c52.jpg,openimages,train,images/openimages_70c33fd607ac9ed69c52.jpg
openimages_718a5e5bd6583acd0701.jpg,openimages,train,images/openimages_718a5e5bd6583acd0701.jpg
openimages_71f0b4acf272dfa6c389.jpg,openimages,train,images/openimages_71f0b4acf272dfa6c389.jpg
openimages_73018efe5736144aeff3.jpg,openimages,train,images/openimages_73018efe5736144aeff3.jpg
openimages_737306be7576f8407e8f.jpg,openimages,train,images/openimages_737306be7576f8407e8f.jpg
openimages_739c409dba9f404ee6c2.jpg,openimages,train,images/openimages_739c409dba9f404ee6c2.jpg
openimages_73a52e15d1d77ad559dd.jpg,openimages,train,images/openimages_73a52e15d1d77ad559dd.jpg
openimages_74995ff0c6c5b2437f47.jpg,openimages,train,images/openimages_74995ff0c6c5b2437f47.jpg
openimages_7506b353c5ed1a13bcd3.jpg,openimages,train,images/openimages_7506b353c5ed1a13bcd3.jpg
openimages_7530901af79c02f6982b.jpg,openimages,train,images/openimages_7530901af79c02f6982b.jpg
openimages_75399da150c554241d95.jpg,openimages,train,images/openimages_75399da150c554241d95.jpg
openimages_756298d1e89474cc6088.jpg,openimages,train,images/openimages_756298d1e89474cc6088.jpg
openimages_75baeb91ee7d5946ac87.jpg,openimages,train,images/openimages_75baeb91ee7d5946ac87.jpg
openimages_75c39e5026322b58aefd.jpg,openimages,train,images/openimages_75c39e5026322b58aefd.jpg
openimages_75f8da4cdb2fe1924498.jpg,openimages,train,images/openimages_75f8da4cdb2fe1924498.jpg
openimages_75fa7534320b604552e8.jpg,openimages,train,images/openimages_75fa7534320b604552e8.jpg
openimages_75ff989881b0d889e952.jpg,openimages,train,images/openimages_75ff989881b0d889e952.jpg
openimages_763bcdbb67d2cab8e5b1.jpg,openimages,train,images/openimages_763bcdbb67d2cab8e5b1.jpg
openimages_765c44446bb1ab3682df.jpg,openimages,train,images/openimages_765c44446bb1ab3682df.jpg
openimages_778fe3bae7c0ff42c8f6.jpg,openimages,train,images/openimages_778fe3bae7c0ff42c8f6.jpg
openimages_779474b79510657cd474.jpg,openimages,train,images/openimages_779474b79510657cd474.jpg
openimages_77bc7ca6727394729dfb.jpg,openimages,train,images/openimages_77bc7ca6727394729dfb.jpg
openimages_78273112fbe1ba722f53.jpg,openimages,train,images/openimages_78273112fbe1ba722f53.jpg
openimages_78f8a5909fd51c3a45bd.jpg,openimages,train,images/openimages_78f8a5909fd51c3a45bd.jpg
openimages_78faf2b64ecce05818d0.jpg,openimages,train,images/openimages_78faf2b64ecce05818d0.jpg
openimages_7940c509286fc2229230.jpg,openimages,train,images/openimages_7940c509286fc2229230.jpg
openimages_7a75f047079e580191e0.jpg,openimages,train,images/openimages_7a75f047079e580191e0.jpg
openimages_7abdbc9a6bcd283357bc.jpg,openimages,train,images/openimages_7abdbc9a6bcd283357bc.jpg
openimages_7b38071060ead29c8984.jpg,openimages,train,images/openimages_7b38071060ead29c8984.jpg
openimages_7bb6a465ce9aad4905ac.jpg,openimages,train,images/openimages_7bb6a465ce9aad4905ac.jpg
openimages_7bc81f828989d458ccbe.jpg,openimages,train,images/openimages_7bc81f828989d458ccbe.jpg
openimages_7d2cf2bd4e3375ecb58a.jpg,openimages,train,images/openimages_7d2cf2bd4e3375ecb58a.jpg
openimages_7d36edabba73fbe829c0.jpg,openimages,train,images/openimages_7d36edabba73fbe829c0.jpg
openimages_7d90c160ea3d9a9072c9.jpg,openimages,train,images/openimages_7d90c160ea3d9a9072c9.jpg
openimages_7f114636119cd5376c9e.jpg,openimages,train,images/openimages_7f114636119cd5376c9e.jpg
openimages_80610a58817f6b9d946a.jpg,openimages,train,images/openimages_80610a58817f6b9d946a.jpg
openimages_80bcbdabe8aaa2b6ca78.jpg,openimages,train,images/openimages_80bcbdabe8aaa2b6ca78.jpg
openimages_80f0403825e4bb517b37.jpg,openimages,train,images/openimages_80f0403825e4bb517b37.jpg
openimages_818f2ec4e280db503dba.jpg,openimages,train,images/openimages_818f2ec4e280db503dba.jpg
openimages_81a3fc047a847ba4e16d.jpg,openimages,train,images/openimages_81a3fc047a847ba4e16d.jpg
openimages_81b1f2d4df1f189f865b.jpg,openimages,train,images/openimages_81b1f2d4df1f189f865b.jpg
openimages_81c20a5384b5ac020854.jpg,openimages,train,images/openimages_81c20a5384b5ac020854.jpg
openimages_81ff6569f58a8dc23462.jpg,openimages,train,images/openimages_81ff6569f58a8dc23462.jpg
openimages_8203ed35dd299ba9a1d0.jpg,openimages,train,images/openimages_8203ed35dd299ba9a1d0.jpg
openimages_822d4f41b1f6ce3e4e4c.jpg,openimages,train,images/openimages_822d4f41b1f6ce3e4e4c.jpg
openimages_829b5f40a919dcb92d90.jpg,openimages,train,images/openimages_829b5f40a919dcb92d90.jpg
openimages_82a3ebe58f77521cae2b.jpg,openimages,train,images/openimages_82a3ebe58f77521cae2b.jpg
openimages_83d66ebe3c7f48e66e69.jpg,openimages,train,images/openimages_83d66ebe3c7f48e66e69.jpg
openimages_84409da75d33993aeda4.jpg,openimages,train,images/openimages_84409da75d33993aeda4.jpg
openimages_851a083e15ba03f47b44.jpg,openimages,train,images/openimages_851a083e15ba03f47b44.jpg
openimages_8596c2f00a130bdbe858.jpg,openimages,train,images/openimages_8596c2f00a130bdbe858.jpg
openimages_85b5b1079c31368f31fc.jpg,openimages,train,images/openimages_85b5b1079c31368f31fc.jpg
openimages_86de9d818900ff74ffa7.jpg,openimages,train,images/openimages_86de9d818900ff74ffa7.jpg
openimages_87a33daf398f27623527.jpg,openimages,train,images/openimages_87a33daf398f27623527.jpg
openimages_87c0adfc087d51851353.jpg,openimages,train,images/openimages_87c0adfc087d51851353.jpg
openimages_87e505521291aa1a27fb.jpg,openimages,train,images/openimages_87e505521291aa1a27fb.jpg
openimages_87fa90c6b0c44f2ae067.jpg,openimages,train,images/openimages_87fa90c6b0c44f2ae067.jpg
openimages_88348795bd4dd7b2f9e6.jpg,openimages,train,images/openimages_88348795bd4dd7b2f9e6.jpg
openimages_884016db29e721eef719.jpg,openimages,train,images/openimages_884016db29e721eef719.jpg
openimages_8857373fe02c466474b5.jpg,openimages,train,images/openimages_8857373fe02c466474b5.jpg
openimages_8a88f805eef3017892e0.jpg,openimages,train,images/openimages_8a88f805eef3017892e0.jpg
openimages_8af051107740ecf79fbb.jpg,openimages,train,images/openimages_8af051107740ecf79fbb.jpg
openimages_8b86467df0b01efa2d4e.jpg,openimages,train,images/openimages_8b86467df0b01efa2d4e.jpg
openimages_8ba4010cad31a2194f01.jpg,openimages,train,images/openimages_8ba4010cad31a2194f01.jpg
openimages_8c1eff82503740184b68.jpg,openimages,train,images/openimages_8c1eff82503740184b68.jpg
openimages_8c70c0bfb3c92d800620.jpg,openimages,train,images/openimages_8c70c0bfb3c92d800620.jpg
openimages_8cb2ae90628814df0739.jpg,openimages,train,images/openimages_8cb2ae90628814df0739.jpg
openimages_8d1b210692cf3f9ee53d.jpg,openimages,train,images/openimages_8d1b210692cf3f9ee53d.jpg
openimages_8d354bf5a17eb36e8fe0.jpg,openimages,train,images/openimages_8d354bf5a17eb36e8fe0.jpg
openimages_8d5169d6208e718fbba3.jpg,openimages,train,images/openimages_8d5169d6208e718fbba3.jpg
openimages_8d69168e207c177c1a0f.jpg,openimages,train,images/openimages_8d69168e207c177c1a0f.jpg
openimages_8da30fb5ecb4c5edaef9.jpg,openimages,train,images/openimages_8da30fb5ecb4c5edaef9.jpg
openimages_8dbde1a74f5b5f2ae6e0.jpg,openimages,train,images/openimages_8dbde1a74f5b5f2ae6e0.jpg
openimages_8e08f3fe40e3c1291c91.jpg,openimages,train,images/openimages_8e08f3fe40e3c1291c91.jpg
openimages_8e987b71f16069dfabff.jpg,openimages,train,images/openimages_8e987b71f16069dfabff.jpg
openimages_8eb1a5b3da2685e51409.jpg,openimages,train,images/openimages_8eb1a5b3da2685e51409.jpg
openimages_8ef8fe6e21d4afd31e10.jpg,openimages,train,images/openimages_8ef8fe6e21d4afd31e10.jpg
openimages_8f696881a92fc4d8f023.jpg,openimages,train,images/openimages_8f696881a92fc4d8f023.jpg
openimages_8fd574b783b3f4d5a99d.jpg,openimages,train,images/openimages_8fd574b783b3f4d5a99d.jpg
openimages_900e041db74b2917ee00.jpg,openimages,train,images/openimages_900e041db74b2917ee00.jpg
openimages_909404abe9bac2f3c894.jpg,openimages,train,images/openimages_909404abe9bac2f3c894.jpg
openimages_90d6db32e1543131fc4f.jpg,openimages,train,images/openimages_90d6db32e1543131fc4f.jpg
openimages_90e7e7135a9aaafd005f.jpg,openimages,train,images/openimages_90e7e7135a9aaafd005f.jpg
openimages_90e9b222b28f7fa92c95.jpg,openimages,train,images/openimages_90e9b222b28f7fa92c95.jpg
openimages_910baa745b5e1580a4e9.jpg,openimages,train,images/openimages_910baa745b5e1580a4e9.jpg
openimages_91a70ea9cca7bfb10977.jpg,openimages,train,images/openimages_91a70ea9cca7bfb10977.jpg
openimages_91a92a4639290fdcfd8e.jpg,openimages,train,images/openimages_91a92a4639290fdcfd8e.jpg
openimages_91f67c096e31d6381e84.jpg,openimages,train,images/openimages_91f67c096e31d6381e84.jpg
openimages_9243945defeb057c09bb.jpg,openimages,train,images/openimages_9243945defeb057c09bb.jpg
openimages_927549c37b723ac29217.jpg,openimages,train,images/openimages_927549c37b723ac29217.jpg
openimages_92ad02ed4a54f9bb50c3.jpg,openimages,train,images/openimages_92ad02ed4a54f9bb50c3.jpg
openimages_92dacaf4ffc818454e76.jpg,openimages,train,images/openimages_92dacaf4ffc818454e76.jpg
openimages_931a99583b7380caadf8.jpg,openimages,train,images/openimages_931a99583b7380caadf8.jpg
openimages_9335ae61885841228023.jpg,openimages,train,images/openimages_9335ae61885841228023.jpg
openimages_93841a01e346bbeccbb1.jpg,openimages,train,images/openimages_93841a01e346bbeccbb1.jpg
openimages_93995504e949c30c2f98.jpg,openimages,train,images/openimages_93995504e949c30c2f98.jpg
openimages_93f5c131e8e501953c30.jpg,openimages,train,images/openimages_93f5c131e8e501953c30.jpg
openimages_9428d7730bf909a09871.jpg,openimages,train,images/openimages_9428d7730bf909a09871.jpg
openimages_943afc8ca73034835dc2.jpg,openimages,train,images/openimages_943afc8ca73034835dc2.jpg
openimages_9458925dbcee3ed21673.jpg,openimages,train,images/openimages_9458925dbcee3ed21673.jpg
openimages_94d0336dec8e698d2d7c.jpg,openimages,train,images/openimages_94d0336dec8e698d2d7c.jpg
openimages_94d37f4a8c539b4a0f16.jpg,openimages,train,images/openimages_94d37f4a8c539b4a0f16.jpg
openimages_954513a0f9e7d3a4dc21.jpg,openimages,train,images/openimages_954513a0f9e7d3a4dc21.jpg
openimages_9554645e0cdea18ad5d0.jpg,openimages,train,images/openimages_9554645e0cdea18ad5d0.jpg
openimages_955c919a173f3ea96c2e.jpg,openimages,train,images/openimages_955c919a173f3ea96c2e.jpg
openimages_95926ec23d6b50b474c3.jpg,openimages,train,images/openimages_95926ec23d6b50b474c3.jpg
openimages_95dcd66de2d7798b8afe.jpg,openimages,train,images/openimages_95dcd66de2d7798b8afe.jpg
openimages_9618cafd2241e9b70764.jpg,openimages,train,images/openimages_9618cafd2241e9b70764.jpg
openimages_96303dee9904913c2188.jpg,openimages,train,images/openimages_96303dee9904913c2188.jpg
openimages_9666a5cbe787b32e5c18.jpg,openimages,train,images/openimages_9666a5cbe787b32e5c18.jpg
openimages_966fd7a1e6be9a36b236.jpg,openimages,train,images/openimages_966fd7a1e6be9a36b236.jpg
openimages_972e03bace7613c36c95.jpg,openimages,train,images/openimages_972e03bace7613c36c95.jpg
openimages_9809f75a7f4c9cffbd2a.jpg,openimages,train,images/openimages_9809f75a7f4c9cffbd2a.jpg
openimages_9876d19cdd635e82df71.jpg,openimages,train,images/openimages_9876d19cdd635e82df71.jpg
openimages_988705ff759886d7799b.jpg,openimages,train,images/openimages_988705ff759886d7799b.jpg
openimages_98bd9f61c26d0cbfa7f6.jpg,openimages,train,images/openimages_98bd9f61c26d0cbfa7f6.jpg
openimages_98e498676f0acd60f568.jpg,openimages,train,images/openimages_98e498676f0acd60f568.jpg
openimages_9944986cf95bd81ca2ed.jpg,openimages,train,images/openimages_9944986cf95bd81ca2ed.jpg
openimages_99a2ddfae47186823320.jpg,openimages,train,images/openimages_99a2ddfae47186823320.jpg
openimages_99f69762267b3db9b539.jpg,openimages,train,images/openimages_99f69762267b3db9b539.jpg
openimages_9a5f45efd635934ba912.jpg,openimages,train,images/openimages_9a5f45efd635934ba912.jpg
openimages_9a6a21ec1617be3fd7aa.jpg,openimages,train,images/openimages_9a6a21ec1617be3fd7aa.jpg
openimages_9aeec5658dcf83d4c895.jpg,openimages,train,images/openimages_9aeec5658dcf83d4c895.jpg
openimages_9b45cfaa8f36e038151e.jpg,openimages,train,images/openimages_9b45cfaa8f36e038151e.jpg
openimages_9bab5ff726ca84c0ad22.jpg,openimages,train,images/openimages_9bab5ff726ca84c0ad22.jpg
openimages_9bce6503207389b946b3.jpg,openimages,train,images/openimages_9bce6503207389b946b3.jpg
openimages_9c3c6593d29b90712c1f.jpg,openimages,train,images/openimages_9c3c6593d29b90712c1f.jpg
openimages_9cc26cee7edb8da00435.jpg,openimages,train,images/openimages_9cc26cee7edb8da00435.jpg
openimages_9cde458b4ee0d1f3ae4a.jpg,openimages,train,images/openimages_9cde458b4ee0d1f3ae4a.jpg
openimages_9cf2200b1ffd384cd073.jpg,openimages,train,images/openimages_9cf2200b1ffd384cd073.jpg
openimages_9cfbcd960d2d8d9d96e1.jpg,openimages,train,images/openimages_9cfbcd960d2d8d9d96e1.jpg
openimages_9d044859daa4489ba765.jpg,openimages,train,images/openimages_9d044859daa4489ba765.jpg
openimages_9d7c8a07930f27bdd97a.jpg,openimages,train,images/openimages_9d7c8a07930f27bdd97a.jpg
openimages_9e42baf19f859810a5bd.jpg,openimages,train,images/openimages_9e42baf19f859810a5bd.jpg
openimages_9e59e0c00e22e708379a.jpg,openimages,train,images/openimages_9e59e0c00e22e708379a.jpg
openimages_9eb5dc8eb1f241265f95.jpg,openimages,train,images/openimages_9eb5dc8eb1f241265f95.jpg
openimages_9edc13912d844a503a98.jpg,openimages,train,images/openimages_9edc13912d844a503a98.jpg
openimages_9f7e74502720e22bfffc.jpg,openimages,train,images/openimages_9f7e74502720e22bfffc.jpg
openimages_9fbdafa32b9c7c0cc38b.jpg,openimages,train,images/openimages_9fbdafa32b9c7c0cc38b.jpg
openimages_a007ebd7daf1e97752d3.jpg,openimages,train,images/openimages_a007ebd7daf1e97752d3.jpg
openimages_a0193d09c9cd7ac4e2ee.jpg,openimages,train,images/openimages_a0193d09c9cd7ac4e2ee.jpg
openimages_a03f3f9f65fc1e784586.jpg,openimages,train,images/openimages_a03f3f9f65fc1e784586.jpg
openimages_a05f64d92fdf9ec6b67d.jpg,openimages,train,images/openimages_a05f64d92fdf9ec6b67d.jpg
openimages_a0e06d7d283871eaeb92.jpg,openimages,train,images/openimages_a0e06d7d283871eaeb92.jpg
openimages_a1a7c8d13cc5d45cb170.jpg,openimages,train,images/openimages_a1a7c8d13cc5d45cb170.jpg
openimages_a234c03bf4d753502806.jpg,openimages,train,images/openimages_a234c03bf4d753502806.jpg
openimages_a2a1d760b2dc965252a4.jpg,openimages,train,images/openimages_a2a1d760b2dc965252a4.jpg
openimages_a35f8f17dd2b3988fd55.jpg,openimages,train,images/openimages_a35f8f17dd2b3988fd55.jpg
openimages_a36afcef54226131f040.jpg,openimages,train,images/openimages_a36afcef54226131f040.jpg
openimages_a36c7b2ef24a7c763dbe.jpg,openimages,train,images/openimages_a36c7b2ef24a7c763dbe.jpg
openimages_a39d050bded378cf0c66.jpg,openimages,train,images/openimages_a39d050bded378cf0c66.jpg
openimages_a3cf6eff3586e53f5613.jpg,openimages,train,images/openimages_a3cf6eff3586e53f5613.jpg
openimages_a3e5905a187e25600105.jpg,openimages,train,images/openimages_a3e5905a187e25600105.jpg
openimages_a44cc40836971ed31a00.jpg,openimages,train,images/openimages_a44cc40836971ed31a00.jpg
openimages_a494feda41d071a1a4d2.jpg,openimages,train,images/openimages_a494feda41d071a1a4d2.jpg
openimages_a4ff9015214fed72e43d.jpg,openimages,train,images/openimages_a4ff9015214fed72e43d.jpg
openimages_a5031e116e296a0adb3f.jpg,openimages,train,images/openimages_a5031e116e296a0adb3f.jpg
openimages_a5056715b38471c2271a.jpg,openimages,train,images/openimages_a5056715b38471c2271a.jpg
openimages_a63a951044ac39ac3815.jpg,openimages,train,images/openimages_a63a951044ac39ac3815.jpg
openimages_a63b78a3c0f30ee30033.jpg,openimages,train,images/openimages_a63b78a3c0f30ee30033.jpg
openimages_a664aff611dc07acd03d.jpg,openimages,train,images/openimages_a664aff611dc07acd03d.jpg
openimages_a692cba526ad2da3dbf9.jpg,openimages,train,images/openimages_a692cba526ad2da3dbf9.jpg
openimages_a6baa1e96115422a606f.jpg,openimages,train,images/openimages_a6baa1e96115422a606f.jpg
openimages_a708ecc79ea475639680.jpg,openimages,train,images/openimages_a708ecc79ea475639680.jpg
openimages_a73b4ace3d7cb13d6e56.jpg,openimages,train,images/openimages_a73b4ace3d7cb13d6e56.jpg
openimages_a7b5ec0a2ce8a8d56894.jpg,openimages,train,images/openimages_a7b5ec0a2ce8a8d56894.jpg
openimages_a7f802155c6612877aa5.jpg,openimages,train,images/openimages_a7f802155c6612877aa5.jpg
openimages_a85409d86990cb7fb712.jpg,openimages,train,images/openimages_a85409d86990cb7fb712.jpg
openimages_a868c10fa5b3e599be83.jpg,openimages,train,images/openimages_a868c10fa5b3e599be83.jpg
openimages_a8883012fa35a454e493.jpg,openimages,train,images/openimages_a8883012fa35a454e493.jpg
openimages_a92d3028acbccf8ee246.jpg,openimages,train,images/openimages_a92d3028acbccf8ee246.jpg
openimages_a93c70af9507d4e36bf6.jpg,openimages,train,images/openimages_a93c70af9507d4e36bf6.jpg
openimages_a999e43e56fbd9c67239.jpg,openimages,train,images/openimages_a999e43e56fbd9c67239.jpg
openimages_a9cb97520efbf207e784.jpg,openimages,train,images/openimages_a9cb97520efbf207e784.jpg
openimages_a9d2d166019a6e44db85.jpg,openimages,train,images/openimages_a9d2d166019a6e44db85.jpg
openimages_a9e62b764ce62a37e756.jpg,openimages,train,images/openimages_a9e62b764ce62a37e756.jpg
openimages_a9ef7843a5b4f2488144.jpg,openimages,train,images/openimages_a9ef7843a5b4f2488144.jpg
openimages_aa3513e94235c8ed24f6.jpg,openimages,train,images/openimages_aa3513e94235c8ed24f6.jpg
openimages_aab4fa2f8b2d57948acd.jpg,openimages,train,images/openimages_aab4fa2f8b2d57948acd.jpg
openimages_aabf23db43478d84e31c.jpg,openimages,train,images/openimages_aabf23db43478d84e31c.jpg
openimages_ab4ce415cd6859017e40.jpg,openimages,train,images/openimages_ab4ce415cd6859017e40.jpg
openimages_ab92d7f05b62b6467ce7.jpg,openimages,train,images/openimages_ab92d7f05b62b6467ce7.jpg
openimages_abf1dab9e779dfa82797.jpg,openimages,train,images/openimages_abf1dab9e779dfa82797.jpg
openimages_ac69e83b3b98d2080bad.jpg,openimages,train,images/openimages_ac69e83b3b98d2080bad.jpg
openimages_ac9c6e07d27af7d33884.jpg,openimages,train,images/openimages_ac9c6e07d27af7d33884.jpg
openimages_ad492b272e1fcbe6fb8d.jpg,openimages,train,images/openimages_ad492b272e1fcbe6fb8d.jpg
openimages_ada93a360e2e8e266444.jpg,openimages,train,images/openimages_ada93a360e2e8e266444.jpg
openimages_adc337e60ab9902fcb55.jpg,openimages,train,images/openimages_adc337e60ab9902fcb55.jpg
openimages_adfa1274762631c24198.jpg,openimages,train,images/openimages_adfa1274762631c24198.jpg
openimages_ae6c149f5b2578e2e2bf.jpg,openimages,train,images/openimages_ae6c149f5b2578e2e2bf.jpg
openimages_ae9e6c35cefc2f6c34de.jpg,openimages,train,images/openimages_ae9e6c35cefc2f6c34de.jpg
openimages_aeb4d81e79fe622aaa74.jpg,openimages,train,images/openimages_aeb4d81e79fe622aaa74.jpg
openimages_af36c27afcab5f2a6759.jpg,openimages,train,images/openimages_af36c27afcab5f2a6759.jpg
openimages_af7379ce7ef2ea8288a8.jpg,openimages,train,images/openimages_af7379ce7ef2ea8288a8.jpg
openimages_b07b7fd89c01929f6d56.jpg,openimages,train,images/openimages_b07b7fd89c01929f6d56.jpg
openimages_b0ba5239c22da8132ff8.jpg,openimages,train,images/openimages_b0ba5239c22da8132ff8.jpg
openimages_b209f55e3175d5ffb723.jpg,openimages,train,images/openimages_b209f55e3175d5ffb723.jpg
openimages_b2488a03f34d90d6fb70.jpg,openimages,train,images/openimages_b2488a03f34d90d6fb70.jpg
openimages_b38136031f7dab05556a.jpg,openimages,train,images/openimages_b38136031f7dab05556a.jpg
openimages_b38cb24cc0d19257adfa.jpg,openimages,train,images/openimages_b38cb24cc0d19257adfa.jpg
openimages_b3df5909bc66df9ed198.jpg,openimages,train,images/openimages_b3df5909bc66df9ed198.jpg
openimages_b466142b5e2b5507916e.jpg,openimages,train,images/openimages_b466142b5e2b5507916e.jpg
openimages_b4d7ca9bfec9d3c320b1.jpg,openimages,train,images/openimages_b4d7ca9bfec9d3c320b1.jpg
openimages_b5355a0eab4f228934f6.jpg,openimages,train,images/openimages_b5355a0eab4f228934f6.jpg
openimages_b678fba21ecfaf5cf7c0.jpg,openimages,train,images/openimages_b678fba21ecfaf5cf7c0.jpg
openimages_b6905cb2263fb8e253e4.jpg,openimages,train,images/openimages_b6905cb2263fb8e253e4.jpg
openimages_b764ef8c87cfcdade757.jpg,openimages,train,images/openimages_b764ef8c87cfcdade757.jpg
openimages_b797e66c49105537057b.jpg,openimages,train,images/openimages_b797e66c49105537057b.jpg
openimages_b7a5a61b35fa9626b6b0.jpg,openimages,train,images/openimages_b7a5a61b35fa9626b6b0.jpg
openimages_b7b091e37b113dbf55c3.jpg,openimages,train,images/openimages_b7b091e37b113dbf55c3.jpg
openimages_b7f0a3a018d4cba85581.jpg,openimages,train,images/openimages_b7f0a3a018d4cba85581.jpg
openimages_b81e38ac4dd11f055af8.jpg,openimages,train,images/openimages_b81e38ac4dd11f055af8.jpg
openimages_b8452dfb7f36b09f0f56.jpg,openimages,train,images/openimages_b8452dfb7f36b09f0f56.jpg
openimages_b918bd6daaa9652c89ca.jpg,openimages,train,images/openimages_b918bd6daaa9652c89ca.jpg
openimages_b939b98226da95d662d7.jpg,openimages,train,images/openimages_b939b98226da95d662d7.jpg
openimages_b99a4fc13bfbeab291e0.jpg,openimages,train,images/openimages_b99a4fc13bfbeab291e0.jpg
openimages_b9cd443443e0a59c962e.jpg,openimages,train,images/openimages_b9cd443443e0a59c962e.jpg
openimages_b9de460b115d1fabe5cb.jpg,openimages,train,images/openimages_b9de460b115d1fabe5cb.jpg
openimages_b9e8263304fcabf5d3c5.jpg,openimages,train,images/openimages_b9e8263304fcabf5d3c5.jpg
openimages_b9edca40baebf5a6011f.jpg,openimages,train,images/openimages_b9edca40baebf5a6011f.jpg
openimages_ba16e01e66ec6d53f513.jpg,openimages,train,images/openimages_ba16e01e66ec6d53f513.jpg
openimages_bab60dcfe0905b931a5e.jpg,openimages,train,images/openimages_bab60dcfe0905b931a5e.jpg
openimages_bab98608c336ec3b38ab.jpg,openimages,train,images/openimages_bab98608c336ec3b38ab.jpg
openimages_badd605d543a3458fabf.jpg,openimages,train,images/openimages_badd605d543a3458fabf.jpg
openimages_bb20b99ca6cbe52f2347.jpg,openimages,train,images/openimages_bb20b99ca6cbe52f2347.jpg
openimages_bb97902781333b13f15e.jpg,openimages,train,images/openimages_bb97902781333b13f15e.jpg
openimages_bba5f9ddd7fa0e2f4643.jpg,openimages,train,images/openimages_bba5f9ddd7fa0e2f4643.jpg
openimages_bbb3d9c2f311d7691c4c.jpg,openimages,train,images/openimages_bbb3d9c2f311d7691c4c.jpg
openimages_bc5c90a5b4b3597a4895.jpg,openimages,train,images/openimages_bc5c90a5b4b3597a4895.jpg
openimages_bcb536ffe074f0fd07e7.jpg,openimages,train,images/openimages_bcb536ffe074f0fd07e7.jpg
openimages_bccb696ae44b0cfa268e.jpg,openimages,train,images/openimages_bccb696ae44b0cfa268e.jpg
openimages_bcdf0d17d1c21aea63fb.jpg,openimages,train,images/openimages_bcdf0d17d1c21aea63fb.jpg
openimages_bd784932706894dd7c9b.jpg,openimages,train,images/openimages_bd784932706894dd7c9b.jpg
openimages_bde2cf1db12de217c498.jpg,openimages,train,images/openimages_bde2cf1db12de217c498.jpg
openimages_be6f895fb2f4dc70254b.jpg,openimages,train,images/openimages_be6f895fb2f4dc70254b.jpg
openimages_bf571e78a1eb3e9d00e1.jpg,openimages,train,images/openimages_bf571e78a1eb3e9d00e1.jpg
openimages_bfa2afbe3c86c2b2b9af.jpg,openimages,train,images/openimages_bfa2afbe3c86c2b2b9af.jpg
openimages_c2828f6192bebdaf0dcc.jpg,openimages,train,images/openimages_c2828f6192bebdaf0dcc.jpg
openimages_c2a09a914473582cf0c6.jpg,openimages,train,images/openimages_c2a09a914473582cf0c6.jpg
openimages_c2d96cc5b24694893872.jpg,openimages,train,images/openimages_c2d96cc5b24694893872.jpg
openimages_c328638029a4676ef076.jpg,openimages,train,images/openimages_c328638029a4676ef076.jpg
openimages_c33674f6809f1175b804.jpg,openimages,train,images/openimages_c33674f6809f1175b804.jpg
openimages_c3d446eb171c545b9241.jpg,openimages,train,images/openimages_c3d446eb171c545b9241.jpg
openimages_c434c1b5e6d86e8b8f8d.jpg,openimages,train,images/openimages_c434c1b5e6d86e8b8f8d.jpg
openimages_c48918e61c00985764b2.jpg,openimages,train,images/openimages_c48918e61c00985764b2.jpg
openimages_c4b9323ec798f5d5e09a.jpg,openimages,train,images/openimages_c4b9323ec798f5d5e09a.jpg
openimages_c53f6bcaa5bb0002db77.jpg,openimages,train,images/openimages_c53f6bcaa5bb0002db77.jpg
openimages_c57547a89c0d1f4e36c9.jpg,openimages,train,images/openimages_c57547a89c0d1f4e36c9.jpg
openimages_c58f13252683180e4703.jpg,openimages,train,images/openimages_c58f13252683180e4703.jpg
openimages_c61fadcafaf70bdd1c65.jpg,openimages,train,images/openimages_c61fadcafaf70bdd1c65.jpg
openimages_c68c1007e5d04d204216.jpg,openimages,train,images/openimages_c68c1007e5d04d204216.jpg
openimages_c6b1a4eee91d107dd0d6.jpg,openimages,train,images/openimages_c6b1a4eee91d107dd0d6.jpg
openimages_c6c2938fad4c0fb13fc7.jpg,openimages,train,images/openimages_c6c2938fad4c0fb13fc7.jpg
openimages_c6c353f9f6b8a414c744.jpg,openimages,train,images/openimages_c6c353f9f6b8a414c744.jpg
openimages_c6d221f117e21c8d7060.jpg,openimages,train,images/openimages_c6d221f117e21c8d7060.jpg
openimages_c6d78d71ccb9e67733e7.jpg,openimages,train,images/openimages_c6d78d71ccb9e67733e7.jpg
openimages_c6ecf73c24d4dfad2771.jpg,openimages,train,images/openimages_c6ecf73c24d4dfad2771.jpg
openimages_c7170c78d3bdf8e06b25.jpg,openimages,train,images/openimages_c7170c78d3bdf8e06b25.jpg
openimages_c7441db32fcb8c32f037.jpg,openimages,train,images/openimages_c7441db32fcb8c32f037.jpg
openimages_c74f5cbf5d9eb5d32513.jpg,openimages,train,images/openimages_c74f5cbf5d9eb5d32513.jpg
openimages_c8293b75d6a9e2cd41cb.jpg,openimages,train,images/openimages_c8293b75d6a9e2cd41cb.jpg
openimages_c87701b84d1234954ae2.jpg,openimages,train,images/openimages_c87701b84d1234954ae2.jpg
openimages_c883925a862c88e4e226.jpg,openimages,train,images/openimages_c883925a862c88e4e226.jpg
openimages_c884a6782b40db65f8fc.jpg,openimages,train,images/openimages_c884a6782b40db65f8fc.jpg
openimages_c8940d0a451b7e04d4c4.jpg,openimages,train,images/openimages_c8940d0a451b7e04d4c4.jpg
openimages_c8ab5e9c09076deb5699.jpg,openimages,train,images/openimages_c8ab5e9c09076deb5699.jpg
openimages_c8c5af2c8924f33bae63.jpg,openimages,train,images/openimages_c8c5af2c8924f33bae63.jpg
openimages_c8d49a8ba6caf1afea5b.jpg,openimages,train,images/openimages_c8d49a8ba6caf1afea5b.jpg
openimages_ca06775f3a70117a4c8a.jpg,openimages,train,images/openimages_ca06775f3a70117a4c8a.jpg
openimages_cac310d1cd6b833dd72d.jpg,openimages,train,images/openimages_cac310d1cd6b833dd72d.jpg
openimages_cad916e6a4fda36cccfe.jpg,openimages,train,images/openimages_cad916e6a4fda36cccfe.jpg
openimages_cb9d640dad66a68928ec.jpg,openimages,train,images/openimages_cb9d640dad66a68928ec.jpg
openimages_ccea7ad0781d2262d9aa.jpg,openimages,train,images/openimages_ccea7ad0781d2262d9aa.jpg
openimages_cd69c2e6999760e38080.jpg,openimages,train,images/openimages_cd69c2e6999760e38080.jpg
openimages_cd750f794ee5f1285693.jpg,openimages,train,images/openimages_cd750f794ee5f1285693.jpg
openimages_cd84496b98b2a09e8eef.jpg,openimages,train,images/openimages_cd84496b98b2a09e8eef.jpg
openimages_cdc85eb88144f71f6629.jpg,openimages,train,images/openimages_cdc85eb88144f71f6629.jpg
openimages_ce7a12dcd6ffd5a44a4d.jpg,openimages,train,images/openimages_ce7a12dcd6ffd5a44a4d.jpg
openimages_cebf523669e0138d2443.jpg,openimages,train,images/openimages_cebf523669e0138d2443.jpg
openimages_cedf453d3e4632683a83.jpg,openimages,train,images/openimages_cedf453d3e4632683a83.jpg
openimages_cf09aa7aa15fe9ffbe91.jpg,openimages,train,images/openimages_cf09aa7aa15fe9ffbe91.jpg
openimages_cf32fcccc09e4ce9e24d.jpg,openimages,train,images/openimages_cf32fcccc09e4ce9e24d.jpg
openimages_cf7963f0751d7f01b17d.jpg,openimages,train,images/openimages_cf7963f0751d7f01b17d.jpg
openimages_cfa48eda9326336dac0c.jpg,openimages,train,images/openimages_cfa48eda9326336dac0c.jpg
openimages_cfbd392ac8722be50965.jpg,openimages,train,images/openimages_cfbd392ac8722be50965.jpg
openimages_cfc369caf08d1388d348.jpg,openimages,train,images/openimages_cfc369caf08d1388d348.jpg
openimages_cfd43c0f63fce4b864f4.jpg,openimages,train,images/openimages_cfd43c0f63fce4b864f4.jpg
openimages_d027e0dd65f53d56b914.jpg,openimages,train,images/openimages_d027e0dd65f53d56b914.jpg
openimages_d0b75bdf13139d5d10c4.jpg,openimages,train,images/openimages_d0b75bdf13139d5d10c4.jpg
openimages_d11d36f4a304d4b76013.jpg,openimages,train,images/openimages_d11d36f4a304d4b76013.jpg
openimages_d1daa009d6a1685f56b6.jpg,openimages,train,images/openimages_d1daa009d6a1685f56b6.jpg
openimages_d299dd1f7b857d51bb4f.jpg,openimages,train,images/openimages_d299dd1f7b857d51bb4f.jpg
openimages_d29a08c3f4df28958cc8.jpg,openimages,train,images/openimages_d29a08c3f4df28958cc8.jpg
openimages_d2a5d88b4aa4e11a93ca.jpg,openimages,train,images/openimages_d2a5d88b4aa4e11a93ca.jpg
openimages_d2c277645f8f8dea6d27.jpg,openimages,train,images/openimages_d2c277645f8f8dea6d27.jpg
openimages_d2d7108b0e2ebdd54601.jpg,openimages,train,images/openimages_d2d7108b0e2ebdd54601.jpg
openimages_d2e9128d555f92549edd.jpg,openimages,train,images/openimages_d2e9128d555f92549edd.jpg
openimages_d3557ad732f7e86ba05b.jpg,openimages,train,images/openimages_d3557ad732f7e86ba05b.jpg
openimages_d37b70d0229ada5d36f7.jpg,openimages,train,images/openimages_d37b70d0229ada5d36f7.jpg
openimages_d383f9b93f3dbfa3fcfb.jpg,openimages,train,images/openimages_d383f9b93f3dbfa3fcfb.jpg
openimages_d3c2e4412e05c822daf3.jpg,openimages,train,images/openimages_d3c2e4412e05c822daf3.jpg
openimages_d4028fd20935718d9f1d.jpg,openimages,train,images/openimages_d4028fd20935718d9f1d.jpg
openimages_d4064f9c865314ed6bbb.jpg,openimages,train,images/openimages_d4064f9c865314ed6bbb.jpg
openimages_d42c4fa4ab6e3b8e6d74.jpg,openimages,train,images/openimages_d42c4fa4ab6e3b8e6d74.jpg
openimages_d43f8135b233e4203637.jpg,openimages,train,images/openimages_d43f8135b233e4203637.jpg
openimages_d5264312e58069089d20.jpg,openimages,train,images/openimages_d5264312e58069089d20.jpg
openimages_d527a331d03af13bb174.jpg,openimages,train,images/openimages_d527a331d03af13bb174.jpg
openimages_d5354ba5da8622490bdf.jpg,openimages,train,images/openimages_d5354ba5da8622490bdf.jpg
openimages_d542f447244331a52de5.jpg,openimages,train,images/openimages_d542f447244331a52de5.jpg
openimages_d5a3d8c13f9a81ad39cb.jpg,openimages,train,images/openimages_d5a3d8c13f9a81ad39cb.jpg
openimages_d5b2d01897da32ce6461.jpg,openimages,train,images/openimages_d5b2d01897da32ce6461.jpg
openimages_d5cc37f47c1be6dbcf69.jpg,openimages,train,images/openimages_d5cc37f47c1be6dbcf69.jpg
openimages_d5d08c877a9ec580c117.jpg,openimages,train,images/openimages_d5d08c877a9ec580c117.jpg
openimages_d6850d5b18f5c44f8c50.jpg,openimages,train,images/openimages_d6850d5b18f5c44f8c50.jpg
openimages_d6e2c98bfd1530045821.jpg,openimages,train,images/openimages_d6e2c98bfd1530045821.jpg
openimages_d70b2a68eb7698b2a632.jpg,openimages,train,images/openimages_d70b2a68eb7698b2a632.jpg
openimages_d72e0e0cb21cb3d83e08.jpg,openimages,train,images/openimages_d72e0e0cb21cb3d83e08.jpg
openimages_d767439089324dda04be.jpg,openimages,train,images/openimages_d767439089324dda04be.jpg
openimages_d76f92fcf8cdadd1ab29.jpg,openimages,train,images/openimages_d76f92fcf8cdadd1ab29.jpg
openimages_d7a77e8618e9eb9dfac1.jpg,openimages,train,images/openimages_d7a77e8618e9eb9dfac1.jpg
openimages_d7bbd7e28e15f00ad914.jpg,openimages,train,images/openimages_d7bbd7e28e15f00ad914.jpg
openimages_d83dcf757d73aab9b05d.jpg,openimages,train,images/openimages_d83dcf757d73aab9b05d.jpg
openimages_d8ce114e0de75c28d35e.jpg,openimages,train,images/openimages_d8ce114e0de75c28d35e.jpg
openimages_d8e6861b176cf3632d13.jpg,openimages,train,images/openimages_d8e6861b176cf3632d13.jpg
openimages_da623c01f8a78f925e8a.jpg,openimages,train,images/openimages_da623c01f8a78f925e8a.jpg
openimages_daa0db2e435e97e26d92.jpg,openimages,train,images/openimages_daa0db2e435e97e26d92.jpg
openimages_db144e2fa8bb2b170218.jpg,openimages,train,images/openimages_db144e2fa8bb2b170218.jpg
openimages_dbdb50a4d8cc50006549.jpg,openimages,train,images/openimages_dbdb50a4d8cc50006549.jpg
openimages_dc252a8292e2a2230eef.jpg,openimages,train,images/openimages_dc252a8292e2a2230eef.jpg
openimages_dc33b3c92dca1e0a1693.jpg,openimages,train,images/openimages_dc33b3c92dca1e0a1693.jpg
openimages_dcdb11ec256a2bc743dd.jpg,openimages,train,images/openimages_dcdb11ec256a2bc743dd.jpg
openimages_dd5aa87c6b3dd31bc97e.jpg,openimages,train,images/openimages_dd5aa87c6b3dd31bc97e.jpg
openimages_dd68bc85f2e0d9c0ad73.jpg,openimages,train,images/openimages_dd68bc85f2e0d9c0ad73.jpg
openimages_ddaf3dccea14242b5a33.jpg,openimages,train,images/openimages_ddaf3dccea14242b5a33.jpg
openimages_ddc6653c7d3d45eeadd7.jpg,openimages,train,images/openimages_ddc6653c7d3d45eeadd7.jpg
openimages_ddca4125952034e4f974.jpg,openimages,train,images/openimages_ddca4125952034e4f974.jpg
openimages_ddf481adc4462141b3d8.jpg,openimages,train,images/openimages_ddf481adc4462141b3d8.jpg
openimages_de0acec31cd834f38e1d.jpg,openimages,train,images/openimages_de0acec31cd834f38e1d.jpg
openimages_de60e11582b866410815.jpg,openimages,train,images/openimages_de60e11582b866410815.jpg
openimages_de947fab3a40dd06c9d6.jpg,openimages,train,images/openimages_de947fab3a40dd06c9d6.jpg
openimages_ded922138325629d56a0.jpg,openimages,train,images/openimages_ded922138325629d56a0.jpg
openimages_def4d5fdb70a1fd6c74f.jpg,openimages,train,images/openimages_def4d5fdb70a1fd6c74f.jpg
openimages_df05fdf5102bce05d8cc.jpg,openimages,train,images/openimages_df05fdf5102bce05d8cc.jpg
openimages_df2969760aa68a4ab0af.jpg,openimages,train,images/openimages_df2969760aa68a4ab0af.jpg
openimages_dfbcad5f3198141a47e2.jpg,openimages,train,images/openimages_dfbcad5f3198141a47e2.jpg
openimages_dffbb708e96e4074eccb.jpg,openimages,train,images/openimages_dffbb708e96e4074eccb.jpg
openimages_e02604b7959015c46e00.jpg,openimages,train,images/openimages_e02604b7959015c46e00.jpg
openimages_e048dff2f04b11b8e195.jpg,openimages,train,images/openimages_e048dff2f04b11b8e195.jpg
openimages_e11c1e2cd89a5c8cda50.jpg,openimages,train,images/openimages_e11c1e2cd89a5c8cda50.jpg
openimages_e169bd861e16fa538bd4.jpg,openimages,train,images/openimages_e169bd861e16fa538bd4.jpg
openimages_e1baef6388d4ec6d33c3.jpg,openimages,train,images/openimages_e1baef6388d4ec6d33c3.jpg
openimages_e1c6074642377d413cf8.jpg,openimages,train,images/openimages_e1c6074642377d413cf8.jpg
openimages_e1d48eb8a2aa70891c8c.jpg,openimages,train,images/openimages_e1d48eb8a2aa70891c8c.jpg
openimages_e21c3703b03a453490e5.jpg,openimages,train,images/openimages_e21c3703b03a453490e5.jpg
openimages_e22d8f3fb9dc01e6544d.jpg,openimages,train,images/openimages_e22d8f3fb9dc01e6544d.jpg
openimages_e24221de6d3ffc7594b9.jpg,openimages,train,images/openimages_e24221de6d3ffc7594b9.jpg
openimages_e28230fdb6fa4afec0a7.jpg,openimages,train,images/openimages_e28230fdb6fa4afec0a7.jpg
openimages_e28aed0a8012db8d76ae.jpg,openimages,train,images/openimages_e28aed0a8012db8d76ae.jpg
openimages_e2ead4acdc380044551d.jpg,openimages,train,images/openimages_e2ead4acdc380044551d.jpg
openimages_e35410d48c2c91924fcf.jpg,openimages,train,images/openimages_e35410d48c2c91924fcf.jpg
openimages_e3f7b430f5fe2e4768bf.jpg,openimages,train,images/openimages_e3f7b430f5fe2e4768bf.jpg
openimages_e41c9d6c691b5751cd27.jpg,openimages,train,images/openimages_e41c9d6c691b5751cd27.jpg
openimages_e41ef3d2355e6019c162.jpg,openimages,train,images/openimages_e41ef3d2355e6019c162.jpg
openimages_e46f45b2bb87b313eff8.jpg,openimages,train,images/openimages_e46f45b2bb87b313eff8.jpg
openimages_e4cb7ddc99a053269a1e.jpg,openimages,train,images/openimages_e4cb7ddc99a053269a1e.jpg
openimages_e55a17f1881f08728dad.jpg,openimages,train,images/openimages_e55a17f1881f08728dad.jpg
openimages_e5b8be4d22b9c8728ff4.jpg,openimages,train,images/openimages_e5b8be4d22b9c8728ff4.jpg
openimages_e5c155f89966456676d8.jpg,openimages,train,images/openimages_e5c155f89966456676d8.jpg
openimages_e600e11d405ba1412b1e.jpg,openimages,train,images/openimages_e600e11d405ba1412b1e.jpg
openimages_e64bd7159ac209c90152.jpg,openimages,train,images/openimages_e64bd7159ac209c90152.jpg
openimages_e68110b5848b4bc64adb.jpg,openimages,train,images/openimages_e68110b5848b4bc64adb.jpg
openimages_e6f57a303ee78c7be182.jpg,openimages,train,images/openimages_e6f57a303ee78c7be182.jpg
openimages_e709b331e123472b42bc.jpg,openimages,train,images/openimages_e709b331e123472b42bc.jpg
openimages_e76962a6c45d3035887b.jpg,openimages,train,images/openimages_e76962a6c45d3035887b.jpg
openimages_e7a6c7b2d61308e217b6.jpg,openimages,train,images/openimages_e7a6c7b2d61308e217b6.jpg
openimages_e7cc8597c959de6e083d.jpg,openimages,train,images/openimages_e7cc8597c959de6e083d.jpg
openimages_e7dbef70d922ccb50d8b.jpg,openimages,train,images/openimages_e7dbef70d922ccb50d8b.jpg
openimages_e7e87b2c64ce0020c38e.jpg,openimages,train,images/openimages_e7e87b2c64ce0020c38e.jpg
openimages_e86f1d94e66c73ffc9d8.jpg,openimages,train,images/openimages_e86f1d94e66c73ffc9d8.jpg
openimages_e8e0f86a9e01d7c9fb00.jpg,openimages,train,images/openimages_e8e0f86a9e01d7c9fb00.jpg
openimages_e93ed41149a21a9f14c4.jpg,openimages,train,images/openimages_e93ed41149a21a9f14c4.jpg
openimages_e95792b89b32478414eb.jpg,openimages,train,images/openimages_e95792b89b32478414eb.jpg
openimages_e9d655f31e1a7e405346.jpg,openimages,train,images/openimages_e9d655f31e1a7e405346.jpg
openimages_e9f9bb21f7209db485d0.jpg,openimages,train,images/openimages_e9f9bb21f7209db485d0.jpg
openimages_ea449302d98987352bdd.jpg,openimages,train,images/openimages_ea449302d98987352bdd.jpg
openimages_eb3b8aed5917bdcd5bb4.jpg,openimages,train,images/openimages_eb3b8aed5917bdcd5bb4.jpg
openimages_eb74c4c761630d97592e.jpg,openimages,train,images/openimages_eb74c4c761630d97592e.jpg
openimages_ebca3e3479256aa81538.jpg,openimages,train,images/openimages_ebca3e3479256aa81538.jpg
openimages_ebe6a14ca5cecb74ecc4.jpg,openimages,train,images/openimages_ebe6a14ca5cecb74ecc4.jpg
openimages_ec4f2fa9c9e86a470150.jpg,openimages,train,images/openimages_ec4f2fa9c9e86a470150.jpg
openimages_ec5106dc0c4f63f7c5b2.jpg,openimages,train,images/openimages_ec5106dc0c4f63f7c5b2.jpg
openimages_ec8c4a74228d37a61b10.jpg,openimages,train,images/openimages_ec8c4a74228d37a61b10.jpg
openimages_eceeda8fb3cf44770aab.jpg,openimages,train,images/openimages_eceeda8fb3cf44770aab.jpg
openimages_ed0fed3c8657bd8b8c69.jpg,openimages,train,images/openimages_ed0fed3c8657bd8b8c69.jpg
openimages_ed1235f231b4a10de993.jpg,openimages,train,images/openimages_ed1235f231b4a10de993.jpg
openimages_ed17f395b7eb79e06c3d.jpg,openimages,train,images/openimages_ed17f395b7eb79e06c3d.jpg
openimages_ed90d63d7c00fe9ceff6.jpg,openimages,train,images/openimages_ed90d63d7c00fe9ceff6.jpg
openimages_edeac2f04b8561f91c6c.jpg,openimages,train,images/openimages_edeac2f04b8561f91c6c.jpg
openimages_ee34627c07642e4ddcb7.jpg,openimages,train,images/openimages_ee34627c07642e4ddcb7.jpg
openimages_ee50433728b345a2e58f.jpg,openimages,train,images/openimages_ee50433728b345a2e58f.jpg
openimages_ee8e4a63430569da8436.jpg,openimages,train,images/openimages_ee8e4a63430569da8436.jpg
openimages_eec6799e43df5e1a4fd3.jpg,openimages,train,images/openimages_eec6799e43df5e1a4fd3.jpg
openimages_ef7ed747c8836a66aed5.jpg,openimages,train,images/openimages_ef7ed747c8836a66aed5.jpg
openimages_efa78f8b92fbc6c6db23.jpg,openimages,train,images/openimages_efa78f8b92fbc6c6db23.jpg
openimages_f00079e5c0c39d0c7702.jpg,openimages,train,images/openimages_f00079e5c0c39d0c7702.jpg
openimages_f047201a21ec627294a0.jpg,openimages,train,images/openimages_f047201a21ec627294a0.jpg
openimages_f054eda002773feb6544.jpg,openimages,train,images/openimages_f054eda002773feb6544.jpg
openimages_f064519c373bf669c5cf.jpg,openimages,train,images/openimages_f064519c373bf669c5cf.jpg
openimages_f0bda6aac7fb98852894.jpg,openimages,train,images/openimages_f0bda6aac7fb98852894.jpg
openimages_f0ccf2c2786ed14c38ea.jpg,openimages,train,images/openimages_f0ccf2c2786ed14c38ea.jpg
openimages_f12e2724b75851fcb35e.jpg,openimages,train,images/openimages_f12e2724b75851fcb35e.jpg
openimages_f15168cf5ce89a3ecc49.jpg,openimages,train,images/openimages_f15168cf5ce89a3ecc49.jpg
openimages_f16704e92b12cb7f0e48.jpg,openimages,train,images/openimages_f16704e92b12cb7f0e48.jpg
openimages_f189f617356e1b6e5013.jpg,openimages,train,images/openimages_f189f617356e1b6e5013.jpg
openimages_f1d87d74eacebe797382.jpg,openimages,train,images/openimages_f1d87d74eacebe797382.jpg
openimages_f1def639fd7002ac14c3.jpg,openimages,train,images/openimages_f1def639fd7002ac14c3.jpg
openimages_f230e52cfdb446bc919c.jpg,openimages,train,images/openimages_f230e52cfdb446bc919c.jpg
openimages_f298a0d2596239815b27.jpg,openimages,train,images/openimages_f298a0d2596239815b27.jpg
openimages_f2e43bdabd4680cbf2e4.jpg,openimages,train,images/openimages_f2e43bdabd4680cbf2e4.jpg
openimages_f2fa8ce86a622000a9c4.jpg,openimages,train,images/openimages_f2fa8ce86a622000a9c4.jpg
openimages_f361c3719c8a69ca48e0.jpg,openimages,train,images/openimages_f361c3719c8a69ca48e0.jpg
openimages_f37246aeff58997eb4a7.jpg,openimages,train,images/openimages_f37246aeff58997eb4a7.jpg
openimages_f405b79a9825e21db11e.jpg,openimages,train,images/openimages_f405b79a9825e21db11e.jpg
openimages_f5b8119803d4e386b459.jpg,openimages,train,images/openimages_f5b8119803d4e386b459.jpg
openimages_f5c643eb166838a02331.jpg,openimages,train,images/openimages_f5c643eb166838a02331.jpg
openimages_f5f5de633447223de92e.jpg,openimages,train,images/openimages_f5f5de633447223de92e.jpg
openimages_f6454e757b6257fc726b.jpg,openimages,train,images/openimages_f6454e757b6257fc726b.jpg
openimages_f6a04e06daa85f2d49af.jpg,openimages,train,images/openimages_f6a04e06daa85f2d49af.jpg
openimages_f722116730f102054729.jpg,openimages,train,images/openimages_f722116730f102054729.jpg
openimages_f742283fe4b929db4b0b.jpg,openimages,train,images/openimages_f742283fe4b929db4b0b.jpg
openimages_f74e669cb369ce6033b0.jpg,openimages,train,images/openimages_f74e669cb369ce6033b0.jpg
openimages_f77018140c9e1dd107f8.jpg,openimages,train,images/openimages_f77018140c9e1dd107f8.jpg
openimages_f831f47d6ece030133aa.jpg,openimages,train,images/openimages_f831f47d6ece030133aa.jpg
openimages_f86b7e894b726ffc9de1.jpg,openimages,train,images/openimages_f86b7e894b726ffc9de1.jpg
openimages_f8e5df757c658c5830eb.jpg,openimages,train,images/openimages_f8e5df757c658c5830eb.jpg
openimages_f8ecaa0f124219491a93.jpg,openimages,train,images/openimages_f8ecaa0f124219491a93.jpg
openimages_f9e1ba68ac9b16e8ba7d.jpg,openimages,train,images/openimages_f9e1ba68ac9b16e8ba7d.jpg
openimages_f9e9aece2e7a6e203da7.jpg,openimages,train,images/openimages_f9e9aece2e7a6e203da7.jpg
openimages_f9f38a426dbcdb4680ca.jpg,openimages,train,images/openimages_f9f38a426dbcdb4680ca.jpg
openimages_fa3228137d7fc48d58bf.jpg,openimages,train,images/openimages_fa3228137d7fc48d58bf.jpg
openimages_fa5478df304806ee4ede.jpg,openimages,train,images/openimages_fa5478df304806ee4ede.jpg
openimages_fa586c83762c8a46f90b.jpg,openimages,train,images/openimages_fa586c83762c8a46f90b.jpg
openimages_fa5fefac75fbc17a8e72.jpg,openimages,train,images/openimages_fa5fefac75fbc17a8e72.jpg
openimages_fb36e3aee0556624fce3.jpg,openimages,train,images/openimages_fb36e3aee0556624fce3.jpg
openimages_fb3fe70c59c9a0df54e4.jpg,openimages,train,images/openimages_fb3fe70c59c9a0df54e4.jpg
openimages_fbe876256cb07046be5f.jpg,openimages,train,images/openimages_fbe876256cb07046be5f.jpg
openimages_fc4d03d0c641dd1176a8.jpg,openimages,train,images/openimages_fc4d03d0c641dd1176a8.jpg
openimages_fc69933e1a4991b0226c.jpg,openimages,train,images/openimages_fc69933e1a4991b0226c.jpg
openimages_fc94982387e5444ffa9e.jpg,openimages,train,images/openimages_fc94982387e5444ffa9e.jpg
openimages_fcbd4c5db6e5f890485b.jpg,openimages,train,images/openimages_fcbd4c5db6e5f890485b.jpg
openimages_fd0d1a3893666af53bab.jpg,openimages,train,images/openimages_fd0d1a3893666af53bab.jpg
openimages_fd1b1d3ab940fe60eda4.jpg,openimages,train,images/openimages_fd1b1d3ab940fe60eda4.jpg
openimages_fd21c64d92afe3154972.jpg,openimages,train,images/openimages_fd21c64d92afe3154972.jpg
openimages_fd24c7efb8fa2974cda3.jpg,openimages,train,images/openimages_fd24c7efb8fa2974cda3.jpg
openimages_fd7c0e65fe48f64cff5d.jpg,openimages,train,images/openimages_fd7c0e65fe48f64cff5d.jpg
openimages_fd9bcff1b8deab0a37d8.jpg,openimages,train,images/openimages_fd9bcff1b8deab0a37d8.jpg
openimages_fdca243d3b04e20127c9.jpg,openimages,train,images/openimages_fdca243d3b04e20127c9.jpg
openimages_fe07882ff77b37e10568.jpg,openimages,train,images/openimages_fe07882ff77b37e10568.jpg
openimages_fe1f8c0ac7b95433d969.jpg,openimages,train,images/openimages_fe1f8c0ac7b95433d969.jpg
openimages_fe6c119f0c60fd73337b.jpg,openimages,train,images/openimages_fe6c119f0c60fd73337b.jpg
openimages_fef50d8b6f18998ba5f4.jpg,openimages,train,images/openimages_fef50d8b6f18998ba5f4.jpg
openimages_ff0c3b0d22a345f8f4a6.jpg,openimages,train,images/openimages_ff0c3b0d22a345f8f4a6.jpg
openimages_ff17d44272486b4e763f.jpg,openimages,train,images/openimages_ff17d44272486b4e763f.jpg
openimages_ff2ae8c3fc2ef9305fd2.jpg,openimages,train,images/openimages_ff2ae8c3fc2ef9305fd2.jpg
openimages_ff601a032ebb4804251d.jpg,openimages,train,images/openimages_ff601a032ebb4804251d.jpg
openimages_ff969df25468ba1f8c62.jpg,openimages,train,images/openimages_ff969df25468ba1f8c62.jpg
openimages_ffaf2d1ea365c63f4e58.jpg,openimages,train,images/openimages_ffaf2d1ea365c63f4e58.jpg
voc_000011a7d9f43c10511c.jpg,voc,train,images/voc_000011a7d9f43c10511c.jpg
voc_00ccc56f7885d85472ef.jpg,voc,train,images/voc_00ccc56f7885d85472ef.jpg
voc_00e5fb609409a53932ec.jpg,voc,train,images/voc_00e5fb609409a53932ec.jpg
voc_00f67713ab07c6b4b67b.jpg,voc,train,images/voc_00f67713ab07c6b4b67b.jpg
voc_013881fb2965588cb574.jpg,voc,train,images/voc_013881fb2965588cb574.jpg
voc_015be57e8981cbd87e52.jpg,voc,train,images/voc_015be57e8981cbd87e52.jpg
voc_01abec8770845366b453.jpg,voc,train,images/voc_01abec8770845366b453.jpg
voc_01b0e935b1e97bb8e0a3.jpg,voc,train,images/voc_01b0e935b1e97bb8e0a3.jpg
voc_025ee60acf8487d0f73a.jpg,voc,train,images/voc_025ee60acf8487d0f73a.jpg
voc_02ac31ae42495e79d5ee.jpg,voc,train,images/voc_02ac31ae42495e79d5ee.jpg
voc_02b0b3412e25fc691c86.jpg,voc,train,images/voc_02b0b3412e25fc691c86.jpg
voc_037c188ceb290b11c3f8.jpg,voc,train,images/voc_037c188ceb290b11c3f8.jpg
voc_03ed1aa258ec762cd6d6.jpg,voc,train,images/voc_03ed1aa258ec762cd6d6.jpg
voc_040cbd9317246f558836.jpg,voc,train,images/voc_040cbd9317246f558836.jpg
voc_0451741f82ba5add2349.jpg,voc,train,images/voc_0451741f82ba5add2349.jpg
voc_04ecf2a6b3cdb10ce134.jpg,voc,train,images/voc_04ecf2a6b3cdb10ce134.jpg
voc_05ddd1ae7916ada9f39d.jpg,voc,train,images/voc_05ddd1ae7916ada9f39d.jpg
voc_0615cce9e5eece6c9383.jpg,voc,train,images/voc_0615cce9e5eece6c9383.jpg
voc_064bbe83522bdc89a82f.jpg,voc,train,images/voc_064bbe83522bdc89a82f.jpg
voc_0650b61a0ef440058ed4.jpg,voc,train,images/voc_0650b61a0ef440058ed4.jpg
voc_06dbe990183db0d16553.jpg,voc,train,images/voc_06dbe990183db0d16553.jpg
voc_079e6cd0405da88f2b47.jpg,voc,train,images/voc_079e6cd0405da88f2b47.jpg
voc_07e5701f6784ae398d76.jpg,voc,train,images/voc_07e5701f6784ae398d76.jpg
voc_087f2c3ad0952e89ee33.jpg,voc,train,images/voc_087f2c3ad0952e89ee33.jpg
voc_08f49c7cc5dc1465cb6d.jpg,voc,train,images/voc_08f49c7cc5dc1465cb6d.jpg
voc_0905c33bff614c57dc10.jpg,voc,train,images/voc_0905c33bff614c57dc10.jpg
voc_09124df198118dc85d62.jpg,voc,train,images/voc_09124df198118dc85d62.jpg
voc_09549fbf639e433f3fad.jpg,voc,train,images/voc_09549fbf639e433f3fad.jpg
voc_09573b57575a7b65d76e.jpg,voc,train,images/voc_09573b57575a7b65d76e.jpg
voc_095a106b6d6cc9f5b3f9.jpg,voc,train,images/voc_095a106b6d6cc9f5b3f9.jpg
voc_09a17c9d804877e49fe0.jpg,voc,train,images/voc_09a17c9d804877e49fe0.jpg
voc_09dba1f29ba1c5b7bb48.jpg,voc,train,images/voc_09dba1f29ba1c5b7bb48.jpg
voc_09f63ab37152adb88d4e.jpg,voc,train,images/voc_09f63ab37152adb88d4e.jpg
voc_0a05cb1cbab40c11da60.jpg,voc,train,images/voc_0a05cb1cbab40c11da60.jpg
voc_0a13f9e4078432d72867.jpg,voc,train,images/voc_0a13f9e4078432d72867.jpg
voc_0a872dbbd3def5d5c600.jpg,voc,train,images/voc_0a872dbbd3def5d5c600.jpg
voc_0abd06e7815607c21a3b.jpg,voc,train,images/voc_0abd06e7815607c21a3b.jpg
voc_0ae155768fca77d0c768.jpg,voc,train,images/voc_0ae155768fca77d0c768.jpg
voc_0b5bc157c01ae9ebac74.jpg,voc,train,images/voc_0b5bc157c01ae9ebac74.jpg
voc_0bf806703fff3533e290.jpg,voc,train,images/voc_0bf806703fff3533e290.jpg
voc_0c5eb81a04ddaa6b4273.jpg,voc,train,images/voc_0c5eb81a04ddaa6b4273.jpg
voc_0c65a5e980e38af415a3.jpg,voc,train,images/voc_0c65a5e980e38af415a3.jpg
voc_0d7f3ade7e1e7307722f.jpg,voc,train,images/voc_0d7f3ade7e1e7307722f.jpg
voc_0d9f90b6d26464cd439d.jpg,voc,train,images/voc_0d9f90b6d26464cd439d.jpg
voc_0dd1044e9bce363bfac2.jpg,voc,train,images/voc_0dd1044e9bce363bfac2.jpg
voc_0e45f557880d37c06144.jpg,voc,train,images/voc_0e45f557880d37c06144.jpg
voc_0e49ad87435521a9d6a7.jpg,voc,train,images/voc_0e49ad87435521a9d6a7.jpg
voc_0e69fe4c8ab4b381f01f.jpg,voc,train,images/voc_0e69fe4c8ab4b381f01f.jpg
voc_0e877b8f14c52d0ba122.jpg,voc,train,images/voc_0e877b8f14c52d0ba122.jpg
voc_0ea47976b2aecb1cb533.jpg,voc,train,images/voc_0ea47976b2aecb1cb533.jpg
voc_0edbcafa3781838b4d33.jpg,voc,train,images/voc_0edbcafa3781838b4d33.jpg
voc_0f0b5ec4050218a9ed8b.jpg,voc,train,images/voc_0f0b5ec4050218a9ed8b.jpg
voc_0f21d617fb48f5733f5e.jpg,voc,train,images/voc_0f21d617fb48f5733f5e.jpg
voc_10059c28227c1ef5e33a.jpg,voc,train,images/voc_10059c28227c1ef5e33a.jpg
voc_10a32848dc8c99d38f4d.jpg,voc,train,images/voc_10a32848dc8c99d38f4d.jpg
voc_10ea689db59ef80341bf.jpg,voc,train,images/voc_10ea689db59ef80341bf.jpg
voc_1122c8491e5ceabed53e.jpg,voc,train,images/voc_1122c8491e5ceabed53e.jpg
voc_115534107e04a79d3cb9.jpg,voc,train,images/voc_115534107e04a79d3cb9.jpg
voc_11d758c6a41db1174e44.jpg,voc,train,images/voc_11d758c6a41db1174e44.jpg
voc_121424cfbffd36fe7d94.jpg,voc,train,images/voc_121424cfbffd36fe7d94.jpg
voc_1221b24523487da535aa.jpg,voc,train,images/voc_1221b24523487da535aa.jpg
voc_1298710e7d7755cb1618.jpg,voc,train,images/voc_1298710e7d7755cb1618.jpg
voc_12fd4b2ce9a5433098b3.jpg,voc,train,images/voc_12fd4b2ce9a5433098b3.jpg
voc_1321d442a75484d9dbd5.jpg,voc,train,images/voc_1321d442a75484d9dbd5.jpg
voc_13844af12a9871b4808d.jpg,voc,train,images/voc_13844af12a9871b4808d.jpg
voc_13925c369c8e5c9a394d.jpg,voc,train,images/voc_13925c369c8e5c9a394d.jpg
voc_13b67c9731ed71b28eda.jpg,voc,train,images/voc_13b67c9731ed71b28eda.jpg
voc_14342cd19e2401c51845.jpg,voc,train,images/voc_14342cd19e2401c51845.jpg
voc_1458ea7bf4abe726afa6.jpg,voc,train,images/voc_1458ea7bf4abe726afa6.jpg
voc_14932e62b36e9dd8f04d.jpg,voc,train,images/voc_14932e62b36e9dd8f04d.jpg
voc_14a6552043a57ab4f990.jpg,voc,train,images/voc_14a6552043a57ab4f990.jpg
voc_14b53ea7c0b1982cf453.jpg,voc,train,images/voc_14b53ea7c0b1982cf453.jpg
voc_14b930d2f916ed743586.jpg,voc,train,images/voc_14b930d2f916ed743586.jpg
voc_14e02ad7de35da0a4e9c.jpg,voc,train,images/voc_14e02ad7de35da0a4e9c.jpg
voc_14e9d1c5d323374e576b.jpg,voc,train,images/voc_14e9d1c5d323374e576b.jpg
voc_14fe2f013151fe6b710f.jpg,voc,train,images/voc_14fe2f013151fe6b710f.jpg
voc_1656eb423b5a3f979e42.jpg,voc,train,images/voc_1656eb423b5a3f979e42.jpg
voc_165b51aa38d7596049ac.jpg,voc,train,images/voc_165b51aa38d7596049ac.jpg
voc_16600bc40d98d2994fef.jpg,voc,train,images/voc_16600bc40d98d2994fef.jpg
voc_16bfff93ba0bb8c4e3a1.jpg,voc,train,images/voc_16bfff93ba0bb8c4e3a1.jpg
voc_16e3bcf696701cf01c48.jpg,voc,train,images/voc_16e3bcf696701cf01c48.jpg
voc_1742488e7646d6e33a56.jpg,voc,train,images/voc_1742488e7646d6e33a56.jpg
voc_178ba8d4d66292b1a7b8.jpg,voc,train,images/voc_178ba8d4d66292b1a7b8.jpg
voc_17b69b18fe2006cc28e3.jpg,voc,train,images/voc_17b69b18fe2006cc28e3.jpg
voc_17f2d616621550aa9ae7.jpg,voc,train,images/voc_17f2d616621550aa9ae7.jpg
voc_17fecfe7c6538409a774.jpg,voc,train,images/voc_17fecfe7c6538409a774.jpg
voc_18224c6cca82dc93636f.jpg,voc,train,images/voc_18224c6cca82dc93636f.jpg
voc_18734993fc697c737514.jpg,voc,train,images/voc_18734993fc697c737514.jpg
voc_196fd6bb249088ed772f.jpg,voc,train,images/voc_196fd6bb249088ed772f.jpg
voc_1971538d9df325c460e4.jpg,voc,train,images/voc_1971538d9df325c460e4.jpg
voc_197b36fcdd3414e12053.jpg,voc,train,images/voc_197b36fcdd3414e12053.jpg
voc_1a263f55ea6280a3e523.jpg,voc,train,images/voc_1a263f55ea6280a3e523.jpg
voc_1af616bad3b8a40bc356.jpg,voc,train,images/voc_1af616bad3b8a40bc356.jpg
voc_1b1657a9686b45995e81.jpg,voc,train,images/voc_1b1657a9686b45995e81.jpg
voc_1c17c35c10c1c7f1c3fb.jpg,voc,train,images/voc_1c17c35c10c1c7f1c3fb.jpg
voc_1c20cf440d95e234a5af.jpg,voc,train,images/voc_1c20cf440d95e234a5af.jpg
voc_1c2296376c58611514c3.jpg,voc,train,images/voc_1c2296376c58611514c3.jpg
voc_1ccd6437bcd1e9feee98.jpg,voc,train,images/voc_1ccd6437bcd1e9feee98.jpg
voc_1cce8f15818e4841d29c.jpg,voc,train,images/voc_1cce8f15818e4841d29c.jpg
voc_1d1ecfbde17858ee4352.jpg,voc,train,images/voc_1d1ecfbde17858ee4352.jpg
voc_1d7c7c958699f57b54f7.jpg,voc,train,images/voc_1d7c7c958699f57b54f7.jpg
voc_1d97455b611ff145009d.jpg,voc,train,images/voc_1d97455b611ff145009d.jpg
voc_1d9e72f2e0d941a15fff.jpg,voc,train,images/voc_1d9e72f2e0d941a15fff.jpg
voc_1dcfb763552cfd617c4f.jpg,voc,train,images/voc_1dcfb763552cfd617c4f.jpg
voc_1e3b18d6733f05be2cfb.jpg,voc,train,images/voc_1e3b18d6733f05be2cfb.jpg
voc_1e54733137d02cfbce30.jpg,voc,train,images/voc_1e54733137d02cfbce30.jpg
voc_1e87f0dfd0d5d9195ee3.jpg,voc,train,images/voc_1e87f0dfd0d5d9195ee3.jpg
voc_1ee6def21ec7b86d075a.jpg,voc,train,images/voc_1ee6def21ec7b86d075a.jpg
voc_1f33b884d953c177cc54.jpg,voc,train,images/voc_1f33b884d953c177cc54.jpg
voc_1f5873ba7face7ad0520.jpg,voc,train,images/voc_1f5873ba7face7ad0520.jpg
voc_1f9aba563e95e781f01e.jpg,voc,train,images/voc_1f9aba563e95e781f01e.jpg
voc_1fce09a46875237169e9.jpg,voc,train,images/voc_1fce09a46875237169e9.jpg
voc_1ffec8c73327e517a075.jpg,voc,train,images/voc_1ffec8c73327e517a075.jpg
voc_2150f8a4c470082d4014.jpg,voc,train,images/voc_2150f8a4c470082d4014.jpg
voc_215e17ad054115b0a008.jpg,voc,train,images/voc_215e17ad054115b0a008.jpg
voc_216a8bcf5cf512041910.jpg,voc,train,images/voc_216a8bcf5cf512041910.jpg
voc_2232697ea290a45ac07d.jpg,voc,train,images/voc_2232697ea290a45ac07d.jpg
voc_22429325857d6adc4f58.jpg,voc,train,images/voc_22429325857d6adc4f58.jpg
voc_22a24fe5d54dfd53d57d.jpg,voc,train,images/voc_22a24fe5d54dfd53d57d.jpg
voc_22b9af078919f47a8d89.jpg,voc,train,images/voc_22b9af078919f47a8d89.jpg
voc_22ca351939a525095ca5.jpg,voc,train,images/voc_22ca351939a525095ca5.jpg
voc_22de759e62c8680067a1.jpg,voc,train,images/voc_22de759e62c8680067a1.jpg
voc_2303096206c0088fbbf4.jpg,voc,train,images/voc_2303096206c0088fbbf4.jpg
voc_234c08a83de661c774c9.jpg,voc,train,images/voc_234c08a83de661c774c9.jpg
voc_24378d6145063eaa29f2.jpg,voc,train,images/voc_24378d6145063eaa29f2.jpg
voc_246cd5df80691ac712bf.jpg,voc,train,images/voc_246cd5df80691ac712bf.jpg
voc_24d01bb27614b4cbc7bc.jpg,voc,train,images/voc_24d01bb27614b4cbc7bc.jpg
voc_24e7a3f0fb9ba8d1da99.jpg,voc,train,images/voc_24e7a3f0fb9ba8d1da99.jpg
voc_24eed372ec5bc07c9903.jpg,voc,train,images/voc_24eed372ec5bc07c9903.jpg
voc_2528046ec11168fa3f47.jpg,voc,train,images/voc_2528046ec11168fa3f47.jpg
voc_252ab1d30e54e3ae68a9.jpg,voc,train,images/voc_252ab1d30e54e3ae68a9.jpg
voc_253499b7833ca42d7a69.jpg,voc,train,images/voc_253499b7833ca42d7a69.jpg
voc_2562553c4ecfaf53e778.jpg,voc,train,images/voc_2562553c4ecfaf53e778.jpg
voc_25bb4755e11de2df43f5.jpg,voc,train,images/voc_25bb4755e11de2df43f5.jpg
voc_266c89f005b50215e516.jpg,voc,train,images/voc_266c89f005b50215e516.jpg
voc_269ee75d11b31706167b.jpg,voc,train,images/voc_269ee75d11b31706167b.jpg
voc_27378eded483a9cf4d0b.jpg,voc,train,images/voc_27378eded483a9cf4d0b.jpg
voc_27eff587f047e5c48d9f.jpg,voc,train,images/voc_27eff587f047e5c48d9f.jpg
voc_285e299e3feb7f1c2e78.jpg,voc,train,images/voc_285e299e3feb7f1c2e78.jpg
voc_28e96c6fb4cfe7033bf7.jpg,voc,train,images/voc_28e96c6fb4cfe7033bf7.jpg
voc_2949636173b469ed6569.jpg,voc,train,images/voc_2949636173b469ed6569.jpg
voc_2aa00ac075919fec7c08.jpg,voc,train,images/voc_2aa00ac075919fec7c08.jpg
voc_2ac91be0217619fbe9ac.jpg,voc,train,images/voc_2ac91be0217619fbe9ac.jpg
voc_2b709607bdbf8a84ba29.jpg,voc,train,images/voc_2b709607bdbf8a84ba29.jpg
voc_2b82dfc1e709fa3b0d1c.jpg,voc,train,images/voc_2b82dfc1e709fa3b0d1c.jpg
voc_2b8e997f4306aae4efb2.jpg,voc,train,images/voc_2b8e997f4306aae4efb2.jpg
voc_2bc093830f1b4f07940e.jpg,voc,train,images/voc_2bc093830f1b4f07940e.jpg
voc_2c42fa4781b0f3909f02.jpg,voc,train,images/voc_2c42fa4781b0f3909f02.jpg
voc_2c47ca6578b9467ff246.jpg,voc,train,images/voc_2c47ca6578b9467ff246.jpg
voc_2d049dd6034ce5f24022.jpg,voc,train,images/voc_2d049dd6034ce5f24022.jpg
voc_2d09aa98faaf2f97f6d8.jpg,voc,train,images/voc_2d09aa98faaf2f97f6d8.jpg
voc_2d126aef1f8ee2322d3b.jpg,voc,train,images/voc_2d126aef1f8ee2322d3b.jpg
voc_2d610c7e9769cba7a7d2.jpg,voc,train,images/voc_2d610c7e9769cba7a7d2.jpg
voc_2d99f4dd13239d5f3f44.jpg,voc,train,images/voc_2d99f4dd13239d5f3f44.jpg
voc_2da68b29d88125bd722d.jpg,voc,train,images/voc_2da68b29d88125bd722d.jpg
voc_2e4abbef700ae6ff53e1.jpg,voc,train,images/voc_2e4abbef700ae6ff53e1.jpg
voc_2e5b065d898dd00ab0f8.jpg,voc,train,images/voc_2e5b065d898dd00ab0f8.jpg
voc_2e66b2448305cc5c310b.jpg,voc,train,images/voc_2e66b2448305cc5c310b.jpg
voc_2e7993c2b9adacad5e58.jpg,voc,train,images/voc_2e7993c2b9adacad5e58.jpg
voc_2e7cbcf966e373a04700.jpg,voc,train,images/voc_2e7cbcf966e373a04700.jpg
voc_2ea553e515b79aa51698.jpg,voc,train,images/voc_2ea553e515b79aa51698.jpg
voc_2fab6834d70e3979dbda.jpg,voc,train,images/voc_2fab6834d70e3979dbda.jpg
voc_302fb199b84ef988c2cc.jpg,voc,train,images/voc_302fb199b84ef988c2cc.jpg
voc_311a00f8d44e0102acdc.jpg,voc,train,images/voc_311a00f8d44e0102acdc.jpg
voc_31655489e9473dd5f63e.jpg,voc,train,images/voc_31655489e9473dd5f63e.jpg
voc_31e09ee2cb9829dc29c8.jpg,voc,train,images/voc_31e09ee2cb9829dc29c8.jpg
voc_31f543fca3b62513cdfb.jpg,voc,train,images/voc_31f543fca3b62513cdfb.jpg
voc_320414a7414ec625951f.jpg,voc,train,images/voc_320414a7414ec625951f.jpg
voc_32cff0a793048a95457b.jpg,voc,train,images/voc_32cff0a793048a95457b.jpg
voc_3329914f8761bf60f613.jpg,voc,train,images/voc_3329914f8761bf60f613.jpg
voc_338a2e492abfdaa87ed9.jpg,voc,train,images/voc_338a2e492abfdaa87ed9.jpg
voc_352a867ed96708fc6400.jpg,voc,train,images/voc_352a867ed96708fc6400.jpg
voc_3559441e4cc71b665d36.jpg,voc,train,images/voc_3559441e4cc71b665d36.jpg
voc_35bb7b48fa267ac4581f.jpg,voc,train,images/voc_35bb7b48fa267ac4581f.jpg
voc_35d16498a84104f723f3.jpg,voc,train,images/voc_35d16498a84104f723f3.jpg
voc_36d1a82ea1248de25fe6.jpg,voc,train,images/voc_36d1a82ea1248de25fe6.jpg
voc_37220f7fcd616d1fb1a0.jpg,voc,train,images/voc_37220f7fcd616d1fb1a0.jpg
voc_372fbad07cbabbf77b5a.jpg,voc,train,images/voc_372fbad07cbabbf77b5a.jpg
voc_3752ff2b04823899e47f.jpg,voc,train,images/voc_3752ff2b04823899e47f.jpg
voc_37ae193f6e15e41158c2.jpg,voc,train,images/voc_37ae193f6e15e41158c2.jpg
voc_37d1222999a9cde5e03d.jpg,voc,train,images/voc_37d1222999a9cde5e03d.jpg
voc_38337028a06f8c12a295.jpg,voc,train,images/voc_38337028a06f8c12a295.jpg
voc_386c59b97d84f2a08726.jpg,voc,train,images/voc_386c59b97d84f2a08726.jpg
voc_387270dabad1313c03c5.jpg,voc,train,images/voc_387270dabad1313c03c5.jpg
voc_3889a280ff7375d6e5f1.jpg,voc,train,images/voc_3889a280ff7375d6e5f1.jpg
voc_390e1205535c9c688edb.jpg,voc,train,images/voc_390e1205535c9c688edb.jpg
voc_3a26869e655f1572654a.jpg,voc,train,images/voc_3a26869e655f1572654a.jpg
voc_3a3c040665c215596669.jpg,voc,train,images/voc_3a3c040665c215596669.jpg
voc_3a5aac2864b844fab328.jpg,voc,train,images/voc_3a5aac2864b844fab328.jpg
voc_3be633e5153a7843ec7d.jpg,voc,train,images/voc_3be633e5153a7843ec7d.jpg
voc_3c72e1b16b0b3e4fabd9.jpg,voc,train,images/voc_3c72e1b16b0b3e4fabd9.jpg
voc_3c946921cca06138ee7c.jpg,voc,train,images/voc_3c946921cca06138ee7c.jpg
voc_3e790bf29a28ee707b8e.jpg,voc,train,images/voc_3e790bf29a28ee707b8e.jpg
voc_3ed3f41f42772f839159.jpg,voc,train,images/voc_3ed3f41f42772f839159.jpg
voc_3f0de877dfba7ac9749b.jpg,voc,train,images/voc_3f0de877dfba7ac9749b.jpg
voc_3ff7f2c3635d879f81ce.jpg,voc,train,images/voc_3ff7f2c3635d879f81ce.jpg
voc_401b0d006a41ca7267c1.jpg,voc,train,images/voc_401b0d006a41ca7267c1.jpg
voc_4063fa8e2575e9614aac.jpg,voc,train,images/voc_4063fa8e2575e9614aac.jpg
voc_407df3ffa76ae902060b.jpg,voc,train,images/voc_407df3ffa76ae902060b.jpg
voc_408b1943c7eccc251228.jpg,voc,train,images/voc_408b1943c7eccc251228.jpg
voc_409121476079340b042c.jpg,voc,train,images/voc_409121476079340b042c.jpg
voc_410cca960b779bec1d0c.jpg,voc,train,images/voc_410cca960b779bec1d0c.jpg
voc_414ebdd4eaf752713dbd.jpg,voc,train,images/voc_414ebdd4eaf752713dbd.jpg
voc_416ca326692ef87a94fa.jpg,voc,train,images/voc_416ca326692ef87a94fa.jpg
voc_416f3dbb5842825c6078.jpg,voc,train,images/voc_416f3dbb5842825c6078.jpg
voc_419d6e23dd05ceb8b6dc.jpg,voc,train,images/voc_419d6e23dd05ceb8b6dc.jpg
voc_42a3ee1484facc3144db.jpg,voc,train,images/voc_42a3ee1484facc3144db.jpg
voc_4315fd01623a2b0f1723.jpg,voc,train,images/voc_4315fd01623a2b0f1723.jpg
voc_432312ca8263072a1eab.jpg,voc,train,images/voc_432312ca8263072a1eab.jpg
voc_43652eaf0eadea3f69cb.jpg,voc,train,images/voc_43652eaf0eadea3f69cb.jpg
voc_44066df3ac7c05d64474.jpg,voc,train,images/voc_44066df3ac7c05d64474.jpg
voc_4453f77683a4937ac3ad.jpg,voc,train,images/voc_4453f77683a4937ac3ad.jpg
voc_453d0569bd82a2d9fd7f.jpg,voc,train,images/voc_453d0569bd82a2d9fd7f.jpg
voc_456a11ae0c6ec1c0e1f1.jpg,voc,train,images/voc_456a11ae0c6ec1c0e1f1.jpg
voc_4573e1d227f6461a4e55.jpg,voc,train,images/voc_4573e1d227f6461a4e55.jpg
voc_459e217211b015716b06.jpg,voc,train,images/voc_459e217211b015716b06.jpg
voc_461eca2fca881f7f52f8.jpg,voc,train,images/voc_461eca2fca881f7f52f8.jpg
voc_469cdef138feb13051b5.jpg,voc,train,images/voc_469cdef138feb13051b5.jpg
voc_46e7c89d6c5385e7e1e7.jpg,voc,train,images/voc_46e7c89d6c5385e7e1e7.jpg
voc_470c7e533e26271e7910.jpg,voc,train,images/voc_470c7e533e26271e7910.jpg
voc_473f99384605ea315329.jpg,voc,train,images/voc_473f99384605ea315329.jpg
voc_475f681b9ba760c11348.jpg,voc,train,images/voc_475f681b9ba760c11348.jpg
voc_47c89d44392fd85c30a1.jpg,voc,train,images/voc_47c89d44392fd85c30a1.jpg
voc_48210c39342c3365e1c9.jpg,voc,train,images/voc_48210c39342c3365e1c9.jpg
voc_4839ea009ca323d04fe2.jpg,voc,train,images/voc_4839ea009ca323d04fe2.jpg
voc_48983c2bc25f93c04f49.jpg,voc,train,images/voc_48983c2bc25f93c04f49.jpg
voc_48c0f6e5df20f921f693.jpg,voc,train,images/voc_48c0f6e5df20f921f693.jpg
voc_48c20f7ca95803fe5cff.jpg,voc,train,images/voc_48c20f7ca95803fe5cff.jpg
voc_496c55d25a3b29909594.jpg,voc,train,images/voc_496c55d25a3b29909594.jpg
voc_4a7c41be8a241e4d8f02.jpg,voc,train,images/voc_4a7c41be8a241e4d8f02.jpg
voc_4b2fc4c49e649a9ced21.jpg,voc,train,images/voc_4b2fc4c49e649a9ced21.jpg
voc_4b51acc569ae00203cf6.jpg,voc,train,images/voc_4b51acc569ae00203cf6.jpg
voc_4b7c23b79b861c599706.jpg,voc,train,images/voc_4b7c23b79b861c599706.jpg
voc_4b8d11c9d20a6a1db36f.jpg,voc,train,images/voc_4b8d11c9d20a6a1db36f.jpg
voc_4bdffd0548df3e14dd81.jpg,voc,train,images/voc_4bdffd0548df3e14dd81.jpg
voc_4cbea5852985054515b8.jpg,voc,train,images/voc_4cbea5852985054515b8.jpg
voc_4cc2a4d92f6a9e52b549.jpg,voc,train,images/voc_4cc2a4d92f6a9e52b549.jpg
voc_4d34f25bceda0e5d0048.jpg,voc,train,images/voc_4d34f25bceda0e5d0048.jpg
voc_4d97c9f465f8a36d41f0.jpg,voc,train,images/voc_4d97c9f465f8a36d41f0.jpg
voc_4dc32e6f7960441f3698.jpg,voc,train,images/voc_4dc32e6f7960441f3698.jpg
voc_4e51bed852aa31425281.jpg,voc,train,images/voc_4e51bed852aa31425281.jpg
voc_4e7d96c24e1447d2f067.jpg,voc,train,images/voc_4e7d96c24e1447d2f067.jpg
voc_4fa3b92ba13eec017b7e.jpg,voc,train,images/voc_4fa3b92ba13eec017b7e.jpg
voc_50d68bcfc24c681fed42.jpg,voc,train,images/voc_50d68bcfc24c681fed42.jpg
voc_50f486b453a76bd4ba62.jpg,voc,train,images/voc_50f486b453a76bd4ba62.jpg
voc_514578b1bd6ea994da70.jpg,voc,train,images/voc_514578b1bd6ea994da70.jpg
voc_516698d1989413916e95.jpg,voc,train,images/voc_516698d1989413916e95.jpg
voc_5167df14291f004217d7.jpg,voc,train,images/voc_5167df14291f004217d7.jpg
voc_519ce2adcae0e2e8aa0a.jpg,voc,train,images/voc_519ce2adcae0e2e8aa0a.jpg
voc_51a6086c37dc5320dc4c.jpg,voc,train,images/voc_51a6086c37dc5320dc4c.jpg
voc_51c5488468799487f5a3.jpg,voc,train,images/voc_51c5488468799487f5a3.jpg
voc_522a88f421847f2b8c22.jpg,voc,train,images/voc_522a88f421847f2b8c22.jpg
voc_525f45d05e86006dad95.jpg,voc,train,images/voc_525f45d05e86006dad95.jpg
voc_52f4420c0b9089b00fe3.jpg,voc,train,images/voc_52f4420c0b9089b00fe3.jpg
voc_52fdf002485142530936.jpg,voc,train,images/voc_52fdf002485142530936.jpg
voc_5300e1d6188f7313f0c0.jpg,voc,train,images/voc_5300e1d6188f7313f0c0.jpg
voc_5380dfe28025e4fae07a.jpg,voc,train,images/voc_5380dfe28025e4fae07a.jpg
voc_53a60983652aa5a78026.jpg,voc,train,images/voc_53a60983652aa5a78026.jpg
voc_53ee1893b38b886f98a7.jpg,voc,train,images/voc_53ee1893b38b886f98a7.jpg
voc_543df5e50fc6a8207fbd.jpg,voc,train,images/voc_543df5e50fc6a8207fbd.jpg
voc_5484424538f80b827bba.jpg,voc,train,images/voc_5484424538f80b827bba.jpg
voc_54cc2bea9460e3ecdb8c.jpg,voc,train,images/voc_54cc2bea9460e3ecdb8c.jpg
voc_54dcf7a9d7e5f50f820e.jpg,voc,train,images/voc_54dcf7a9d7e5f50f820e.jpg
voc_54e9dea69ac319f60e75.jpg,voc,train,images/voc_54e9dea69ac319f60e75.jpg
voc_558087d4036aca03663a.jpg,voc,train,images/voc_558087d4036aca03663a.jpg
voc_56452c70e92341e96a9d.jpg,voc,train,images/voc_56452c70e92341e96a9d.jpg
voc_565f3612b60ff4d5217a.jpg,voc,train,images/voc_565f3612b60ff4d5217a.jpg
voc_56d600288551ce1a5b5a.jpg,voc,train,images/voc_56d600288551ce1a5b5a.jpg
voc_57010d6679ca55e3adc2.jpg,voc,train,images/voc_57010d6679ca55e3adc2.jpg
voc_5710596b84c9d5ece1bf.jpg,voc,train,images/voc_5710596b84c9d5ece1bf.jpg
voc_5763a3f7955879a28755.jpg,voc,train,images/voc_5763a3f7955879a28755.jpg
voc_5838ee1717227c782759.jpg,voc,train,images/voc_5838ee1717227c782759.jpg
voc_5895ff78cb58bf511634.jpg,voc,train,images/voc_5895ff78cb58bf511634.jpg
voc_58c795bddf708d9827a3.jpg,voc,train,images/voc_58c795bddf708d9827a3.jpg
voc_590293e945f682aa875e.jpg,voc,train,images/voc_590293e945f682aa875e.jpg
voc_5a6eeb929ce0c5b501bd.jpg,voc,train,images/voc_5a6eeb929ce0c5b501bd.jpg
voc_5a7b612362107d7e5187.jpg,voc,train,images/voc_5a7b612362107d7e5187.jpg
voc_5a879c0c118da4831539.jpg,voc,train,images/voc_5a879c0c118da4831539.jpg
voc_5aa06c4051e5c9f686f4.jpg,voc,train,images/voc_5aa06c4051e5c9f686f4.jpg
voc_5addc6429b1b20fecbcf.jpg,voc,train,images/voc_5addc6429b1b20fecbcf.jpg
voc_5ae8915ee3644d22f777.jpg,voc,train,images/voc_5ae8915ee3644d22f777.jpg
voc_5b08f68c2dc453a8871b.jpg,voc,train,images/voc_5b08f68c2dc453a8871b.jpg
voc_5b386608257722b63a69.jpg,voc,train,images/voc_5b386608257722b63a69.jpg
voc_5b4d8d96447d5752570a.jpg,voc,train,images/voc_5b4d8d96447d5752570a.jpg
voc_5b7bfbda4792ab37caf6.jpg,voc,train,images/voc_5b7bfbda4792ab37caf6.jpg
voc_5b9584aae542fe8b5eb1.jpg,voc,train,images/voc_5b9584aae542fe8b5eb1.jpg
voc_5bdf18f00b8ce8837103.jpg,voc,train,images/voc_5bdf18f00b8ce8837103.jpg
voc_5c178d151515e394a87a.jpg,voc,train,images/voc_5c178d151515e394a87a.jpg
voc_5d5330a94f8e66b58b36.jpg,voc,train,images/voc_5d5330a94f8e66b58b36.jpg
voc_5db1681e8b3ad5d14d45.jpg,voc,train,images/voc_5db1681e8b3ad5d14d45.jpg
voc_5e9b25fed537e58e3981.jpg,voc,train,images/voc_5e9b25fed537e58e3981.jpg
voc_5eb6eaf68eb425dd5c21.jpg,voc,train,images/voc_5eb6eaf68eb425dd5c21.jpg
voc_5eba2980a0a179dd1d6a.jpg,voc,train,images/voc_5eba2980a0a179dd1d6a.jpg
voc_5f0419dc0b5cbb8d61f0.jpg,voc,train,images/voc_5f0419dc0b5cbb8d61f0.jpg
voc_6027407057cdacfb7ebe.jpg,voc,train,images/voc_6027407057cdacfb7ebe.jpg
voc_603ffde173f542962586.jpg,voc,train,images/voc_603ffde173f542962586.jpg
voc_60d0546fcb070bb89002.jpg,voc,train,images/voc_60d0546fcb070bb89002.jpg
voc_62783e28718af59765b4.jpg,voc,train,images/voc_62783e28718af59765b4.jpg
voc_62c420acff1ca013fde8.jpg,voc,train,images/voc_62c420acff1ca013fde8.jpg
voc_638e04b5942cc5479c89.jpg,voc,train,images/voc_638e04b5942cc5479c89.jpg
voc_63f8f4d69ff8f1863437.jpg,voc,train,images/voc_63f8f4d69ff8f1863437.jpg
voc_643e77066b873961d5c2.jpg,voc,train,images/voc_643e77066b873961d5c2.jpg
voc_6461cc90b0d28f0cd715.jpg,voc,train,images/voc_6461cc90b0d28f0cd715.jpg
voc_64b00d693ae4250e98ec.jpg,voc,train,images/voc_64b00d693ae4250e98ec.jpg
voc_65c918a63b00775d66e4.jpg,voc,train,images/voc_65c918a63b00775d66e4.jpg
voc_660aa5fd7e6e34afadcd.jpg,voc,train,images/voc_660aa5fd7e6e34afadcd.jpg
voc_6733a8edcb6555a31150.jpg,voc,train,images/voc_6733a8edcb6555a31150.jpg
voc_6760feb9259441123163.jpg,voc,train,images/voc_6760feb9259441123163.jpg
voc_67c6830584b31806747f.jpg,voc,train,images/voc_67c6830584b31806747f.jpg
voc_67ef4fefd4fc0d8143ef.jpg,voc,train,images/voc_67ef4fefd4fc0d8143ef.jpg
voc_68460afd92fc692c7c73.jpg,voc,train,images/voc_68460afd92fc692c7c73.jpg
voc_6857f53ddbf7cb1122b0.jpg,voc,train,images/voc_6857f53ddbf7cb1122b0.jpg
voc_688e9017fec731502a84.jpg,voc,train,images/voc_688e9017fec731502a84.jpg
voc_689da6533263c8f73e24.jpg,voc,train,images/voc_689da6533263c8f73e24.jpg
voc_68a0979f9b064e1f6eda.jpg,voc,train,images/voc_68a0979f9b064e1f6eda.jpg
voc_68a18b2668a0c08cebd0.jpg,voc,train,images/voc_68a18b2668a0c08cebd0.jpg
voc_6a528420d3fedcb20e48.jpg,voc,train,images/voc_6a528420d3fedcb20e48.jpg
voc_6a5dbf19b8b87ad3e95e.jpg,voc,train,images/voc_6a5dbf19b8b87ad3e95e.jpg
voc_6a7fcbf9bfbce2513d13.jpg,voc,train,images/voc_6a7fcbf9bfbce2513d13.jpg
voc_6a85c6cc0db576882ece.jpg,voc,train,images/voc_6a85c6cc0db576882ece.jpg
voc_6a939765c950eb50dd2e.jpg,voc,train,images/voc_6a939765c950eb50dd2e.jpg
voc_6ab86d3c3a6cb8b608cc.jpg,voc,train,images/voc_6ab86d3c3a6cb8b608cc.jpg
voc_6af9d66f121f830cc108.jpg,voc,train,images/voc_6af9d66f121f830cc108.jpg
voc_6bd780fbd4b0f5f4337a.jpg,voc,train,images/voc_6bd780fbd4b0f5f4337a.jpg
voc_6ce4980533289c91e784.jpg,voc,train,images/voc_6ce4980533289c91e784.jpg
voc_6d35ca643610e6b02f76.jpg,voc,train,images/voc_6d35ca643610e6b02f76.jpg
voc_6d709aaef338249fc10f.jpg,voc,train,images/voc_6d709aaef338249fc10f.jpg
voc_6e29b8bd6017fe2f4141.jpg,voc,train,images/voc_6e29b8bd6017fe2f4141.jpg
voc_6e5a8a8f31feba1da0fc.jpg,voc,train,images/voc_6e5a8a8f31feba1da0fc.jpg
voc_6e7a98572d51551c9afa.jpg,voc,train,images/voc_6e7a98572d51551c9afa.jpg
voc_6eb2d8fcd8e0d983122b.jpg,voc,train,images/voc_6eb2d8fcd8e0d983122b.jpg
voc_705857b6935a66be8df1.jpg,voc,train,images/voc_705857b6935a66be8df1.jpg
voc_7076f24eab908b7c1f80.jpg,voc,train,images/voc_7076f24eab908b7c1f80.jpg
voc_70bb75348979cc236cae.jpg,voc,train,images/voc_70bb75348979cc236cae.jpg
voc_7104414d4883357744dc.jpg,voc,train,images/voc_7104414d4883357744dc.jpg
voc_7120ed4b199e3a11cd8c.jpg,voc,train,images/voc_7120ed4b199e3a11cd8c.jpg
voc_7142bf915b31ab66ea48.jpg,voc,train,images/voc_7142bf915b31ab66ea48.jpg
voc_7178097f3761e5cca5e2.jpg,voc,train,images/voc_7178097f3761e5cca5e2.jpg
voc_719b115fb3b58a9eb7a5.jpg,voc,train,images/voc_719b115fb3b58a9eb7a5.jpg
voc_71a3d7e0862ca1e086c4.jpg,voc,train,images/voc_71a3d7e0862ca1e086c4.jpg
voc_71eb0d67f128f6e634e6.jpg,voc,train,images/voc_71eb0d67f128f6e634e6.jpg
voc_729fcd48fefd842fa8f5.jpg,voc,train,images/voc_729fcd48fefd842fa8f5.jpg
voc_73c9e78bc700e25ae032.jpg,voc,train,images/voc_73c9e78bc700e25ae032.jpg
voc_7400a4f766a76624d5a7.jpg,voc,train,images/voc_7400a4f766a76624d5a7.jpg
voc_742796e0a76f73d388ae.jpg,voc,train,images/voc_742796e0a76f73d388ae.jpg
voc_744929cc09eaf02784dd.jpg,voc,train,images/voc_744929cc09eaf02784dd.jpg
voc_753c2be006d03c6275e5.jpg,voc,train,images/voc_753c2be006d03c6275e5.jpg
voc_76295910ab58211ea855.jpg,voc,train,images/voc_76295910ab58211ea855.jpg
voc_763e984a11c70a1dc314.jpg,voc,train,images/voc_763e984a11c70a1dc314.jpg
voc_769c298c26b51f98bc8d.jpg,voc,train,images/voc_769c298c26b51f98bc8d.jpg
voc_778bccbe7a5245684300.jpg,voc,train,images/voc_778bccbe7a5245684300.jpg
voc_77fa66bb40dc671cabb3.jpg,voc,train,images/voc_77fa66bb40dc671cabb3.jpg
voc_78848c5449952fbe53de.jpg,voc,train,images/voc_78848c5449952fbe53de.jpg
voc_788a5e710cbf13b6afc8.jpg,voc,train,images/voc_788a5e710cbf13b6afc8.jpg
voc_7890ab818d7065cf5809.jpg,voc,train,images/voc_7890ab818d7065cf5809.jpg
voc_791590fae32e6cadaa4e.jpg,voc,train,images/voc_791590fae32e6cadaa4e.jpg
voc_795f475dd77917e180f8.jpg,voc,train,images/voc_795f475dd77917e180f8.jpg
voc_79cb06f0ec807f003340.jpg,voc,train,images/voc_79cb06f0ec807f003340.jpg
voc_7a224c649381dc8e19a1.jpg,voc,train,images/voc_7a224c649381dc8e19a1.jpg
voc_7a96682a37d8681ae54b.jpg,voc,train,images/voc_7a96682a37d8681ae54b.jpg
voc_7aa4f199ecd997ee2b54.jpg,voc,train,images/voc_7aa4f199ecd997ee2b54.jpg
voc_7aea56176808ab2309bb.jpg,voc,train,images/voc_7aea56176808ab2309bb.jpg
voc_7b719beea7ed4bb8e580.jpg,voc,train,images/voc_7b719beea7ed4bb8e580.jpg
voc_7bb528ecba11401a8f3f.jpg,voc,train,images/voc_7bb528ecba11401a8f3f.jpg
voc_7bd081b8dbb2c0b04c9d.jpg,voc,train,images/voc_7bd081b8dbb2c0b04c9d.jpg
voc_7bd925aa4305f991699d.jpg,voc,train,images/voc_7bd925aa4305f991699d.jpg
voc_7c0796fd29afc6b23dab.jpg,voc,train,images/voc_7c0796fd29afc6b23dab.jpg
voc_7c49cd77fe29402c3669.jpg,voc,train,images/voc_7c49cd77fe29402c3669.jpg
voc_7c58e4eaaa49b728e2fc.jpg,voc,train,images/voc_7c58e4eaaa49b728e2fc.jpg
voc_7d04901c3c546b4bad91.jpg,voc,train,images/voc_7d04901c3c546b4bad91.jpg
voc_7d34c2ad79ad5b2baa1f.jpg,voc,train,images/voc_7d34c2ad79ad5b2baa1f.jpg
voc_7d393e01e9a659cd3c0f.jpg,voc,train,images/voc_7d393e01e9a659cd3c0f.jpg
voc_7d89fb9daa4da9bead48.jpg,voc,train,images/voc_7d89fb9daa4da9bead48.jpg
voc_7d989349e3a230a2f0d0.jpg,voc,train,images/voc_7d989349e3a230a2f0d0.jpg
voc_7dab69bd0bf784431b89.jpg,voc,train,images/voc_7dab69bd0bf784431b89.jpg
voc_7e009e169ac9903576ec.jpg,voc,train,images/voc_7e009e169ac9903576ec.jpg
voc_7ec449a4db7ec4f32d23.jpg,voc,train,images/voc_7ec449a4db7ec4f32d23.jpg
voc_7edac00f8ba9025e9a2d.jpg,voc,train,images/voc_7edac00f8ba9025e9a2d.jpg
voc_7f6105f0a0186ea8426d.jpg,voc,train,images/voc_7f6105f0a0186ea8426d.jpg
voc_7fa525af1d6f0a016b72.jpg,voc,train,images/voc_7fa525af1d6f0a016b72.jpg
voc_7fd4b481184cbb880918.jpg,voc,train,images/voc_7fd4b481184cbb880918.jpg
voc_7ff7d094e1f1c50ac8a2.jpg,voc,train,images/voc_7ff7d094e1f1c50ac8a2.jpg
voc_80416004da4a306aaf0f.jpg,voc,train,images/voc_80416004da4a306aaf0f.jpg
voc_80f179fd35fc550cf1d0.jpg,voc,train,images/voc_80f179fd35fc550cf1d0.jpg
voc_8137d5ea7e8638a602c1.jpg,voc,train,images/voc_8137d5ea7e8638a602c1.jpg
voc_818c2fd4b7b8377cc15c.jpg,voc,train,images/voc_818c2fd4b7b8377cc15c.jpg
voc_819a2cded73da97efd0d.jpg,voc,train,images/voc_819a2cded73da97efd0d.jpg
voc_81d99e25da68206a2ce4.jpg,voc,train,images/voc_81d99e25da68206a2ce4.jpg
voc_82a5d9705d666495af96.jpg,voc,train,images/voc_82a5d9705d666495af96.jpg
voc_83838abdcf40f523bf21.jpg,voc,train,images/voc_83838abdcf40f523bf21.jpg
voc_83ab558b77baa45d5f14.jpg,voc,train,images/voc_83ab558b77baa45d5f14.jpg
voc_83b4e23c73418dae8225.jpg,voc,train,images/voc_83b4e23c73418dae8225.jpg
voc_83cb53b425a56679faf2.jpg,voc,train,images/voc_83cb53b425a56679faf2.jpg
voc_83f1173e95d96ee71e4d.jpg,voc,train,images/voc_83f1173e95d96ee71e4d.jpg
voc_83fb2ceeb82c4cac95ec.jpg,voc,train,images/voc_83fb2ceeb82c4cac95ec.jpg
voc_8441eb84bcbf6cd9e777.jpg,voc,train,images/voc_8441eb84bcbf6cd9e777.jpg
voc_8455ce1bb31414b0a150.jpg,voc,train,images/voc_8455ce1bb31414b0a150.jpg
voc_848f191ff942c61af739.jpg,voc,train,images/voc_848f191ff942c61af739.jpg
voc_8493cd43cba893d3e168.jpg,voc,train,images/voc_8493cd43cba893d3e168.jpg
voc_84be30b16c89579418d4.jpg,voc,train,images/voc_84be30b16c89579418d4.jpg
voc_84d12fc75e3546fd1b64.jpg,voc,train,images/voc_84d12fc75e3546fd1b64.jpg
voc_85061cab64b16262307c.jpg,voc,train,images/voc_85061cab64b16262307c.jpg
voc_85243ba2030515777c15.jpg,voc,train,images/voc_85243ba2030515777c15.jpg
voc_856932101ea22e9680e9.jpg,voc,train,images/voc_856932101ea22e9680e9.jpg
voc_85927be92a20364ff6c2.jpg,voc,train,images/voc_85927be92a20364ff6c2.jpg
voc_859717a7409f07fb9c32.jpg,voc,train,images/voc_859717a7409f07fb9c32.jpg
voc_87206f1857b528e49050.jpg,voc,train,images/voc_87206f1857b528e49050.jpg
voc_879fd58183c4fc03bac6.jpg,voc,train,images/voc_879fd58183c4fc03bac6.jpg
voc_87f74162dd2df99a06e7.jpg,voc,train,images/voc_87f74162dd2df99a06e7.jpg
voc_881bee7d9f64f721dc75.jpg,voc,train,images/voc_881bee7d9f64f721dc75.jpg
voc_8850400b2956913d8a8f.jpg,voc,train,images/voc_8850400b2956913d8a8f.jpg
voc_8896d34b5e7f0c1e7931.jpg,voc,train,images/voc_8896d34b5e7f0c1e7931.jpg
voc_88998f6c23db7b69251f.jpg,voc,train,images/voc_88998f6c23db7b69251f.jpg
voc_88a36e4c5808d2a34b16.jpg,voc,train,images/voc_88a36e4c5808d2a34b16.jpg
voc_88f91c51e71ff69fb6ba.jpg,voc,train,images/voc_88f91c51e71ff69fb6ba.jpg
voc_8a18c0c787ccd99eedc2.jpg,voc,train,images/voc_8a18c0c787ccd99eedc2.jpg
voc_8a4cbde3d8e006601ff5.jpg,voc,train,images/voc_8a4cbde3d8e006601ff5.jpg
voc_8ace8602996af12c0cb9.jpg,voc,train,images/voc_8ace8602996af12c0cb9.jpg
voc_8afe7925038b0d44a233.jpg,voc,train,images/voc_8afe7925038b0d44a233.jpg
voc_8b6327951771234e2306.jpg,voc,train,images/voc_8b6327951771234e2306.jpg
voc_8bbba7ec9de4b7f09e5f.jpg,voc,train,images/voc_8bbba7ec9de4b7f09e5f.jpg
voc_8c1e1689dc964f13fb3d.jpg,voc,train,images/voc_8c1e1689dc964f13fb3d.jpg
voc_8c5323106d566a4f1c86.jpg,voc,train,images/voc_8c5323106d566a4f1c86.jpg
voc_8c7af58144d64d270144.jpg,voc,train,images/voc_8c7af58144d64d270144.jpg
voc_8d76ed965140aa33bf0c.jpg,voc,train,images/voc_8d76ed965140aa33bf0c.jpg
voc_8d83b09dc853d6e5c8a8.jpg,voc,train,images/voc_8d83b09dc853d6e5c8a8.jpg
voc_8de536f29a10be4e1259.jpg,voc,train,images/voc_8de536f29a10be4e1259.jpg
voc_8e13fd041123102d895d.jpg,voc,train,images/voc_8e13fd041123102d895d.jpg
voc_8e26e091a4f1df18e4fe.jpg,voc,train,images/voc_8e26e091a4f1df18e4fe.jpg
voc_8e7873c39eb3dc3708fa.jpg,voc,train,images/voc_8e7873c39eb3dc3708fa.jpg
voc_8ebd4d59f55803823edc.jpg,voc,train,images/voc_8ebd4d59f55803823edc.jpg
voc_8eec1b67cb786570812d.jpg,voc,train,images/voc_8eec1b67cb786570812d.jpg
voc_8fb32f556524a7fc6479.jpg,voc,train,images/voc_8fb32f556524a7fc6479.jpg
voc_8fc9511b0357272d6389.jpg,voc,train,images/voc_8fc9511b0357272d6389.jpg
voc_8fec2bc4edd212e0406d.jpg,voc,train,images/voc_8fec2bc4edd212e0406d.jpg
voc_902c44552340dc2a468f.jpg,voc,train,images/voc_902c44552340dc2a468f.jpg
voc_902d1307a826c57db70d.jpg,voc,train,images/voc_902d1307a826c57db70d.jpg
voc_9036f3826f1bf3af37a9.jpg,voc,train,images/voc_9036f3826f1bf3af37a9.jpg
voc_9041bf6ed380224c1af5.jpg,voc,train,images/voc_9041bf6ed380224c1af5.jpg
voc_907a60831267d12f38f6.jpg,voc,train,images/voc_907a60831267d12f38f6.jpg
voc_907f0b1e4ae75459b88c.jpg,voc,train,images/voc_907f0b1e4ae75459b88c.jpg
voc_908c5ead604734a8b393.jpg,voc,train,images/voc_908c5ead604734a8b393.jpg
voc_90a891068b2d7a9dc290.jpg,voc,train,images/voc_90a891068b2d7a9dc290.jpg
voc_90c6d781b6eef21a058a.jpg,voc,train,images/voc_90c6d781b6eef21a058a.jpg
voc_90ee516d78d4f8a8143c.jpg,voc,train,images/voc_90ee516d78d4f8a8143c.jpg
voc_9116878a8089d362005d.jpg,voc,train,images/voc_9116878a8089d362005d.jpg
voc_917605df313b90361f1e.jpg,voc,train,images/voc_917605df313b90361f1e.jpg
voc_9225a840678fad0ada8d.jpg,voc,train,images/voc_9225a840678fad0ada8d.jpg
voc_9252aa1619e9e59b5938.jpg,voc,train,images/voc_9252aa1619e9e59b5938.jpg
voc_92cf7fe800b482e1fcd8.jpg,voc,train,images/voc_92cf7fe800b482e1fcd8.jpg
voc_936e816bc74e52a73114.jpg,voc,train,images/voc_936e816bc74e52a73114.jpg
voc_93b3bf4bbcf618081292.jpg,voc,train,images/voc_93b3bf4bbcf618081292.jpg
voc_93c0c1275f8a2ced4c2e.jpg,voc,train,images/voc_93c0c1275f8a2ced4c2e.jpg
voc_944a11a260bf6a687efd.jpg,voc,train,images/voc_944a11a260bf6a687efd.jpg
voc_946d2eb108ae1c05ec67.jpg,voc,train,images/voc_946d2eb108ae1c05ec67.jpg
voc_94b0ec81892c2e9ff315.jpg,voc,train,images/voc_94b0ec81892c2e9ff315.jpg
voc_94ba8598605be9e574c5.jpg,voc,train,images/voc_94ba8598605be9e574c5.jpg
voc_94d0f6225cb722844b9d.jpg,voc,train,images/voc_94d0f6225cb722844b9d.jpg
voc_966b9a08011235193d80.jpg,voc,train,images/voc_966b9a08011235193d80.jpg
voc_967c39266c4ecc82f06a.jpg,voc,train,images/voc_967c39266c4ecc82f06a.jpg
voc_9693c92855dfb129b057.jpg,voc,train,images/voc_9693c92855dfb129b057.jpg
voc_96b2a5e4bbb3cd5df110.jpg,voc,train,images/voc_96b2a5e4bbb3cd5df110.jpg
voc_96c46ab477b2a75689de.jpg,voc,train,images/voc_96c46ab477b2a75689de.jpg
voc_986f7ff3573ddb6698e4.jpg,voc,train,images/voc_986f7ff3573ddb6698e4.jpg
voc_9ad142d94326b68e7517.jpg,voc,train,images/voc_9ad142d94326b68e7517.jpg
voc_9ae037ecc12c3c967d7a.jpg,voc,train,images/voc_9ae037ecc12c3c967d7a.jpg
voc_9afdcf13dab27789004e.jpg,voc,train,images/voc_9afdcf13dab27789004e.jpg
voc_9b111936c1cefc9c22c9.jpg,voc,train,images/voc_9b111936c1cefc9c22c9.jpg
voc_9b7dcbcd62bb445808e4.jpg,voc,train,images/voc_9b7dcbcd62bb445808e4.jpg
voc_9b9c87ed80724d28def8.jpg,voc,train,images/voc_9b9c87ed80724d28def8.jpg
voc_9bc9770671d0ae0c25c5.jpg,voc,train,images/voc_9bc9770671d0ae0c25c5.jpg
voc_9c24f810cee08d63402f.jpg,voc,train,images/voc_9c24f810cee08d63402f.jpg
voc_9c892e26e26b2c6bab3d.jpg,voc,train,images/voc_9c892e26e26b2c6bab3d.jpg
voc_9ca6503707a4c5344ebf.jpg,voc,train,images/voc_9ca6503707a4c5344ebf.jpg
voc_9d03464b605aec79a96b.jpg,voc,train,images/voc_9d03464b605aec79a96b.jpg
voc_9d0439e6cf3f6aebf15b.jpg,voc,train,images/voc_9d0439e6cf3f6aebf15b.jpg
voc_9d79a9b066629c5c6258.jpg,voc,train,images/voc_9d79a9b066629c5c6258.jpg
voc_9d92f0b5d0b75d7b1058.jpg,voc,train,images/voc_9d92f0b5d0b75d7b1058.jpg
voc_9de38feb47aa9178f390.jpg,voc,train,images/voc_9de38feb47aa9178f390.jpg
voc_9def11a6fc12e99aea94.jpg,voc,train,images/voc_9def11a6fc12e99aea94.jpg
voc_9e301df3bd574855bc1c.jpg,voc,train,images/voc_9e301df3bd574855bc1c.jpg
voc_9e49503102e361dd7721.jpg,voc,train,images/voc_9e49503102e361dd7721.jpg
voc_9ea1436782a4e0dbc878.jpg,voc,train,images/voc_9ea1436782a4e0dbc878.jpg
voc_9eae5e6cdea72a412113.jpg,voc,train,images/voc_9eae5e6cdea72a412113.jpg
voc_9f319c0350705377847f.jpg,voc,train,images/voc_9f319c0350705377847f.jpg
voc_a0f907ee53eaa7407299.jpg,voc,train,images/voc_a0f907ee53eaa7407299.jpg
voc_a12d1b9187f8144f0610.jpg,voc,train,images/voc_a12d1b9187f8144f0610.jpg
voc_a130f48f6f186c82c2fb.jpg,voc,train,images/voc_a130f48f6f186c82c2fb.jpg
voc_a142818f8768ad5564e7.jpg,voc,train,images/voc_a142818f8768ad5564e7.jpg
voc_a170043c8784a67acbe3.jpg,voc,train,images/voc_a170043c8784a67acbe3.jpg
voc_a1a1546dc50914ece036.jpg,voc,train,images/voc_a1a1546dc50914ece036.jpg
voc_a1c3815f6f24d08d946c.jpg,voc,train,images/voc_a1c3815f6f24d08d946c.jpg
voc_a1d77007ddbaa5e1c978.jpg,voc,train,images/voc_a1d77007ddbaa5e1c978.jpg
voc_a20783cb5f4391a8055d.jpg,voc,train,images/voc_a20783cb5f4391a8055d.jpg
voc_a2198981595eebac9b02.jpg,voc,train,images/voc_a2198981595eebac9b02.jpg
voc_a23c695f3fc68b1aab42.jpg,voc,train,images/voc_a23c695f3fc68b1aab42.jpg
voc_a256788765dbaa964c3f.jpg,voc,train,images/voc_a256788765dbaa964c3f.jpg
voc_a26ed99b2ea8d94ddc32.jpg,voc,train,images/voc_a26ed99b2ea8d94ddc32.jpg
voc_a29fc6ab43ada5515102.jpg,voc,train,images/voc_a29fc6ab43ada5515102.jpg
voc_a2de63852c469f4de8b2.jpg,voc,train,images/voc_a2de63852c469f4de8b2.jpg
voc_a308e959ac728814a2b7.jpg,voc,train,images/voc_a308e959ac728814a2b7.jpg
voc_a3b3e88d6d8ac9cbfcce.jpg,voc,train,images/voc_a3b3e88d6d8ac9cbfcce.jpg
voc_a52bfbc97f92255ef189.jpg,voc,train,images/voc_a52bfbc97f92255ef189.jpg
voc_a548fa55598b2e10a3f8.jpg,voc,train,images/voc_a548fa55598b2e10a3f8.jpg
voc_a5b13c356b7a33748168.jpg,voc,train,images/voc_a5b13c356b7a33748168.jpg
voc_a71e45a61d73f9b217cb.jpg,voc,train,images/voc_a71e45a61d73f9b217cb.jpg
voc_a7214e6436a8a3abd917.jpg,voc,train,images/voc_a7214e6436a8a3abd917.jpg
voc_a742669db11f29c0ca66.jpg,voc,train,images/voc_a742669db11f29c0ca66.jpg
voc_a748bb3e49b4a405d0c0.jpg,voc,train,images/voc_a748bb3e49b4a405d0c0.jpg
voc_a75d549ec07ec87ff7aa.jpg,voc,train,images/voc_a75d549ec07ec87ff7aa.jpg
voc_a774cc29905cf42021c8.jpg,voc,train,images/voc_a774cc29905cf42021c8.jpg
voc_a77b30c3bc4efbdfa789.jpg,voc,train,images/voc_a77b30c3bc4efbdfa789.jpg
voc_a7f426e424996550a8f4.jpg,voc,train,images/voc_a7f426e424996550a8f4.jpg
voc_a8704da2debae8b04338.jpg,voc,train,images/voc_a8704da2debae8b04338.jpg
voc_a87589a5c5610b7991de.jpg,voc,train,images/voc_a87589a5c5610b7991de.jpg
voc_a88dbc7814b92f7e4a97.jpg,voc,train,images/voc_a88dbc7814b92f7e4a97.jpg
voc_a8978728be61f71e30d2.jpg,voc,train,images/voc_a8978728be61f71e30d2.jpg
voc_a8a86a201e4c51638949.jpg,voc,train,images/voc_a8a86a201e4c51638949.jpg
voc_a8f101cbb41831045a7b.jpg,voc,train,images/voc_a8f101cbb41831045a7b.jpg
voc_aa29d59cf96fe32b4dc8.jpg,voc,train,images/voc_aa29d59cf96fe32b4dc8.jpg
voc_aa8122254d884aab0cb2.jpg,voc,train,images/voc_aa8122254d884aab0cb2.jpg
voc_aa8a15093a8fe91c910d.jpg,voc,train,images/voc_aa8a15093a8fe91c910d.jpg
voc_aab984179c3d648330fd.jpg,voc,train,images/voc_aab984179c3d648330fd.jpg
voc_aadbaa88bd410375f5ba.jpg,voc,train,images/voc_aadbaa88bd410375f5ba.jpg
voc_ab60df59a57c68207c87.jpg,voc,train,images/voc_ab60df59a57c68207c87.jpg
voc_aba61eacc4ec08a5aa8b.jpg,voc,train,images/voc_aba61eacc4ec08a5aa8b.jpg
voc_abfd50af7048caf20edc.jpg,voc,train,images/voc_abfd50af7048caf20edc.jpg
voc_ac2171834816ceea9aa9.jpg,voc,train,images/voc_ac2171834816ceea9aa9.jpg
voc_ac693274baea6cc5e252.jpg,voc,train,images/voc_ac693274baea6cc5e252.jpg
voc_acc22e504bfe716c37b6.jpg,voc,train,images/voc_acc22e504bfe716c37b6.jpg
voc_ace4e3dc90becd06954f.jpg,voc,train,images/voc_ace4e3dc90becd06954f.jpg
voc_ad03d4a90722a902fe22.jpg,voc,train,images/voc_ad03d4a90722a902fe22.jpg
voc_adbdf68599cc446ded49.jpg,voc,train,images/voc_adbdf68599cc446ded49.jpg
voc_ae00d6ab4c76d06c680c.jpg,voc,train,images/voc_ae00d6ab4c76d06c680c.jpg
voc_ae04b202fef61369841d.jpg,voc,train,images/voc_ae04b202fef61369841d.jpg
voc_ae0dba4b6125343492ec.jpg,voc,train,images/voc_ae0dba4b6125343492ec.jpg
voc_aea891f9a1d772a6110a.jpg,voc,train,images/voc_aea891f9a1d772a6110a.jpg
voc_aec22355011e6a65da4b.jpg,voc,train,images/voc_aec22355011e6a65da4b.jpg
voc_af4ad14585693aa3238d.jpg,voc,train,images/voc_af4ad14585693aa3238d.jpg
voc_af78c50861c497201ba0.jpg,voc,train,images/voc_af78c50861c497201ba0.jpg
voc_af98dc1070cb31ab4ced.jpg,voc,train,images/voc_af98dc1070cb31ab4ced.jpg
voc_afa4e6f4b4e5d743cdd8.jpg,voc,train,images/voc_afa4e6f4b4e5d743cdd8.jpg
voc_b039a841b6e641dd3623.jpg,voc,train,images/voc_b039a841b6e641dd3623.jpg
voc_b05ca42c3efedf6bbc94.jpg,voc,train,images/voc_b05ca42c3efedf6bbc94.jpg
voc_b08b82749cfb83bf609f.jpg,voc,train,images/voc_b08b82749cfb83bf609f.jpg
voc_b0b33a7d7d31851ca6bc.jpg,voc,train,images/voc_b0b33a7d7d31851ca6bc.jpg
voc_b0c35f8204bfbefbeac0.jpg,voc,train,images/voc_b0c35f8204bfbefbeac0.jpg
voc_b15009930696b3a619e0.jpg,voc,train,images/voc_b15009930696b3a619e0.jpg
voc_b1553a5790d8785e57c8.jpg,voc,train,images/voc_b1553a5790d8785e57c8.jpg
voc_b260c5637efced9b0e54.jpg,voc,train,images/voc_b260c5637efced9b0e54.jpg
voc_b286057040abf1781b3a.jpg,voc,train,images/voc_b286057040abf1781b3a.jpg
voc_b2f5c7e021c423412527.jpg,voc,train,images/voc_b2f5c7e021c423412527.jpg
voc_b314f466336d3144be3f.jpg,voc,train,images/voc_b314f466336d3144be3f.jpg
voc_b3b055414e8f62e11b2e.jpg,voc,train,images/voc_b3b055414e8f62e11b2e.jpg
voc_b404867a3400475653a5.jpg,voc,train,images/voc_b404867a3400475653a5.jpg
voc_b4089ef3e0afb774f5e0.jpg,voc,train,images/voc_b4089ef3e0afb774f5e0.jpg
voc_b426c743cbdd7966d1c5.jpg,voc,train,images/voc_b426c743cbdd7966d1c5.jpg
voc_b47d64ea7f4539430d9b.jpg,voc,train,images/voc_b47d64ea7f4539430d9b.jpg
voc_b4ed6c8600575ceaf4de.jpg,voc,train,images/voc_b4ed6c8600575ceaf4de.jpg
voc_b512c0378d070d85ba07.jpg,voc,train,images/voc_b512c0378d070d85ba07.jpg
voc_b51cdbbc844954678cc4.jpg,voc,train,images/voc_b51cdbbc844954678cc4.jpg
voc_b58796b3a513511ce5ed.jpg,voc,train,images/voc_b58796b3a513511ce5ed.jpg
voc_b59d15ce8ea19f853d63.jpg,voc,train,images/voc_b59d15ce8ea19f853d63.jpg
voc_b5e6f75ff31bfb2cfb5b.jpg,voc,train,images/voc_b5e6f75ff31bfb2cfb5b.jpg
voc_b6028407f2990cba977e.jpg,voc,train,images/voc_b6028407f2990cba977e.jpg
voc_b618b2dd0e79253ee568.jpg,voc,train,images/voc_b618b2dd0e79253ee568.jpg
voc_b65f9d5a2c120a29bf72.jpg,voc,train,images/voc_b65f9d5a2c120a29bf72.jpg
voc_b662924727107bcc9d49.jpg,voc,train,images/voc_b662924727107bcc9d49.jpg
voc_b69b8b437d53f05869b9.jpg,voc,train,images/voc_b69b8b437d53f05869b9.jpg
voc_b6b499f4aeb5a5a73c72.jpg,voc,train,images/voc_b6b499f4aeb5a5a73c72.jpg
voc_b6bfeaccc8d4f9607946.jpg,voc,train,images/voc_b6bfeaccc8d4f9607946.jpg
voc_b7d9289abf4a775e8909.jpg,voc,train,images/voc_b7d9289abf4a775e8909.jpg
voc_b825fc74c068e208fce1.jpg,voc,train,images/voc_b825fc74c068e208fce1.jpg
voc_b8758c52c169360e4b0e.jpg,voc,train,images/voc_b8758c52c169360e4b0e.jpg
voc_b884c5ba1c5731fb521b.jpg,voc,train,images/voc_b884c5ba1c5731fb521b.jpg
voc_b8da468d985b73e37ca9.jpg,voc,train,images/voc_b8da468d985b73e37ca9.jpg
voc_b96c500578c9e2fc7f54.jpg,voc,train,images/voc_b96c500578c9e2fc7f54.jpg
voc_b99cd624b4c9b1708191.jpg,voc,train,images/voc_b99cd624b4c9b1708191.jpg
voc_b9ddbd94d36bbeccad27.jpg,voc,train,images/voc_b9ddbd94d36bbeccad27.jpg
voc_b9ed7e26e86caf5062ba.jpg,voc,train,images/voc_b9ed7e26e86caf5062ba.jpg
voc_ba057a628246a3202ea9.jpg,voc,train,images/voc_ba057a628246a3202ea9.jpg
voc_ba22f8e9e9af523a5cdb.jpg,voc,train,images/voc_ba22f8e9e9af523a5cdb.jpg
voc_ba84d056a6d729e2c61b.jpg,voc,train,images/voc_ba84d056a6d729e2c61b.jpg
voc_bad196c0b8316c870c6d.jpg,voc,train,images/voc_bad196c0b8316c870c6d.jpg
voc_bb86da2773f4f65b79f4.jpg,voc,train,images/voc_bb86da2773f4f65b79f4.jpg
voc_bc042a5a2d2797c8165e.jpg,voc,train,images/voc_bc042a5a2d2797c8165e.jpg
voc_bc1c04edd897e63dd52b.jpg,voc,train,images/voc_bc1c04edd897e63dd52b.jpg
voc_bc7025380221b33e3961.jpg,voc,train,images/voc_bc7025380221b33e3961.jpg
voc_bc8ffff390c9064f25fb.jpg,voc,train,images/voc_bc8ffff390c9064f25fb.jpg
voc_bcb28557f71d5f375ac3.jpg,voc,train,images/voc_bcb28557f71d5f375ac3.jpg
voc_bcf923983aff45982f80.jpg,voc,train,images/voc_bcf923983aff45982f80.jpg
voc_bd3fbd0b1c5c622e26b4.jpg,voc,train,images/voc_bd3fbd0b1c5c622e26b4.jpg
voc_bd517919850797830073.jpg,voc,train,images/voc_bd517919850797830073.jpg
voc_bd5f79e92614e2f7838e.jpg,voc,train,images/voc_bd5f79e92614e2f7838e.jpg
voc_bd9668b157b06bbca5ce.jpg,voc,train,images/voc_bd9668b157b06bbca5ce.jpg
voc_bda716e714fcf68f6172.jpg,voc,train,images/voc_bda716e714fcf68f6172.jpg
voc_bdb3c1cb15a4d4af93ad.jpg,voc,train,images/voc_bdb3c1cb15a4d4af93ad.jpg
voc_bdc5a85c6dc41c12290e.jpg,voc,train,images/voc_bdc5a85c6dc41c12290e.jpg
voc_be0f2c59b5cb4db19e0d.jpg,voc,train,images/voc_be0f2c59b5cb4db19e0d.jpg
voc_beaeefcc4a48cb3b8dcf.jpg,voc,train,images/voc_beaeefcc4a48cb3b8dcf.jpg
voc_becbe5680c65abffa988.jpg,voc,train,images/voc_becbe5680c65abffa988.jpg
voc_bed51f4f55d0800c898e.jpg,voc,train,images/voc_bed51f4f55d0800c898e.jpg
voc_bedf1569ebdc29bad9c3.jpg,voc,train,images/voc_bedf1569ebdc29bad9c3.jpg
voc_bef271c44816c0d7eaaa.jpg,voc,train,images/voc_bef271c44816c0d7eaaa.jpg
voc_bf0f5360a414d561ca74.jpg,voc,train,images/voc_bf0f5360a414d561ca74.jpg
voc_bf230b5a739d2bfa6b2e.jpg,voc,train,images/voc_bf230b5a739d2bfa6b2e.jpg
voc_bfd5145c53c1a515da18.jpg,voc,train,images/voc_bfd5145c53c1a515da18.jpg
voc_bfe7d67d54cc669961e4.jpg,voc,train,images/voc_bfe7d67d54cc669961e4.jpg
voc_c022d17c278911d66f06.jpg,voc,train,images/voc_c022d17c278911d66f06.jpg
voc_c07cf3fad8345c4ae7f1.jpg,voc,train,images/voc_c07cf3fad8345c4ae7f1.jpg
voc_c0a58020150df69f46c0.jpg,voc,train,images/voc_c0a58020150df69f46c0.jpg
voc_c0ee2198a8e81dd57965.jpg,voc,train,images/voc_c0ee2198a8e81dd57965.jpg
voc_c145e85d1c5633e409a1.jpg,voc,train,images/voc_c145e85d1c5633e409a1.jpg
voc_c1a50c682cd7bcfeabd0.jpg,voc,train,images/voc_c1a50c682cd7bcfeabd0.jpg
voc_c1f3fe56af2fbc9deaeb.jpg,voc,train,images/voc_c1f3fe56af2fbc9deaeb.jpg
voc_c24a4bf5fb2dbb54b220.jpg,voc,train,images/voc_c24a4bf5fb2dbb54b220.jpg
voc_c25809650ed546716d5b.jpg,voc,train,images/voc_c25809650ed546716d5b.jpg
voc_c27dfb58f85ef391553d.jpg,voc,train,images/voc_c27dfb58f85ef391553d.jpg
voc_c281bf92007c2e5c49d1.jpg,voc,train,images/voc_c281bf92007c2e5c49d1.jpg
voc_c2aa8204fcd6791cd311.jpg,voc,train,images/voc_c2aa8204fcd6791cd311.jpg
voc_c304641182e0c3be9185.jpg,voc,train,images/voc_c304641182e0c3be9185.jpg
voc_c386c6dbe96b33a1f91b.jpg,voc,train,images/voc_c386c6dbe96b33a1f91b.jpg
voc_c3d09bc37ae2ea87a8a9.jpg,voc,train,images/voc_c3d09bc37ae2ea87a8a9.jpg
voc_c4edbdbb3d148e6d1996.jpg,voc,train,images/voc_c4edbdbb3d148e6d1996.jpg
voc_c52f6fd28af70b3c2a0c.jpg,voc,train,images/voc_c52f6fd28af70b3c2a0c.jpg
voc_c53b165d4ec69a80d1e3.jpg,voc,train,images/voc_c53b165d4ec69a80d1e3.jpg
voc_c55aa6f20a038a9b23aa.jpg,voc,train,images/voc_c55aa6f20a038a9b23aa.jpg
voc_c59e5cbad4377b34dff9.jpg,voc,train,images/voc_c59e5cbad4377b34dff9.jpg
voc_c5a5b0a547304a1bfb03.jpg,voc,train,images/voc_c5a5b0a547304a1bfb03.jpg
voc_c5c99a03dc113ba0988b.jpg,voc,train,images/voc_c5c99a03dc113ba0988b.jpg
voc_c619bdd1499148b4f4d4.jpg,voc,train,images/voc_c619bdd1499148b4f4d4.jpg
voc_c6ae7f87628711371aff.jpg,voc,train,images/voc_c6ae7f87628711371aff.jpg
voc_c6ba677bc7130c696a08.jpg,voc,train,images/voc_c6ba677bc7130c696a08.jpg
voc_c6c49bea93e982dea94e.jpg,voc,train,images/voc_c6c49bea93e982dea94e.jpg
voc_c799f5a56a1e4a1b1b2f.jpg,voc,train,images/voc_c799f5a56a1e4a1b1b2f.jpg
voc_c7a6f6aa309a40905518.jpg,voc,train,images/voc_c7a6f6aa309a40905518.jpg
voc_c8cb7a728d1671df7826.jpg,voc,train,images/voc_c8cb7a728d1671df7826.jpg
voc_c94095ea95272e58bdc0.jpg,voc,train,images/voc_c94095ea95272e58bdc0.jpg
voc_c95d5b6afa4c6757842c.jpg,voc,train,images/voc_c95d5b6afa4c6757842c.jpg
voc_c97157eafcb5e6e807b4.jpg,voc,train,images/voc_c97157eafcb5e6e807b4.jpg
voc_c995bf546fe08a065e0c.jpg,voc,train,images/voc_c995bf546fe08a065e0c.jpg
voc_c99bdbc192f5c3d77d3e.jpg,voc,train,images/voc_c99bdbc192f5c3d77d3e.jpg
voc_ca507a59bda0e4f04fed.jpg,voc,train,images/voc_ca507a59bda0e4f04fed.jpg
voc_cb7446363bdaaf98b8d2.jpg,voc,train,images/voc_cb7446363bdaaf98b8d2.jpg
voc_cb7e2cf39d09d07ede62.jpg,voc,train,images/voc_cb7e2cf39d09d07ede62.jpg
voc_cbaf74aed2f9a88a7511.jpg,voc,train,images/voc_cbaf74aed2f9a88a7511.jpg
voc_cbebc9f7aff3dab6e7ea.jpg,voc,train,images/voc_cbebc9f7aff3dab6e7ea.jpg
voc_cbf4588ce80996250de7.jpg,voc,train,images/voc_cbf4588ce80996250de7.jpg
voc_cbfe50a52611450e2434.jpg,voc,train,images/voc_cbfe50a52611450e2434.jpg
voc_cc3b1451f96458b139f5.jpg,voc,train,images/voc_cc3b1451f96458b139f5.jpg
voc_cc5f0aad106ee156b6f9.jpg,voc,train,images/voc_cc5f0aad106ee156b6f9.jpg
voc_cd147d0b3c385854ba8f.jpg,voc,train,images/voc_cd147d0b3c385854ba8f.jpg
voc_cd15e50df219e163f5cd.jpg,voc,train,images/voc_cd15e50df219e163f5cd.jpg
voc_cdbe99e47f5f9dbc485b.jpg,voc,train,images/voc_cdbe99e47f5f9dbc485b.jpg
voc_cdda8a3303e1297a6029.jpg,voc,train,images/voc_cdda8a3303e1297a6029.jpg
voc_ce3e1a6e68243531c194.jpg,voc,train,images/voc_ce3e1a6e68243531c194.jpg
voc_ce9bbe2df12a1c967079.jpg,voc,train,images/voc_ce9bbe2df12a1c967079.jpg
voc_cee5f9a6e7e749bd2234.jpg,voc,train,images/voc_cee5f9a6e7e749bd2234.jpg
voc_cffc2f6d269c2b8e8e7b.jpg,voc,train,images/voc_cffc2f6d269c2b8e8e7b.jpg
voc_d05f4da6e8dc00fe3d38.jpg,voc,train,images/voc_d05f4da6e8dc00fe3d38.jpg
voc_d0616faacc92519afae6.jpg,voc,train,images/voc_d0616faacc92519afae6.jpg
voc_d07242d62d199d8e29fa.jpg,voc,train,images/voc_d07242d62d199d8e29fa.jpg
voc_d0897ad0e5e6d608120e.jpg,voc,train,images/voc_d0897ad0e5e6d608120e.jpg
voc_d10d441e38d0e8af5c60.jpg,voc,train,images/voc_d10d441e38d0e8af5c60.jpg
voc_d1122de901a4c14e89c0.jpg,voc,train,images/voc_d1122de901a4c14e89c0.jpg
voc_d14f5b288c27bda081f4.jpg,voc,train,images/voc_d14f5b288c27bda081f4.jpg
voc_d1757e944a34a2d1d4e3.jpg,voc,train,images/voc_d1757e944a34a2d1d4e3.jpg
voc_d1eafaccc570718cd3d6.jpg,voc,train,images/voc_d1eafaccc570718cd3d6.jpg
voc_d24ac5c5d93d1a2da1aa.jpg,voc,train,images/voc_d24ac5c5d93d1a2da1aa.jpg
voc_d2b096bd7a02e8badcda.jpg,voc,train,images/voc_d2b096bd7a02e8badcda.jpg
voc_d2d3e9d919a790687a25.jpg,voc,train,images/voc_d2d3e9d919a790687a25.jpg
voc_d327fccd747a2a99999d.jpg,voc,train,images/voc_d327fccd747a2a99999d.jpg
voc_d38f0409c959413a0f33.jpg,voc,train,images/voc_d38f0409c959413a0f33.jpg
voc_d39db2a394b4dc19fffc.jpg,voc,train,images/voc_d39db2a394b4dc19fffc.jpg
voc_d3d2cd773e5784de6a8e.jpg,voc,train,images/voc_d3d2cd773e5784de6a8e.jpg
voc_d410bb444dc995afd5fd.jpg,voc,train,images/voc_d410bb444dc995afd5fd.jpg
voc_d44b31e3800b5067a3f8.jpg,voc,train,images/voc_d44b31e3800b5067a3f8.jpg
voc_d5027155ea194e3e0ae5.jpg,voc,train,images/voc_d5027155ea194e3e0ae5.jpg
voc_d53c1db70e9c1f903fbd.jpg,voc,train,images/voc_d53c1db70e9c1f903fbd.jpg
voc_d597cdd8c2b37de3910e.jpg,voc,train,images/voc_d597cdd8c2b37de3910e.jpg
voc_d6146acc1923b907664e.jpg,voc,train,images/voc_d6146acc1923b907664e.jpg
voc_d6673ee8a382a388a9f3.jpg,voc,train,images/voc_d6673ee8a382a388a9f3.jpg
voc_d6959f4d355aa7a4bd9e.jpg,voc,train,images/voc_d6959f4d355aa7a4bd9e.jpg
voc_d6a74c5a99b56f78f3e2.jpg,voc,train,images/voc_d6a74c5a99b56f78f3e2.jpg
voc_d6bbd763152377083474.jpg,voc,train,images/voc_d6bbd763152377083474.jpg
voc_d6c8830820a9f006dd27.jpg,voc,train,images/voc_d6c8830820a9f006dd27.jpg
voc_d73f406c0597074bf177.jpg,voc,train,images/voc_d73f406c0597074bf177.jpg
voc_d76469c73bf8c5ea16dc.jpg,voc,train,images/voc_d76469c73bf8c5ea16dc.jpg
voc_d7d79e69a0fd34f18b7a.jpg,voc,train,images/voc_d7d79e69a0fd34f18b7a.jpg
voc_d8017694fb760e03b8d6.jpg,voc,train,images/voc_d8017694fb760e03b8d6.jpg
voc_d844b8e6dc85be8539aa.jpg,voc,train,images/voc_d844b8e6dc85be8539aa.jpg
voc_d86416e8d3fd2cb2b79b.jpg,voc,train,images/voc_d86416e8d3fd2cb2b79b.jpg
voc_d87cf4f126f547c7bf4a.jpg,voc,train,images/voc_d87cf4f126f547c7bf4a.jpg
voc_d91173d31766a7a65906.jpg,voc,train,images/voc_d91173d31766a7a65906.jpg
voc_d9354bd9db2bb86dfd4c.jpg,voc,train,images/voc_d9354bd9db2bb86dfd4c.jpg
voc_da59d2cd25302615bfef.jpg,voc,train,images/voc_da59d2cd25302615bfef.jpg
voc_da67c690f32bcc2a16f5.jpg,voc,train,images/voc_da67c690f32bcc2a16f5.jpg
voc_da691a7da596b8e1178f.jpg,voc,train,images/voc_da691a7da596b8e1178f.jpg
voc_daf9958b16c88ce33133.jpg,voc,train,images/voc_daf9958b16c88ce33133.jpg
voc_dbe14744cb8c56ec40c3.jpg,voc,train,images/voc_dbe14744cb8c56ec40c3.jpg
voc_dc66190a2ae792cced39.jpg,voc,train,images/voc_dc66190a2ae792cced39.jpg
voc_dc68364f4482ed258782.jpg,voc,train,images/voc_dc68364f4482ed258782.jpg
voc_dd01bea14f4235d55220.jpg,voc,train,images/voc_dd01bea14f4235d55220.jpg
voc_dd2604ee377707004f94.jpg,voc,train,images/voc_dd2604ee377707004f94.jpg
voc_dd4e921b4635ed49339f.jpg,voc,train,images/voc_dd4e921b4635ed49339f.jpg
voc_de1315c1056b93009dd2.jpg,voc,train,images/voc_de1315c1056b93009dd2.jpg
voc_de39879a6432fc5b5bc8.jpg,voc,train,images/voc_de39879a6432fc5b5bc8.jpg
voc_de8b787971ebc746e461.jpg,voc,train,images/voc_de8b787971ebc746e461.jpg
voc_df127019a74726899c0a.jpg,voc,train,images/voc_df127019a74726899c0a.jpg
voc_dfdbf7c26c997b50e897.jpg,voc,train,images/voc_dfdbf7c26c997b50e897.jpg
voc_e003cdd95f16b305a918.jpg,voc,train,images/voc_e003cdd95f16b305a918.jpg
voc_e045eb04599e2002bc17.jpg,voc,train,images/voc_e045eb04599e2002bc17.jpg
voc_e04b723921a21423c6f6.jpg,voc,train,images/voc_e04b723921a21423c6f6.jpg
voc_e0675fc696a9465ef876.jpg,voc,train,images/voc_e0675fc696a9465ef876.jpg
voc_e0c6a2450b91f2a3f9bf.jpg,voc,train,images/voc_e0c6a2450b91f2a3f9bf.jpg
voc_e10d2572e5361bb55232.jpg,voc,train,images/voc_e10d2572e5361bb55232.jpg
voc_e146c59a29d97e2f6dc1.jpg,voc,train,images/voc_e146c59a29d97e2f6dc1.jpg
voc_e18970e0a79aeb231dda.jpg,voc,train,images/voc_e18970e0a79aeb231dda.jpg
voc_e1925cfc23eb264ee183.jpg,voc,train,images/voc_e1925cfc23eb264ee183.jpg
voc_e237eff4633caecec23b.jpg,voc,train,images/voc_e237eff4633caecec23b.jpg
voc_e2477c447f32b3685688.jpg,voc,train,images/voc_e2477c447f32b3685688.jpg
voc_e2aa8434ea2d9bd77e8a.jpg,voc,train,images/voc_e2aa8434ea2d9bd77e8a.jpg
voc_e3ab15efd5fe507423a7.jpg,voc,train,images/voc_e3ab15efd5fe507423a7.jpg
voc_e3c09d8c76d1399ca908.jpg,voc,train,images/voc_e3c09d8c76d1399ca908.jpg
voc_e3f50460cda5be847ed7.jpg,voc,train,images/voc_e3f50460cda5be847ed7.jpg
voc_e455e7bb48f42b734257.jpg,voc,train,images/voc_e455e7bb48f42b734257.jpg
voc_e4959d5dbd43ed521354.jpg,voc,train,images/voc_e4959d5dbd43ed521354.jpg
voc_e4fecae7bcdb22323e98.jpg,voc,train,images/voc_e4fecae7bcdb22323e98.jpg
voc_e5310459e12b1301e5e4.jpg,voc,train,images/voc_e5310459e12b1301e5e4.jpg
voc_e58a92eb2cb0120ffe35.jpg,voc,train,images/voc_e58a92eb2cb0120ffe35.jpg
voc_e58cc691f8d27d757ff3.jpg,voc,train,images/voc_e58cc691f8d27d757ff3.jpg
voc_e5a044a23ad5af742a92.jpg,voc,train,images/voc_e5a044a23ad5af742a92.jpg
voc_e67a3065fe5e4d737d11.jpg,voc,train,images/voc_e67a3065fe5e4d737d11.jpg
voc_e6dfa2f9a4f12b2f12e1.jpg,voc,train,images/voc_e6dfa2f9a4f12b2f12e1.jpg
voc_e6e46bbf8b97f7851213.jpg,voc,train,images/voc_e6e46bbf8b97f7851213.jpg
voc_e6ea95a5d962844e4e47.jpg,voc,train,images/voc_e6ea95a5d962844e4e47.jpg
voc_e827137d46a14695158d.jpg,voc,train,images/voc_e827137d46a14695158d.jpg
voc_e84cea2fdbc237c2ff36.jpg,voc,train,images/voc_e84cea2fdbc237c2ff36.jpg
voc_e8551b71eac190ef99f8.jpg,voc,train,images/voc_e8551b71eac190ef99f8.jpg
voc_e8a18acca2f77b7da9c4.jpg,voc,train,images/voc_e8a18acca2f77b7da9c4.jpg
voc_e90292bc70d4715ee0a4.jpg,voc,train,images/voc_e90292bc70d4715ee0a4.jpg
voc_e9ebd239dfc71cf8ac07.jpg,voc,train,images/voc_e9ebd239dfc71cf8ac07.jpg
voc_ea552c467877bb40a128.jpg,voc,train,images/voc_ea552c467877bb40a128.jpg
voc_ec08e7b11c4bd0b99686.jpg,voc,train,images/voc_ec08e7b11c4bd0b99686.jpg
voc_ec5bbb63c10bce0fcdea.jpg,voc,train,images/voc_ec5bbb63c10bce0fcdea.jpg
voc_ec6ed2f8fd2218f1d242.jpg,voc,train,images/voc_ec6ed2f8fd2218f1d242.jpg
voc_ec7183eeed8ca67a0c77.jpg,voc,train,images/voc_ec7183eeed8ca67a0c77.jpg
voc_ed167755f6736ee01e34.jpg,voc,train,images/voc_ed167755f6736ee01e34.jpg
voc_edcc45a0b350adcfa3b3.jpg,voc,train,images/voc_edcc45a0b350adcfa3b3.jpg
voc_ede08f6ab02a559a1a67.jpg,voc,train,images/voc_ede08f6ab02a559a1a67.jpg
voc_ee761166ca2eeae20b83.jpg,voc,train,images/voc_ee761166ca2eeae20b83.jpg
voc_ef80d21f47b81413da9e.jpg,voc,train,images/voc_ef80d21f47b81413da9e.jpg
voc_ef8d35d189a34fbda456.jpg,voc,train,images/voc_ef8d35d189a34fbda456.jpg
voc_efc64dba1056141cae26.jpg,voc,train,images/voc_efc64dba1056141cae26.jpg
voc_f0465e3cf434c87f7f14.jpg,voc,train,images/voc_f0465e3cf434c87f7f14.jpg
voc_f0c94fd4c9e723d54f07.jpg,voc,train,images/voc_f0c94fd4c9e723d54f07.jpg
voc_f0ed818f95d5f9b01afe.jpg,voc,train,images/voc_f0ed818f95d5f9b01afe.jpg
voc_f16266703d6af54211bf.jpg,voc,train,images/voc_f16266703d6af54211bf.jpg
voc_f1977270f5ef467c9aa1.jpg,voc,train,images/voc_f1977270f5ef467c9aa1.jpg
voc_f19953fef23f6a00cbfd.jpg,voc,train,images/voc_f19953fef23f6a00cbfd.jpg
voc_f204be28afe100e7af74.jpg,voc,train,images/voc_f204be28afe100e7af74.jpg
voc_f217dd80cdeaccfb81ac.jpg,voc,train,images/voc_f217dd80cdeaccfb81ac.jpg
voc_f22c87c66cc43f211f0e.jpg,voc,train,images/voc_f22c87c66cc43f211f0e.jpg
voc_f257bab94fd84f7917ba.jpg,voc,train,images/voc_f257bab94fd84f7917ba.jpg
voc_f348b8ae6a7c361e5e11.jpg,voc,train,images/voc_f348b8ae6a7c361e5e11.jpg
voc_f37e8d2a00814983cf8d.jpg,voc,train,images/voc_f37e8d2a00814983cf8d.jpg
voc_f47cb2b93976a253997e.jpg,voc,train,images/voc_f47cb2b93976a253997e.jpg
voc_f4f728e3624c6dc7b734.jpg,voc,train,images/voc_f4f728e3624c6dc7b734.jpg
voc_f5ce5b3ae1dd6f6e4962.jpg,voc,train,images/voc_f5ce5b3ae1dd6f6e4962.jpg
voc_f6267a289bd42fedff5c.jpg,voc,train,images/voc_f6267a289bd42fedff5c.jpg
voc_f6273f7c8919257cf655.jpg,voc,train,images/voc_f6273f7c8919257cf655.jpg
voc_f64bbf4217a81778c314.jpg,voc,train,images/voc_f64bbf4217a81778c314.jpg
voc_f7ba27d9d59529bfa0d4.jpg,voc,train,images/voc_f7ba27d9d59529bfa0d4.jpg
voc_f7c4445c351fbe005b5b.jpg,voc,train,images/voc_f7c4445c351fbe005b5b.jpg
voc_f7c9845a959bcefa5ca5.jpg,voc,train,images/voc_f7c9845a959bcefa5ca5.jpg
voc_f7e56c07ac1691dec6f2.jpg,voc,train,images/voc_f7e56c07ac1691dec6f2.jpg
voc_f86ba3527e656d2db908.jpg,voc,train,images/voc_f86ba3527e656d2db908.jpg
voc_f8cf094ff3917afa1072.jpg,voc,train,images/voc_f8cf094ff3917afa1072.jpg
voc_f8eb9678800907521d32.jpg,voc,train,images/voc_f8eb9678800907521d32.jpg
voc_f93612439ab485643781.jpg,voc,train,images/voc_f93612439ab485643781.jpg
voc_f95736ce389ba83e3733.jpg,voc,train,images/voc_f95736ce389ba83e3733.jpg
voc_faef4ed3b71600ab308b.jpg,voc,train,images/voc_faef4ed3b71600ab308b.jpg
voc_fb353bc928c4a36de1e8.jpg,voc,train,images/voc_fb353bc928c4a36de1e8.jpg
voc_fbb4839186488567d089.jpg,voc,train,images/voc_fbb4839186488567d089.jpg
voc_fc40c5a9060c2b20be17.jpg,voc,train,images/voc_fc40c5a9060c2b20be17.jpg
voc_fc476115b1a0f102d693.jpg,voc,train,images/voc_fc476115b1a0f102d693.jpg
voc_fc6499088ecb1b9fa2e3.jpg,voc,train,images/voc_fc6499088ecb1b9fa2e3.jpg
voc_fd11a0942831d777d9cb.jpg,voc,train,images/voc_fd11a0942831d777d9cb.jpg
voc_fd2a539acd043521d71f.jpg,voc,train,images/voc_fd2a539acd043521d71f.jpg
voc_fd2c0a7971119d2c8ae6.jpg,voc,train,images/voc_fd2c0a7971119d2c8ae6.jpg
voc_fd6599e082c561d67b4c.jpg,voc,train,images/voc_fd6599e082c561d67b4c.jpg
voc_fdbf04a0bc62935bafa6.jpg,voc,train,images/voc_fdbf04a0bc62935bafa6.jpg
voc_fde97596884c6e6715a5.jpg,voc,train,images/voc_fde97596884c6e6715a5.jpg
voc_fe12bc8fd68f4f8865de.jpg,voc,train,images/voc_fe12bc8fd68f4f8865de.jpg
voc_fe1ac4f439fc1f8c07b7.jpg,voc,train,images/voc_fe1ac4f439fc1f8c07b7.jpg
voc_fe86b6517f5fba164e71.jpg,voc,train,images/voc_fe86b6517f5fba164e71.jpg
voc_ff214e65828b282b73a3.jpg,voc,train,images/voc_ff214e65828b282b73a3.jpg
voc_ffb2177b976ffefc32f9.jpg,voc,train,images/voc_ffb2177b976ffefc32f9.jpg
voc_ffd1ec47e36fff2b0224.jpg,voc,train,images/voc_ffd1ec47e36fff2b0224.jpg
voc_ffe8c9f36b25682d98a2.jpg,voc,train,images/voc_ffe8c9f36b25682d98a2.jpg
coco2017_01099b0bc7333a23395e.jpg,coco2017,val,images/coco2017_01099b0bc7333a23395e.jpg
coco2017_0123a80d2fd8ea6a8cee.jpg,coco2017,val,images/coco2017_0123a80d2fd8ea6a8cee.jpg
coco2017_01488998394aa21e5794.jpg,coco2017,val,images/coco2017_01488998394aa21e5794.jpg
coco2017_02ab47db2e10e0c2e511.jpg,coco2017,val,images/coco2017_02ab47db2e10e0c2e511.jpg
coco2017_0581fdd44bcbdd807194.jpg,coco2017,val,images/coco2017_0581fdd44bcbdd807194.jpg
coco2017_0b3e33171291e30258ea.jpg,coco2017,val,images/coco2017_0b3e33171291e30258ea.jpg
coco2017_138d9942dc3787e7b20d.jpg,coco2017,val,images/coco2017_138d9942dc3787e7b20d.jpg
coco2017_13bbacc71204c9465a88.jpg,coco2017,val,images/coco2017_13bbacc71204c9465a88.jpg
coco2017_1425ef95ea39bc4eeb8d.jpg,coco2017,val,images/coco2017_1425ef95ea39bc4eeb8d.jpg
coco2017_15aee19d8586acdff722.jpg,coco2017,val,images/coco2017_15aee19d8586acdff722.jpg
coco2017_1a07b73a5d4874c222b2.jpg,coco2017,val,images/coco2017_1a07b73a5d4874c222b2.jpg
coco2017_1b0c38c1d96e89b9fae2.jpg,coco2017,val,images/coco2017_1b0c38c1d96e89b9fae2.jpg
coco2017_1d525f9afcc683bbe621.jpg,coco2017,val,images/coco2017_1d525f9afcc683bbe621.jpg
coco2017_1e441fcf185a60f8611d.jpg,coco2017,val,images/coco2017_1e441fcf185a60f8611d.jpg
coco2017_1ffeebf3b1f38e5301df.jpg,coco2017,val,images/coco2017_1ffeebf3b1f38e5301df.jpg
coco2017_2111fb55e65ea5030cac.jpg,coco2017,val,images/coco2017_2111fb55e65ea5030cac.jpg
coco2017_21654214929d99052708.jpg,coco2017,val,images/coco2017_21654214929d99052708.jpg
coco2017_217dee53c55f99881542.jpg,coco2017,val,images/coco2017_217dee53c55f99881542.jpg
coco2017_23e255f14d6339184b74.jpg,coco2017,val,images/coco2017_23e255f14d6339184b74.jpg
coco2017_257b30c2230abd60ca8b.jpg,coco2017,val,images/coco2017_257b30c2230abd60ca8b.jpg
coco2017_27476f632aaa843bcde0.jpg,coco2017,val,images/coco2017_27476f632aaa843bcde0.jpg
coco2017_275afdf036e26a164546.jpg,coco2017,val,images/coco2017_275afdf036e26a164546.jpg
coco2017_277fde70ffea65f28f26.jpg,coco2017,val,images/coco2017_277fde70ffea65f28f26.jpg
coco2017_278d39f2eae3452999de.jpg,coco2017,val,images/coco2017_278d39f2eae3452999de.jpg
coco2017_2b84ed1fcb77dc02716a.jpg,coco2017,val,images/coco2017_2b84ed1fcb77dc02716a.jpg
coco2017_2e42ca593671fe0d7d3b.jpg,coco2017,val,images/coco2017_2e42ca593671fe0d7d3b.jpg
coco2017_32346a8ab5ed408e8837.jpg,coco2017,val,images/coco2017_32346a8ab5ed408e8837.jpg
coco2017_3292ee7ac6458d374fd5.jpg,coco2017,val,images/coco2017_3292ee7ac6458d374fd5.jpg
coco2017_373af2b707a3678d6547.jpg,coco2017,val,images/coco2017_373af2b707a3678d6547.jpg
coco2017_38a43a6acbe4c0117c7a.jpg,coco2017,val,images/coco2017_38a43a6acbe4c0117c7a.jpg
coco2017_3d0d7cbd0ada36f9e6c9.jpg,coco2017,val,images/coco2017_3d0d7cbd0ada36f9e6c9.jpg
coco2017_451058d48bf59f90559e.jpg,coco2017,val,images/coco2017_451058d48bf59f90559e.jpg
coco2017_4757cb40119fba113cce.jpg,coco2017,val,images/coco2017_4757cb40119fba113cce.jpg
coco2017_494ff2f17a6034f7bb28.jpg,coco2017,val,images/coco2017_494ff2f17a6034f7bb28.jpg
coco2017_5038322dc25b56999957.jpg,coco2017,val,images/coco2017_5038322dc25b56999957.jpg
coco2017_53bab8c67df98d152ff9.jpg,coco2017,val,images/coco2017_53bab8c67df98d152ff9.jpg
coco2017_58534eb0b7315c31e027.jpg,coco2017,val,images/coco2017_58534eb0b7315c31e027.jpg
coco2017_591f24042bd489496d61.jpg,coco2017,val,images/coco2017_591f24042bd489496d61.jpg
coco2017_59862d45e401bddf133c.jpg,coco2017,val,images/coco2017_59862d45e401bddf133c.jpg
coco2017_6053b8f6d3aa1170011e.jpg,coco2017,val,images/coco2017_6053b8f6d3aa1170011e.jpg
coco2017_6349756a7ad3670074d7.jpg,coco2017,val,images/coco2017_6349756a7ad3670074d7.jpg
coco2017_63e0d1371b0f38c08f29.jpg,coco2017,val,images/coco2017_63e0d1371b0f38c08f29.jpg
coco2017_684c2960a79bd6a21914.jpg,coco2017,val,images/coco2017_684c2960a79bd6a21914.jpg
coco2017_69250b903fc68605db85.jpg,coco2017,val,images/coco2017_69250b903fc68605db85.jpg
coco2017_69b172da145d7f4fe907.jpg,coco2017,val,images/coco2017_69b172da145d7f4fe907.jpg
coco2017_6a72b416a343467ca309.jpg,coco2017,val,images/coco2017_6a72b416a343467ca309.jpg
coco2017_6f780b4202f5ee6508f5.jpg,coco2017,val,images/coco2017_6f780b4202f5ee6508f5.jpg
coco2017_718c0dbcc9f73ae8e11a.jpg,coco2017,val,images/coco2017_718c0dbcc9f73ae8e11a.jpg
coco2017_74e571274ba446cd36de.jpg,coco2017,val,images/coco2017_74e571274ba446cd36de.jpg
coco2017_75e38c1aca3bdf3be185.jpg,coco2017,val,images/coco2017_75e38c1aca3bdf3be185.jpg
coco2017_78387ce95d7592a8301e.jpg,coco2017,val,images/coco2017_78387ce95d7592a8301e.jpg
coco2017_7d320d5bfaba97eee37b.jpg,coco2017,val,images/coco2017_7d320d5bfaba97eee37b.jpg
coco2017_7fba8d72adcf835ac0a4.jpg,coco2017,val,images/coco2017_7fba8d72adcf835ac0a4.jpg
coco2017_8008d0894bf462e3816c.jpg,coco2017,val,images/coco2017_8008d0894bf462e3816c.jpg
coco2017_8240577ced75299e16c8.jpg,coco2017,val,images/coco2017_8240577ced75299e16c8.jpg
coco2017_855f9d0e167e6255829a.jpg,coco2017,val,images/coco2017_855f9d0e167e6255829a.jpg
coco2017_8571b6abfaf72de49a6f.jpg,coco2017,val,images/coco2017_8571b6abfaf72de49a6f.jpg
coco2017_943faa380ff8fed3a997.jpg,coco2017,val,images/coco2017_943faa380ff8fed3a997.jpg
coco2017_9b8c437e1641e8990db4.jpg,coco2017,val,images/coco2017_9b8c437e1641e8990db4.jpg
coco2017_9d8b820be84ffa414c57.jpg,coco2017,val,images/coco2017_9d8b820be84ffa414c57.jpg
coco2017_9da8dbb3f415b0549a2c.jpg,coco2017,val,images/coco2017_9da8dbb3f415b0549a2c.jpg
coco2017_a08c9210c0dcb01a6658.jpg,coco2017,val,images/coco2017_a08c9210c0dcb01a6658.jpg
coco2017_a21a8428ecbbcda47cb5.jpg,coco2017,val,images/coco2017_a21a8428ecbbcda47cb5.jpg
coco2017_a39df66a0b2bb65d52c0.jpg,coco2017,val,images/coco2017_a39df66a0b2bb65d52c0.jpg
coco2017_a4e7667f6482e7773310.jpg,coco2017,val,images/coco2017_a4e7667f6482e7773310.jpg
coco2017_a942dfffa1adc65ef416.jpg,coco2017,val,images/coco2017_a942dfffa1adc65ef416.jpg
coco2017_ac5429f656d7851a4528.jpg,coco2017,val,images/coco2017_ac5429f656d7851a4528.jpg
coco2017_aef6bdb3e1fa33c2a59a.jpg,coco2017,val,images/coco2017_aef6bdb3e1fa33c2a59a.jpg
coco2017_b34e7b4bba84d79ef1de.jpg,coco2017,val,images/coco2017_b34e7b4bba84d79ef1de.jpg
coco2017_b37a990d615acc260971.jpg,coco2017,val,images/coco2017_b37a990d615acc260971.jpg
coco2017_b3c9d5377073b93e053c.jpg,coco2017,val,images/coco2017_b3c9d5377073b93e053c.jpg
coco2017_b7612f46fe41956714a1.jpg,coco2017,val,images/coco2017_b7612f46fe41956714a1.jpg
coco2017_b854ed090543272ca66a.jpg,coco2017,val,images/coco2017_b854ed090543272ca66a.jpg
coco2017_bcc3990375ae7160933e.jpg,coco2017,val,images/coco2017_bcc3990375ae7160933e.jpg
coco2017_bd26fea789bdcf66b22b.jpg,coco2017,val,images/coco2017_bd26fea789bdcf66b22b.jpg
coco2017_bd3e1eece293e508999a.jpg,coco2017,val,images/coco2017_bd3e1eece293e508999a.jpg
coco2017_beb7db1d60863df65634.jpg,coco2017,val,images/coco2017_beb7db1d60863df65634.jpg
coco2017_c460f9e5d57886c70212.jpg,coco2017,val,images/coco2017_c460f9e5d57886c70212.jpg
coco2017_c6d8454359d99fc40bae.jpg,coco2017,val,images/coco2017_c6d8454359d99fc40bae.jpg
coco2017_c6ee10153e9e08e5f8bd.jpg,coco2017,val,images/coco2017_c6ee10153e9e08e5f8bd.jpg
coco2017_ca29f6b68e1d69235655.jpg,coco2017,val,images/coco2017_ca29f6b68e1d69235655.jpg
coco2017_ca8ffc797fc2930b4f0f.jpg,coco2017,val,images/coco2017_ca8ffc797fc2930b4f0f.jpg
coco2017_d2324901f56d0f2d063c.jpg,coco2017,val,images/coco2017_d2324901f56d0f2d063c.jpg
coco2017_d417511a70bea85a8b06.jpg,coco2017,val,images/coco2017_d417511a70bea85a8b06.jpg
coco2017_d5691cc049de87acece5.jpg,coco2017,val,images/coco2017_d5691cc049de87acece5.jpg
coco2017_d86963c130c964fc4cac.jpg,coco2017,val,images/coco2017_d86963c130c964fc4cac.jpg
coco2017_d974b1eaebf251dd1be9.jpg,coco2017,val,images/coco2017_d974b1eaebf251dd1be9.jpg
coco2017_d9f12f79cb907e6183d0.jpg,coco2017,val,images/coco2017_d9f12f79cb907e6183d0.jpg
coco2017_dbd5e3befd51ebb40f2f.jpg,coco2017,val,images/coco2017_dbd5e3befd51ebb40f2f.jpg
coco2017_de4a706ddc50dff29f04.jpg,coco2017,val,images/coco2017_de4a706ddc50dff29f04.jpg
coco2017_e07f718c4e5a6f34da78.jpg,coco2017,val,images/coco2017_e07f718c4e5a6f34da78.jpg
coco2017_e7941eeba5d1d7c008c1.jpg,coco2017,val,images/coco2017_e7941eeba5d1d7c008c1.jpg
coco2017_e98ea630bdc7bb964d9f.jpg,coco2017,val,images/coco2017_e98ea630bdc7bb964d9f.jpg
coco2017_ec187d48b3a70547040a.jpg,coco2017,val,images/coco2017_ec187d48b3a70547040a.jpg
coco2017_efcf15f3e9e718a627cd.jpg,coco2017,val,images/coco2017_efcf15f3e9e718a627cd.jpg
coco2017_f2a645af3118763ed01a.jpg,coco2017,val,images/coco2017_f2a645af3118763ed01a.jpg
coco2017_f2cc53348bab4d4818f7.jpg,coco2017,val,images/coco2017_f2cc53348bab4d4818f7.jpg
coco2017_f66c7414312d00ff0301.jpg,coco2017,val,images/coco2017_f66c7414312d00ff0301.jpg
coco2017_f94ec1207f77bbadb8e2.jpg,coco2017,val,images/coco2017_f94ec1207f77bbadb8e2.jpg
coco2017_ffc95b0ccdf13e82a451.jpg,coco2017,val,images/coco2017_ffc95b0ccdf13e82a451.jpg
lvis_00422d675078f0f2938f.jpg,lvis,val,images/lvis_00422d675078f0f2938f.jpg
lvis_0308df8e21ab1fb30e2c.jpg,lvis,val,images/lvis_0308df8e21ab1fb30e2c.jpg
lvis_04534a5b5c1947336a0d.jpg,lvis,val,images/lvis_04534a5b5c1947336a0d.jpg
lvis_052891269d7945d3e1e6.jpg,lvis,val,images/lvis_052891269d7945d3e1e6.jpg
lvis_067d70c062271785749b.jpg,lvis,val,images/lvis_067d70c062271785749b.jpg
lvis_07195f454301c60a1c2e.jpg,lvis,val,images/lvis_07195f454301c60a1c2e.jpg
lvis_07a7106631157426ffdf.jpg,lvis,val,images/lvis_07a7106631157426ffdf.jpg
lvis_09bfb958119e68832744.jpg,lvis,val,images/lvis_09bfb958119e68832744.jpg
lvis_09d55ae50e248da996b7.jpg,lvis,val,images/lvis_09d55ae50e248da996b7.jpg
lvis_0a777b185a5373c5e75f.jpg,lvis,val,images/lvis_0a777b185a5373c5e75f.jpg
lvis_0bfaa0fb0c718d4f261e.jpg,lvis,val,images/lvis_0bfaa0fb0c718d4f261e.jpg
lvis_0ef34391c2da18da58d7.jpg,lvis,val,images/lvis_0ef34391c2da18da58d7.jpg
lvis_10f60cad1e296e6e8dff.jpg,lvis,val,images/lvis_10f60cad1e296e6e8dff.jpg
lvis_13e617575120b378f687.jpg,lvis,val,images/lvis_13e617575120b378f687.jpg
lvis_143d3c794270d8ef964e.jpg,lvis,val,images/lvis_143d3c794270d8ef964e.jpg
lvis_19335b53e63bf41180aa.jpg,lvis,val,images/lvis_19335b53e63bf41180aa.jpg
lvis_19a8343a9aa50341d8d1.jpg,lvis,val,images/lvis_19a8343a9aa50341d8d1.jpg
lvis_22587932f0298b44bfe6.jpg,lvis,val,images/lvis_22587932f0298b44bfe6.jpg
lvis_24ee267e23338e8a8c3e.jpg,lvis,val,images/lvis_24ee267e23338e8a8c3e.jpg
lvis_29438ee5b9c87a1070ba.jpg,lvis,val,images/lvis_29438ee5b9c87a1070ba.jpg
lvis_332ae5aa26e362b5a76c.jpg,lvis,val,images/lvis_332ae5aa26e362b5a76c.jpg
lvis_3553fdbdb4ea1989c1d8.jpg,lvis,val,images/lvis_3553fdbdb4ea1989c1d8.jpg
lvis_38c23e0edcbd5103f389.jpg,lvis,val,images/lvis_38c23e0edcbd5103f389.jpg
lvis_3def1b87af8bab53e042.jpg,lvis,val,images/lvis_3def1b87af8bab53e042.jpg
lvis_4043cad4ea07fb6a2ec4.jpg,lvis,val,images/lvis_4043cad4ea07fb6a2ec4.jpg
lvis_40bee3e2bc2d638124b7.jpg,lvis,val,images/lvis_40bee3e2bc2d638124b7.jpg
lvis_43978599eae1ee50d331.jpg,lvis,val,images/lvis_43978599eae1ee50d331.jpg
lvis_448584d18ed54f565033.jpg,lvis,val,images/lvis_448584d18ed54f565033.jpg
lvis_472622732a0edbdb3d0a.jpg,lvis,val,images/lvis_472622732a0edbdb3d0a.jpg
lvis_4d2c0fc16fb1283a892b.jpg,lvis,val,images/lvis_4d2c0fc16fb1283a892b.jpg
lvis_4e245246e23b30d30266.jpg,lvis,val,images/lvis_4e245246e23b30d30266.jpg
lvis_4ebda2015516e9d3a328.jpg,lvis,val,images/lvis_4ebda2015516e9d3a328.jpg
lvis_55ead35ffe215e4bc9a3.jpg,lvis,val,images/lvis_55ead35ffe215e4bc9a3.jpg
lvis_56f808f9d9e446f3c513.jpg,lvis,val,images/lvis_56f808f9d9e446f3c513.jpg
lvis_644e5dfcd7efd2a99f90.jpg,lvis,val,images/lvis_644e5dfcd7efd2a99f90.jpg
lvis_66cf34108cca8b95ce1f.jpg,lvis,val,images/lvis_66cf34108cca8b95ce1f.jpg
lvis_6a013ec1015500511666.jpg,lvis,val,images/lvis_6a013ec1015500511666.jpg
lvis_6a2c044af569490119a3.jpg,lvis,val,images/lvis_6a2c044af569490119a3.jpg
lvis_6ae831fd76d0c23d45f3.jpg,lvis,val,images/lvis_6ae831fd76d0c23d45f3.jpg
lvis_6ec46cdcfd921b0a8584.jpg,lvis,val,images/lvis_6ec46cdcfd921b0a8584.jpg
lvis_6f839667bf06875e81f8.jpg,lvis,val,images/lvis_6f839667bf06875e81f8.jpg
lvis_71611cdcbff671fb37ac.jpg,lvis,val,images/lvis_71611cdcbff671fb37ac.jpg
lvis_7239798bb1fab4c38e8c.jpg,lvis,val,images/lvis_7239798bb1fab4c38e8c.jpg
lvis_754deffa349a2e7a8e0c.jpg,lvis,val,images/lvis_754deffa349a2e7a8e0c.jpg
lvis_777d2e246b3c038462fb.jpg,lvis,val,images/lvis_777d2e246b3c038462fb.jpg
lvis_79440f68bafac153aa5a.jpg,lvis,val,images/lvis_79440f68bafac153aa5a.jpg
lvis_7ef703e591c6e3f10008.jpg,lvis,val,images/lvis_7ef703e591c6e3f10008.jpg
lvis_831d5fe83ec165c23496.jpg,lvis,val,images/lvis_831d5fe83ec165c23496.jpg
lvis_8629ae5383f34c704859.jpg,lvis,val,images/lvis_8629ae5383f34c704859.jpg
lvis_893ec301360ca74914e0.jpg,lvis,val,images/lvis_893ec301360ca74914e0.jpg
lvis_894e0856abb16638488a.jpg,lvis,val,images/lvis_894e0856abb16638488a.jpg
lvis_8ad1e096aa52231ceadc.jpg,lvis,val,images/lvis_8ad1e096aa52231ceadc.jpg
lvis_8c7085b585aae810e076.jpg,lvis,val,images/lvis_8c7085b585aae810e076.jpg
lvis_8db356295a2a51b3468a.jpg,lvis,val,images/lvis_8db356295a2a51b3468a.jpg
lvis_915de45a4d63621ac96a.jpg,lvis,val,images/lvis_915de45a4d63621ac96a.jpg
lvis_9580e62f6d373b59a9e9.jpg,lvis,val,images/lvis_9580e62f6d373b59a9e9.jpg
lvis_9a1d215c4b623a2a1e7c.jpg,lvis,val,images/lvis_9a1d215c4b623a2a1e7c.jpg
lvis_9e349c5a3f11ff5e9569.jpg,lvis,val,images/lvis_9e349c5a3f11ff5e9569.jpg
lvis_a37de0ed26413afdec96.jpg,lvis,val,images/lvis_a37de0ed26413afdec96.jpg
lvis_a397ec6fd876ef7afa0e.jpg,lvis,val,images/lvis_a397ec6fd876ef7afa0e.jpg
lvis_a743a71bf1eaef4c45db.jpg,lvis,val,images/lvis_a743a71bf1eaef4c45db.jpg
lvis_aa77c545ddb7df79868b.jpg,lvis,val,images/lvis_aa77c545ddb7df79868b.jpg
lvis_ab9c7a09369b381043f9.jpg,lvis,val,images/lvis_ab9c7a09369b381043f9.jpg
lvis_ac5aa291e94a16645779.jpg,lvis,val,images/lvis_ac5aa291e94a16645779.jpg
lvis_b22e167f97c08189d254.jpg,lvis,val,images/lvis_b22e167f97c08189d254.jpg
lvis_b40d3e7ec89f1843c1a2.jpg,lvis,val,images/lvis_b40d3e7ec89f1843c1a2.jpg
lvis_b43b5efc97023d1dc865.jpg,lvis,val,images/lvis_b43b5efc97023d1dc865.jpg
lvis_b5c09a431c27ae4c2f2e.jpg,lvis,val,images/lvis_b5c09a431c27ae4c2f2e.jpg
lvis_b630e004db3537c5746c.jpg,lvis,val,images/lvis_b630e004db3537c5746c.jpg
lvis_b7d443c3ac4cd7188125.jpg,lvis,val,images/lvis_b7d443c3ac4cd7188125.jpg
lvis_bac6e2c6f390703817e9.jpg,lvis,val,images/lvis_bac6e2c6f390703817e9.jpg
lvis_bedb4c38912cd5b13dd0.jpg,lvis,val,images/lvis_bedb4c38912cd5b13dd0.jpg
lvis_bffbbeb2d8352f337926.jpg,lvis,val,images/lvis_bffbbeb2d8352f337926.jpg
lvis_c1ac90ff4df99aace7ba.jpg,lvis,val,images/lvis_c1ac90ff4df99aace7ba.jpg
lvis_c30ccbd929d93e11da68.jpg,lvis,val,images/lvis_c30ccbd929d93e11da68.jpg
lvis_c4598b41ae193a6195b6.jpg,lvis,val,images/lvis_c4598b41ae193a6195b6.jpg
lvis_c523e93db4e127f191d8.jpg,lvis,val,images/lvis_c523e93db4e127f191d8.jpg
lvis_cff77639aaad6900b23c.jpg,lvis,val,images/lvis_cff77639aaad6900b23c.jpg
lvis_d0763bb3a78537dd79f9.jpg,lvis,val,images/lvis_d0763bb3a78537dd79f9.jpg
lvis_d13354c8aecc64aef6e7.jpg,lvis,val,images/lvis_d13354c8aecc64aef6e7.jpg
lvis_d21bf3353a4880f6a552.jpg,lvis,val,images/lvis_d21bf3353a4880f6a552.jpg
lvis_d2cdb8d6568c0958b459.jpg,lvis,val,images/lvis_d2cdb8d6568c0958b459.jpg
lvis_d47ffcd5f73981358365.jpg,lvis,val,images/lvis_d47ffcd5f73981358365.jpg
lvis_da7a4da7b510413b3eea.jpg,lvis,val,images/lvis_da7a4da7b510413b3eea.jpg
lvis_db506b77b42f8e9625b6.jpg,lvis,val,images/lvis_db506b77b42f8e9625b6.jpg
lvis_db654a0420669702fe15.jpg,lvis,val,images/lvis_db654a0420669702fe15.jpg
lvis_ded572e91634d83acb27.jpg,lvis,val,images/lvis_ded572e91634d83acb27.jpg
lvis_e501e16190574df1fcc6.jpg,lvis,val,images/lvis_e501e16190574df1fcc6.jpg
lvis_e704d450bd0473640d0f.jpg,lvis,val,images/lvis_e704d450bd0473640d0f.jpg
lvis_e761664a4c9c9cbdf065.jpg,lvis,val,images/lvis_e761664a4c9c9cbdf065.jpg
lvis_ea5af8d3229c30274c39.jpg,lvis,val,images/lvis_ea5af8d3229c30274c39.jpg
lvis_ee39de74e75d0fbdcc87.jpg,lvis,val,images/lvis_ee39de74e75d0fbdcc87.jpg
lvis_f043f70ac2f3c26a505c.jpg,lvis,val,images/lvis_f043f70ac2f3c26a505c.jpg
lvis_f1489c5c11eb7f479d14.jpg,lvis,val,images/lvis_f1489c5c11eb7f479d14.jpg
lvis_f23873aa1312e2f7dc7f.jpg,lvis,val,images/lvis_f23873aa1312e2f7dc7f.jpg
lvis_f281d014abd88da31186.jpg,lvis,val,images/lvis_f281d014abd88da31186.jpg
lvis_f3de29098faa7040b959.jpg,lvis,val,images/lvis_f3de29098faa7040b959.jpg
lvis_f52a76feddc2e601f680.jpg,lvis,val,images/lvis_f52a76feddc2e601f680.jpg
lvis_f6d124204bb0cdcee1e2.jpg,lvis,val,images/lvis_f6d124204bb0cdcee1e2.jpg
lvis_f9ec219d65d21979ed5d.jpg,lvis,val,images/lvis_f9ec219d65d21979ed5d.jpg
openimages_00da9c80226967a56f66.jpg,openimages,val,images/openimages_00da9c80226967a56f66.jpg
openimages_024b2cf39e80068615da.jpg,openimages,val,images/openimages_024b2cf39e80068615da.jpg
openimages_0509a637db3498c34af2.jpg,openimages,val,images/openimages_0509a637db3498c34af2.jpg
openimages_0b2bb446028230562468.jpg,openimages,val,images/openimages_0b2bb446028230562468.jpg
openimages_104075626b3097a9285b.jpg,openimages,val,images/openimages_104075626b3097a9285b.jpg
openimages_1047297d8ea81f204cb3.jpg,openimages,val,images/openimages_1047297d8ea81f204cb3.jpg
openimages_117ae01a59b4af180194.jpg,openimages,val,images/openimages_117ae01a59b4af180194.jpg
openimages_11cdd9f764d43e77c648.jpg,openimages,val,images/openimages_11cdd9f764d43e77c648.jpg
openimages_133d358a03a7862977a0.jpg,openimages,val,images/openimages_133d358a03a7862977a0.jpg
openimages_13a535532e0e3bc850d4.jpg,openimages,val,images/openimages_13a535532e0e3bc850d4.jpg
openimages_1e333a2a5954e55b82cb.jpg,openimages,val,images/openimages_1e333a2a5954e55b82cb.jpg
openimages_201c4a41c626a0f41cfb.jpg,openimages,val,images/openimages_201c4a41c626a0f41cfb.jpg
openimages_237e3a8c29f684546d39.jpg,openimages,val,images/openimages_237e3a8c29f684546d39.jpg
openimages_2432bdde8a653e62a527.jpg,openimages,val,images/openimages_2432bdde8a653e62a527.jpg
openimages_281b71a8e8cefe09e3bc.jpg,openimages,val,images/openimages_281b71a8e8cefe09e3bc.jpg
openimages_28c69b800bb99902c6f0.jpg,openimages,val,images/openimages_28c69b800bb99902c6f0.jpg
openimages_2958181f5af95aa3f95b.jpg,openimages,val,images/openimages_2958181f5af95aa3f95b.jpg
openimages_2c954d665ed56770099b.jpg,openimages,val,images/openimages_2c954d665ed56770099b.jpg
openimages_337052034587a6b9772d.jpg,openimages,val,images/openimages_337052034587a6b9772d.jpg
openimages_363fa11502c37c691139.jpg,openimages,val,images/openimages_363fa11502c37c691139.jpg
openimages_3832a2491ed9f0692076.jpg,openimages,val,images/openimages_3832a2491ed9f0692076.jpg
openimages_38f5abb04d473d71303a.jpg,openimages,val,images/openimages_38f5abb04d473d71303a.jpg
openimages_39bf2179784832b441f3.jpg,openimages,val,images/openimages_39bf2179784832b441f3.jpg
openimages_3e1ba31691c78cc503c2.jpg,openimages,val,images/openimages_3e1ba31691c78cc503c2.jpg
openimages_40885569d22de3c7f76b.jpg,openimages,val,images/openimages_40885569d22de3c7f76b.jpg
openimages_425efdfac246de0666c5.jpg,openimages,val,images/openimages_425efdfac246de0666c5.jpg
openimages_43da07c6981625dc3dd3.jpg,openimages,val,images/openimages_43da07c6981625dc3dd3.jpg
openimages_442bb6829443506f6181.jpg,openimages,val,images/openimages_442bb6829443506f6181.jpg
openimages_45b6e7296bd4910745e2.jpg,openimages,val,images/openimages_45b6e7296bd4910745e2.jpg
openimages_4d65f1ebadc3de00f78b.jpg,openimages,val,images/openimages_4d65f1ebadc3de00f78b.jpg
openimages_51272b669dd6edc8ccdb.jpg,openimages,val,images/openimages_51272b669dd6edc8ccdb.jpg
openimages_52b2e5f21e1c2a9039f7.jpg,openimages,val,images/openimages_52b2e5f21e1c2a9039f7.jpg
openimages_53840778a0789ea97b13.jpg,openimages,val,images/openimages_53840778a0789ea97b13.jpg
openimages_54507dfddcf3149e822e.jpg,openimages,val,images/openimages_54507dfddcf3149e822e.jpg
openimages_57172dd548a5b7bdd05d.jpg,openimages,val,images/openimages_57172dd548a5b7bdd05d.jpg
openimages_59d47ee545ef93a423d9.jpg,openimages,val,images/openimages_59d47ee545ef93a423d9.jpg
openimages_5ae3eca35669cc94cd81.jpg,openimages,val,images/openimages_5ae3eca35669cc94cd81.jpg
openimages_5b925b73b20833b48dd9.jpg,openimages,val,images/openimages_5b925b73b20833b48dd9.jpg
openimages_5c07b665bd337566675d.jpg,openimages,val,images/openimages_5c07b665bd337566675d.jpg
openimages_5c0c02d7a5f1c95acc6c.jpg,openimages,val,images/openimages_5c0c02d7a5f1c95acc6c.jpg
openimages_5d6ebc9c59529d05391d.jpg,openimages,val,images/openimages_5d6ebc9c59529d05391d.jpg
openimages_66cbe7c68eb4f40d8076.jpg,openimages,val,images/openimages_66cbe7c68eb4f40d8076.jpg
openimages_6746fba476b5c2fd8d7c.jpg,openimages,val,images/openimages_6746fba476b5c2fd8d7c.jpg
openimages_67dc639f4dd026bce23d.jpg,openimages,val,images/openimages_67dc639f4dd026bce23d.jpg
openimages_6ceea8748a32843f11ca.jpg,openimages,val,images/openimages_6ceea8748a32843f11ca.jpg
openimages_6cf8256b937de07764a5.jpg,openimages,val,images/openimages_6cf8256b937de07764a5.jpg
openimages_6fbdb7bebb829d3a6c65.jpg,openimages,val,images/openimages_6fbdb7bebb829d3a6c65.jpg
openimages_71ff779ec9fd11a33c29.jpg,openimages,val,images/openimages_71ff779ec9fd11a33c29.jpg
openimages_77eaceb715a8f50728a3.jpg,openimages,val,images/openimages_77eaceb715a8f50728a3.jpg
openimages_78ffadd2a143aa009565.jpg,openimages,val,images/openimages_78ffadd2a143aa009565.jpg
openimages_79d0bf48d89649d702ab.jpg,openimages,val,images/openimages_79d0bf48d89649d702ab.jpg
openimages_7da36d582bba91d3e510.jpg,openimages,val,images/openimages_7da36d582bba91d3e510.jpg
openimages_80a0c92995e85e53f0f1.jpg,openimages,val,images/openimages_80a0c92995e85e53f0f1.jpg
openimages_80ea468e116fb7f80a3f.jpg,openimages,val,images/openimages_80ea468e116fb7f80a3f.jpg
openimages_8389a1eb5252705bbe78.jpg,openimages,val,images/openimages_8389a1eb5252705bbe78.jpg
openimages_847f70fc1994ad82d1df.jpg,openimages,val,images/openimages_847f70fc1994ad82d1df.jpg
openimages_849993ee206e2de27ac1.jpg,openimages,val,images/openimages_849993ee206e2de27ac1.jpg
openimages_858c601eb34410d3dbfe.jpg,openimages,val,images/openimages_858c601eb34410d3dbfe.jpg
openimages_884b1c76a1c151bc6853.jpg,openimages,val,images/openimages_884b1c76a1c151bc6853.jpg
openimages_897f13d842ad94024832.jpg,openimages,val,images/openimages_897f13d842ad94024832.jpg
openimages_8abc8164ce5e74a3bd43.jpg,openimages,val,images/openimages_8abc8164ce5e74a3bd43.jpg
openimages_8bed8ecb5a59b3a78c73.jpg,openimages,val,images/openimages_8bed8ecb5a59b3a78c73.jpg
openimages_8cc7b236c87ee0e103e9.jpg,openimages,val,images/openimages_8cc7b236c87ee0e103e9.jpg
openimages_8ce957d24d4260cfac4b.jpg,openimages,val,images/openimages_8ce957d24d4260cfac4b.jpg
openimages_932aa2fe890aac4d85e6.jpg,openimages,val,images/openimages_932aa2fe890aac4d85e6.jpg
openimages_9b08e49b027b7aa2335a.jpg,openimages,val,images/openimages_9b08e49b027b7aa2335a.jpg
openimages_9cc223bb243473586444.jpg,openimages,val,images/openimages_9cc223bb243473586444.jpg
openimages_9d15716d3c3e0d4c76ce.jpg,openimages,val,images/openimages_9d15716d3c3e0d4c76ce.jpg
openimages_9fb6674619011ccb627e.jpg,openimages,val,images/openimages_9fb6674619011ccb627e.jpg
openimages_a2a71b798a0d64ae98d3.jpg,openimages,val,images/openimages_a2a71b798a0d64ae98d3.jpg
openimages_a2c7b0034510fc7c69d9.jpg,openimages,val,images/openimages_a2c7b0034510fc7c69d9.jpg
openimages_b281750af3e4466b0ef1.jpg,openimages,val,images/openimages_b281750af3e4466b0ef1.jpg
openimages_bd95df5e5e46f5d26f64.jpg,openimages,val,images/openimages_bd95df5e5e46f5d26f64.jpg
openimages_c04f9e9a51ce7d486955.jpg,openimages,val,images/openimages_c04f9e9a51ce7d486955.jpg
openimages_c1b701630eda83586802.jpg,openimages,val,images/openimages_c1b701630eda83586802.jpg
openimages_c27ad4a74ed2c146ae64.jpg,openimages,val,images/openimages_c27ad4a74ed2c146ae64.jpg
openimages_c5efe50034c07143c1c0.jpg,openimages,val,images/openimages_c5efe50034c07143c1c0.jpg
openimages_c75b1d99e0f5691226b5.jpg,openimages,val,images/openimages_c75b1d99e0f5691226b5.jpg
openimages_ca1c20ece48ad9ccb3bb.jpg,openimages,val,images/openimages_ca1c20ece48ad9ccb3bb.jpg
openimages_cf62b74ae3244ae691d9.jpg,openimages,val,images/openimages_cf62b74ae3244ae691d9.jpg
openimages_d1a7b4db2f28c419ffb8.jpg,openimages,val,images/openimages_d1a7b4db2f28c419ffb8.jpg
openimages_d420471c17176027b700.jpg,openimages,val,images/openimages_d420471c17176027b700.jpg
openimages_d6fdfa690844fcffe07a.jpg,openimages,val,images/openimages_d6fdfa690844fcffe07a.jpg
openimages_d7be0dc61e353a625007.jpg,openimages,val,images/openimages_d7be0dc61e353a625007.jpg
openimages_da94b1e9fc329996f707.jpg,openimages,val,images/openimages_da94b1e9fc329996f707.jpg
openimages_dc801bfad30cce491a13.jpg,openimages,val,images/openimages_dc801bfad30cce491a13.jpg
openimages_dd01415ef94ee6833e5a.jpg,openimages,val,images/openimages_dd01415ef94ee6833e5a.jpg
openimages_df496540dca3d2d04736.jpg,openimages,val,images/openimages_df496540dca3d2d04736.jpg
openimages_e088300b7bddd714090e.jpg,openimages,val,images/openimages_e088300b7bddd714090e.jpg
openimages_e2bc887dc62cbd1b5b60.jpg,openimages,val,images/openimages_e2bc887dc62cbd1b5b60.jpg
openimages_e4a1681575d611bb558e.jpg,openimages,val,images/openimages_e4a1681575d611bb558e.jpg
openimages_e4b12145007f44746200.jpg,openimages,val,images/openimages_e4b12145007f44746200.jpg
openimages_e75fed10853ca8f5f9e3.jpg,openimages,val,images/openimages_e75fed10853ca8f5f9e3.jpg
openimages_e84f685f8672d86fcf83.jpg,openimages,val,images/openimages_e84f685f8672d86fcf83.jpg
openimages_e99d000619cdc0581fc6.jpg,openimages,val,images/openimages_e99d000619cdc0581fc6.jpg
openimages_ec9c96b226810d850d76.jpg,openimages,val,images/openimages_ec9c96b226810d850d76.jpg
openimages_ed73dcf980d410da84e3.jpg,openimages,val,images/openimages_ed73dcf980d410da84e3.jpg
openimages_f791a88166dfb4f1ec6d.jpg,openimages,val,images/openimages_f791a88166dfb4f1ec6d.jpg
openimages_f7b7cd3f9e0d823fab36.jpg,openimages,val,images/openimages_f7b7cd3f9e0d823fab36.jpg
openimages_f955bd0a3d89892a53e2.jpg,openimages,val,images/openimages_f955bd0a3d89892a53e2.jpg
voc_001d6e3d03f459112113.jpg,voc,val,images/voc_001d6e3d03f459112113.jpg
voc_01710cccf2c66e1d599c.jpg,voc,val,images/voc_01710cccf2c66e1d599c.jpg
voc_04c811e74fb75e49b7a4.jpg,voc,val,images/voc_04c811e74fb75e49b7a4.jpg
voc_083fd122e7c3363a0371.jpg,voc,val,images/voc_083fd122e7c3363a0371.jpg
voc_094183ae9485e55214be.jpg,voc,val,images/voc_094183ae9485e55214be.jpg
voc_0d83f5dc2e6ad656b22e.jpg,voc,val,images/voc_0d83f5dc2e6ad656b22e.jpg
voc_1366c225f2b80dc289e1.jpg,voc,val,images/voc_1366c225f2b80dc289e1.jpg
voc_1390030a5c8585e5beaa.jpg,voc,val,images/voc_1390030a5c8585e5beaa.jpg
voc_13ce6d3756c2010f35bd.jpg,voc,val,images/voc_13ce6d3756c2010f35bd.jpg
voc_15b1c81a29a6c431ad13.jpg,voc,val,images/voc_15b1c81a29a6c431ad13.jpg
voc_1696bd5f33619e7ba78c.jpg,voc,val,images/voc_1696bd5f33619e7ba78c.jpg
voc_16f9dc18886397506c23.jpg,voc,val,images/voc_16f9dc18886397506c23.jpg
voc_198399cf9a5f22520533.jpg,voc,val,images/voc_198399cf9a5f22520533.jpg
voc_1b145db1f5c14762b966.jpg,voc,val,images/voc_1b145db1f5c14762b966.jpg
voc_1b50add60d4a53e22fcf.jpg,voc,val,images/voc_1b50add60d4a53e22fcf.jpg
voc_1e1d3214829d7c365132.jpg,voc,val,images/voc_1e1d3214829d7c365132.jpg
voc_238786848d541591e98c.jpg,voc,val,images/voc_238786848d541591e98c.jpg
voc_2ccd02ba40a74546e205.jpg,voc,val,images/voc_2ccd02ba40a74546e205.jpg
voc_2d3cf13079ed6d4e4745.jpg,voc,val,images/voc_2d3cf13079ed6d4e4745.jpg
voc_31508704b3a6106e0182.jpg,voc,val,images/voc_31508704b3a6106e0182.jpg
voc_34324bd436c3756b2c71.jpg,voc,val,images/voc_34324bd436c3756b2c71.jpg
voc_3ab9a208e6a55b79af38.jpg,voc,val,images/voc_3ab9a208e6a55b79af38.jpg
voc_3af9fe549565771fb378.jpg,voc,val,images/voc_3af9fe549565771fb378.jpg
voc_4a1c38d5938738e32752.jpg,voc,val,images/voc_4a1c38d5938738e32752.jpg
voc_4ab261fae86c1d8078a2.jpg,voc,val,images/voc_4ab261fae86c1d8078a2.jpg
voc_4b6b37c72cd8eb090fd5.jpg,voc,val,images/voc_4b6b37c72cd8eb090fd5.jpg
voc_4b87d58eba7c5a0781a9.jpg,voc,val,images/voc_4b87d58eba7c5a0781a9.jpg
voc_4c07c58560d5813812ca.jpg,voc,val,images/voc_4c07c58560d5813812ca.jpg
voc_4f85b6ebee2e3b72a13a.jpg,voc,val,images/voc_4f85b6ebee2e3b72a13a.jpg
voc_52fb0929ea5754a1eff7.jpg,voc,val,images/voc_52fb0929ea5754a1eff7.jpg
voc_53e68f8a15479e977b2d.jpg,voc,val,images/voc_53e68f8a15479e977b2d.jpg
voc_55286a34c19849b908b0.jpg,voc,val,images/voc_55286a34c19849b908b0.jpg
voc_56a2af66c9252d673d35.jpg,voc,val,images/voc_56a2af66c9252d673d35.jpg
voc_57dbea784359c4d91d6f.jpg,voc,val,images/voc_57dbea784359c4d91d6f.jpg
voc_5919866b80513b826363.jpg,voc,val,images/voc_5919866b80513b826363.jpg
voc_5d043eac77f511819091.jpg,voc,val,images/voc_5d043eac77f511819091.jpg
voc_61993855db5144d714a6.jpg,voc,val,images/voc_61993855db5144d714a6.jpg
voc_6b2403f0f6116c621b65.jpg,voc,val,images/voc_6b2403f0f6116c621b65.jpg
voc_6c50ddd35709b3e2097e.jpg,voc,val,images/voc_6c50ddd35709b3e2097e.jpg
voc_6dac761f57085e1e2066.jpg,voc,val,images/voc_6dac761f57085e1e2066.jpg
voc_6eb767c66c59fe17ccd3.jpg,voc,val,images/voc_6eb767c66c59fe17ccd3.jpg
voc_73b44c4bed6da14ca241.jpg,voc,val,images/voc_73b44c4bed6da14ca241.jpg
voc_73fa14eb87baae895e98.jpg,voc,val,images/voc_73fa14eb87baae895e98.jpg
voc_750b93402c37235b6dd5.jpg,voc,val,images/voc_750b93402c37235b6dd5.jpg
voc_763f02d7232c51538674.jpg,voc,val,images/voc_763f02d7232c51538674.jpg
voc_7855a785c4fc6b4106c4.jpg,voc,val,images/voc_7855a785c4fc6b4106c4.jpg
voc_7a429dea776025b3d86e.jpg,voc,val,images/voc_7a429dea776025b3d86e.jpg
voc_7ad451bef3bbedba08e3.jpg,voc,val,images/voc_7ad451bef3bbedba08e3.jpg
voc_7bbe44ed3bd79a3bd6ff.jpg,voc,val,images/voc_7bbe44ed3bd79a3bd6ff.jpg
voc_7de988e718600f9c5cb5.jpg,voc,val,images/voc_7de988e718600f9c5cb5.jpg
voc_7ef218ee8d5df95cc219.jpg,voc,val,images/voc_7ef218ee8d5df95cc219.jpg
voc_805b1c7661dfb1d3d199.jpg,voc,val,images/voc_805b1c7661dfb1d3d199.jpg
voc_81d4a4c412ff1d7439a0.jpg,voc,val,images/voc_81d4a4c412ff1d7439a0.jpg
voc_82692f2e31beb1659af0.jpg,voc,val,images/voc_82692f2e31beb1659af0.jpg
voc_8a9dad694e77ac58b3a7.jpg,voc,val,images/voc_8a9dad694e77ac58b3a7.jpg
voc_8e8e454d7e1341df640c.jpg,voc,val,images/voc_8e8e454d7e1341df640c.jpg
voc_9099d49d8556258cd4ed.jpg,voc,val,images/voc_9099d49d8556258cd4ed.jpg
voc_940e23eb8395f7c7ad81.jpg,voc,val,images/voc_940e23eb8395f7c7ad81.jpg
voc_961cf63cc41069eab1f8.jpg,voc,val,images/voc_961cf63cc41069eab1f8.jpg
voc_99659a292d1cd47baac9.jpg,voc,val,images/voc_99659a292d1cd47baac9.jpg
voc_9a77bc71afc922224b16.jpg,voc,val,images/voc_9a77bc71afc922224b16.jpg
voc_a5561221f1edf564434f.jpg,voc,val,images/voc_a5561221f1edf564434f.jpg
voc_a980cfa38382263e28c6.jpg,voc,val,images/voc_a980cfa38382263e28c6.jpg
voc_ab8677f0a90dd200efb4.jpg,voc,val,images/voc_ab8677f0a90dd200efb4.jpg
voc_ae43d019335da41b70a8.jpg,voc,val,images/voc_ae43d019335da41b70a8.jpg
voc_af138ead8afd7edf2ec7.jpg,voc,val,images/voc_af138ead8afd7edf2ec7.jpg
voc_afb8095f0b6217e19605.jpg,voc,val,images/voc_afb8095f0b6217e19605.jpg
voc_b4830bbfe70a85030c5a.jpg,voc,val,images/voc_b4830bbfe70a85030c5a.jpg
voc_b8c252cd68ce797dd18a.jpg,voc,val,images/voc_b8c252cd68ce797dd18a.jpg
voc_ba02949946e6d0d8300d.jpg,voc,val,images/voc_ba02949946e6d0d8300d.jpg
voc_bd115c8fd91e0ffafba2.jpg,voc,val,images/voc_bd115c8fd91e0ffafba2.jpg
voc_bfe805d5e6a3f7db3fe0.jpg,voc,val,images/voc_bfe805d5e6a3f7db3fe0.jpg
voc_c001e65929832b7e0730.jpg,voc,val,images/voc_c001e65929832b7e0730.jpg
voc_c6c99522f0f7c2b41196.jpg,voc,val,images/voc_c6c99522f0f7c2b41196.jpg
voc_c713b2767685f3abac80.jpg,voc,val,images/voc_c713b2767685f3abac80.jpg
voc_cd13377a0646cab50935.jpg,voc,val,images/voc_cd13377a0646cab50935.jpg
voc_cd7224533ad94770c4c4.jpg,voc,val,images/voc_cd7224533ad94770c4c4.jpg
voc_cda8c74afc50dd302170.jpg,voc,val,images/voc_cda8c74afc50dd302170.jpg
voc_d010445756a66f1ddf9f.jpg,voc,val,images/voc_d010445756a66f1ddf9f.jpg
voc_d1ee31fd9a69993c8e7b.jpg,voc,val,images/voc_d1ee31fd9a69993c8e7b.jpg
voc_d4f7f4604829a1339b18.jpg,voc,val,images/voc_d4f7f4604829a1339b18.jpg
voc_d630b3fd8a1f6e340fe4.jpg,voc,val,images/voc_d630b3fd8a1f6e340fe4.jpg
voc_d6fc62efa0be7b013480.jpg,voc,val,images/voc_d6fc62efa0be7b013480.jpg
voc_d7914bfba753102ae060.jpg,voc,val,images/voc_d7914bfba753102ae060.jpg
voc_d9b5495d219cd8e882f7.jpg,voc,val,images/voc_d9b5495d219cd8e882f7.jpg
voc_da394be1f036a58f5f8b.jpg,voc,val,images/voc_da394be1f036a58f5f8b.jpg
voc_e12611afc98b51a00e4f.jpg,voc,val,images/voc_e12611afc98b51a00e4f.jpg
voc_e31465413299e781f591.jpg,voc,val,images/voc_e31465413299e781f591.jpg
voc_e5644f040684122d2aca.jpg,voc,val,images/voc_e5644f040684122d2aca.jpg
voc_e9e7c8ea09a7bbe40407.jpg,voc,val,images/voc_e9e7c8ea09a7bbe40407.jpg
voc_e9fe1b8c319352e07075.jpg,voc,val,images/voc_e9fe1b8c319352e07075.jpg
voc_eb98aeba070cee8e1c4a.jpg,voc,val,images/voc_eb98aeba070cee8e1c4a.jpg
voc_f35a2a798f6f6f93df73.jpg,voc,val,images/voc_f35a2a798f6f6f93df73.jpg
voc_f57ea27aff16b98c32b6.jpg,voc,val,images/voc_f57ea27aff16b98c32b6.jpg
voc_f5815565f1be679b6bd1.jpg,voc,val,images/voc_f5815565f1be679b6bd1.jpg
voc_fa52ee15addf7261fcfa.jpg,voc,val,images/voc_fa52ee15addf7261fcfa.jpg
voc_fb912395a57bdda81a88.jpg,voc,val,images/voc_fb912395a57bdda81a88.jpg
voc_fc9eef993c5e4d02875d.jpg,voc,val,images/voc_fc9eef993c5e4d02875d.jpg
voc_fd3dee76c96674fb1841.jpg,voc,val,images/voc_fd3dee76c96674fb1841.jpg
voc_fe3e77a8465a0d6ee977.jpg,voc,val,images/voc_fe3e77a8465a0d6ee977.jpg
